"서열표","채보 ID","곡명","난이도","변경 전","변경 후","차이","구분","비고"
"Basic S","1","24の前奏曲より｢雨だれ｣","Normal","1.0","1.5","0.5","상향",""
"Basic S","2","24の前奏曲より｢雨だれ｣","Hard","4.0","4.5","0.5","상향",""
"Basic S","3","24の前奏曲より｢雨だれ｣","Expert","6.9","6.5","-0.4","하향",""
"Basic S","4","3 A.M. ディテクティブ・ゲーム","Normal","3.0","2.7","-0.3","하향",""
"Basic S","5","3 A.M. ディテクティブ・ゲーム","Hard","6.9","6.7","-0.2","하향",""
"Basic S","6","3 A.M. ディテクティブ・ゲーム","Expert","11.3","11.0","-0.3","하향",""
"Basic S","7","3 A.M. ディテクティブ・ゲーム","Real","12.2","11.8","-0.4","하향",""
"Basic S","9","3人の王女と進め","Hard","5.9","6.1","0.2","상향",""
"Basic S","11","50th Memorial Songs -Beginning Story-","Normal","3.0","2.9","-0.1","하향",""
"Basic S","12","50th Memorial Songs -Beginning Story-","Hard","5.9","6.0","0.1","상향",""
"Basic S","13","50th Memorial Songs -Beginning Story-","Expert","10.0","10.3","0.3","상향",""
"Basic S","14","50th Memorial Songs -Flagship medley-","Normal","3.0","2.5","-0.5","하향",""
"Basic S","15","50th Memorial Songs -Flagship medley-","Hard","7.0","6.8","-0.2","하향",""
"Basic S","16","50th Memorial Songs -Flagship medley-","Expert","11.2","11.1","-0.1","하향",""
"Basic S","17","50th Memorial Songs -The BEMANI History-","Normal","3.0","2.9","-0.1","하향",""
"Basic S","18","50th Memorial Songs -The BEMANI History-","Hard","6.9","7.3","0.4","상향",""
"Basic S","20","50th Memorial Songs -二人の時 ～under the cherry blossoms～-","Normal","4.0","3.5","-0.5","하향",""
"Basic S","22","50th Memorial Songs -二人の時 ～under the cherry blossoms～-","Expert","10.0","10.1","0.1","상향",""
"Basic S","23","Afterimage d'automne","Normal","4.0","3.8","-0.2","하향",""
"Basic S","24","Afterimage d'automne","Hard","7.0","7.2","0.2","상향",""
"Basic S","25","Afterimage d'automne","Expert","11.3","11.1","-0.2","하향",""
"Basic S","26","Aftermath","Normal","3.0","2.8","-0.2","하향",""
"Basic S","27","Aftermath","Hard","6.9","7.0","0.1","상향",""
"Basic S","28","Aftermath","Expert","11.3","10.9","-0.4","하향",""
"Basic S","29","Aftermath","Real","12.7","12.4","-0.3","하향",""
"Basic S","30","Altale","Normal","5.0","5.2","0.2","상향",""
"Basic S","31","Altale","Hard","7.2","7.5","0.3","상향",""
"Basic S","33","Altale","Real","12.3","12.2","-0.1","하향",""
"Basic S","34","Ater Regis","Normal","5.0","5.1","0.1","상향",""
"Basic S","35","Ater Regis","Hard","8.9","9.3","0.4","상향",""
"Basic S","36","Ater Regis","Expert","11.3","10.9","-0.4","하향",""
"Basic S","37","Ater Regis","Real","12.7","12.3","-0.4","하향",""
"Basic S","38","Audite Nostalgia","Normal","3.0","3.2","0.2","상향",""
"Basic S","39","Audite Nostalgia","Hard","5.9","5.8","-0.1","하향",""
"Basic S","40","Audite Nostalgia","Expert","9.0","8.7","-0.3","하향",""
"Basic S","42","Ave","Normal","4.0","4.3","0.3","상향",""
"Basic S","43","Ave","Hard","7.9","8.2","0.3","상향",""
"Basic S","44","Ave","Expert","12.3","12.1","-0.2","하향",""
"Basic S","45","Ave","Real","13.7","13.1","-0.6","하향",""
"Basic S","46","Awakening Wings(NOSTALGIA Style)","Normal","3.0","2.6","-0.4","하향",""
"Basic S","47","Awakening Wings(NOSTALGIA Style)","Hard","5.9","5.6","-0.3","하향",""
"Basic S","48","Awakening Wings(NOSTALGIA Style)","Expert","10.0","9.8","-0.2","하향",""
"Basic S","50","BIG SHOT / [[BIG]]の力","Normal","3.0","3.2","0.2","상향",""
"Basic S","51","BIG SHOT / [[BIG]]の力","Hard","5.9","6.1","0.2","상향",""
"Basic S","52","BIG SHOT / [[BIG]]の力","Expert","11.2","11.1","-0.1","하향",""
"Basic S","53","BIG SHOT / [[BIG]]の力","Real","13.3","12.7","-0.6","하향",""
"Basic S","54","BLACK JACKAL(NOSTALGIA Style)","Normal","5.0","4.8","-0.2","하향",""
"Basic S","55","BLACK JACKAL(NOSTALGIA Style)","Hard","6.9","7.3","0.4","상향",""
"Basic S","56","BLACK JACKAL(NOSTALGIA Style)","Expert","11.3","11.4","0.1","상향",""
"Basic S","57","Bad Apple!! feat. nomico","Normal","4.0","4.2","0.2","상향",""
"Basic S","58","Bad Apple!! feat. nomico","Hard","7.0","7.3","0.3","상향",""
"Basic S","59","Bad Apple!! feat. nomico","Expert","10.0","10.3","0.3","상향",""
"Basic S","60","Barbara","Normal","4.0","4.3","0.3","상향",""
"Basic S","61","Barbara","Hard","6.9","7.2","0.3","상향",""
"Basic S","62","Barbara","Expert","12.2","11.7","-0.5","하향",""
"Basic S","63","Barbara","Real","12.7","12.5","-0.2","하향",""
"Basic S","64","Battle Against a True Hero / 本物のヒーローとの戦い","Normal","4.0","4.4","0.4","상향",""
"Basic S","65","Battle Against a True Hero / 本物のヒーローとの戦い","Hard","6.9","7.4","0.5","상향",""
"Basic S","66","Battle Against a True Hero / 本物のヒーローとの戦い","Expert","12.2","11.7","-0.5","하향",""
"Basic S","67","Battle Against a True Hero / 本物のヒーローとの戦い","Real","13.2","13.0","-0.2","하향",""
"Basic S","68","Be a Hero!","Normal","5.0","4.7","-0.3","하향",""
"Basic S","69","Be a Hero!","Hard","8.9","9.3","0.4","상향",""
"Basic S","70","Be a Hero!","Expert","12.3","11.9","-0.4","하향",""
"Basic S","71","Beyond the Ocean","Normal","3.0","2.7","-0.3","하향",""
"Basic S","73","Beyond the Ocean","Expert","10.0","10.1","0.1","상향",""
"Basic S","74","Blind Justice ～Torn souls,Hurt Faiths～","Normal","5.0","5.3","0.3","상향",""
"Basic S","75","Blind Justice ～Torn souls,Hurt Faiths～","Hard","6.9","7.4","0.5","상향",""
"Basic S","76","Blind Justice ～Torn souls,Hurt Faiths～","Expert","10.1","10.2","0.1","상향",""
"Basic S","77","Blind Justice ～Torn souls,Hurt Faiths～","Real","10.7","10.9","0.2","상향",""
"Basic S","78","Bonetrousle","Normal","4.0","4.2","0.2","상향",""
"Basic S","79","Bonetrousle","Hard","6.9","7.4","0.5","상향",""
"Basic S","80","Bonetrousle","Expert","11.4","11.5","0.1","상향",""
"Basic S","82","CHOCOLATE PHILOSOPHY","Normal","4.0","3.9","-0.1","하향",""
"Basic S","83","CHOCOLATE PHILOSOPHY","Hard","5.9","6.1","0.2","상향",""
"Basic S","84","CHOCOLATE PHILOSOPHY","Expert","11.3","11.0","-0.3","하향",""
"Basic S","85","CHOCOLATE PHILOSOPHY","Real","12.2","11.8","-0.4","하향",""
"Basic S","86","COSMIC SYMPHONY","Normal","4.0","3.6","-0.4","하향",""
"Basic S","87","COSMIC SYMPHONY","Hard","7.9","8.0","0.1","상향",""
"Basic S","88","COSMIC SYMPHONY","Expert","11.3","10.8","-0.5","하향",""
"Basic S","89","COSMIC SYMPHONY","Real","12.7","12.3","-0.4","하향",""
"Basic S","90","CandyPop★Showcase","Normal","4.0","3.5","-0.5","하향",""
"Basic S","91","CandyPop★Showcase","Hard","7.1","7.2","0.1","상향",""
"Basic S","92","CandyPop★Showcase","Expert","10.0","9.7","-0.3","하향",""
"Basic S","93","CandyPop★Showcase","Real","12.2","11.6","-0.6","하향",""
"Basic S","94","CaptivAte ～浄化～","Normal","5.0","5.3","0.3","상향",""
"Basic S","95","CaptivAte ～浄化～","Hard","8.0","8.4","0.4","상향",""
"Basic S","97","CaptivAte ～浄化～","Real","10.7","11.2","0.5","상향",""
"Basic S","98","Carezza","Normal","4.0","4.3","0.3","상향",""
"Basic S","99","Carezza","Hard","9.9","10.5","0.6","상향",""
"Basic S","100","Carezza","Expert","13.0","12.2","-0.8","하향",""
"Basic S","101","Catapulted Arch","Normal","4.0","3.8","-0.2","하향",""
"Basic S","102","Catapulted Arch","Hard","8.0","8.1","0.1","상향",""
"Basic S","103","Catapulted Arch","Expert","11.3","11.4","0.1","상향",""
"Basic S","104","Catapulted Arch","Real","12.7","12.4","-0.3","하향",""
"Basic S","105","Catch Our Fire!","Normal","5.0","5.1","0.1","상향",""
"Basic S","106","Catch Our Fire!","Hard","7.9","8.1","0.2","상향",""
"Basic S","107","Catch Our Fire!","Expert","12.3","11.8","-0.5","하향",""
"Basic S","109","Celsus","Hard","6.9","6.7","-0.2","하향",""
"Basic S","110","Celsus","Expert","11.3","11.0","-0.3","하향",""
"Basic S","112","Chronos","Normal","4.0","4.3","0.3","상향",""
"Basic S","113","Chronos","Hard","7.0","7.4","0.4","상향",""
"Basic S","114","Chronos","Expert","11.3","11.2","-0.1","하향",""
"Basic S","115","City of Mirrors","Normal","3.0","2.7","-0.3","하향",""
"Basic S","116","City of Mirrors","Hard","5.9","5.8","-0.1","하향",""
"Basic S","117","City of Mirrors","Expert","8.0","7.6","-0.4","하향",""
"Basic S","118","City of Mirrors","Real","10.7","11.1","0.4","상향",""
"Basic S","119","Claustra","Normal","4.0","4.4","0.4","상향",""
"Basic S","120","Claustra","Hard","7.9","8.4","0.5","상향",""
"Basic S","122","Claustra","Real","13.2","13.0","-0.2","하향",""
"Basic S","123","Colorful Cookie (BEMANI SYMPHONY NOSTALGIA mix)","Normal","3.0","2.5","-0.5","하향",""
"Basic S","124","Colorful Cookie (BEMANI SYMPHONY NOSTALGIA mix)","Hard","6.0","5.6","-0.4","하향",""
"Basic S","125","Colorful Cookie (BEMANI SYMPHONY NOSTALGIA mix)","Expert","9.9","9.5","-0.4","하향",""
"Basic S","126","Colorful Cookie (BEMANI SYMPHONY NOSTALGIA mix)","Real","12.8","12.4","-0.4","하향",""
"Basic S","127","Concertino in Blue","Normal","6.0","6.3","0.3","상향",""
"Basic S","128","Concertino in Blue","Hard","9.1","9.4","0.3","상향",""
"Basic S","129","Concertino in Blue","Expert","12.2","12.0","-0.2","하향",""
"Basic S","130","Concertino in Blue","Real","12.3","12.8","0.5","상향",""
"Basic S","131","Corridor of Reminiscence","Normal","3.0","2.8","-0.2","하향",""
"Basic S","132","Corridor of Reminiscence","Hard","5.9","5.6","-0.3","하향",""
"Basic S","133","Corridor of Reminiscence","Expert","10.0","9.6","-0.4","하향",""
"Basic S","134","Corridor of Reminiscence","Real","12.2","11.5","-0.7","하향",""
"Basic S","135","DUAL STRIKER","Normal","3.0","2.8","-0.2","하향",""
"Basic S","136","DUAL STRIKER","Hard","6.9","6.6","-0.3","하향",""
"Basic S","137","DUAL STRIKER","Expert","11.2","10.7","-0.5","하향",""
"Basic S","138","DUAL STRIKER","Real","12.3","11.9","-0.4","하향",""
"Basic S","139","Danza Pantera","Normal","4.0","3.8","-0.2","하향",""
"Basic S","140","Danza Pantera","Hard","8.0","8.1","0.1","상향",""
"Basic S","141","Danza Pantera","Expert","12.2","11.6","-0.6","하향",""
"Basic S","142","Datte! Brand-New Me!!","Normal","3.0","3.1","0.1","상향",""
"Basic S","144","Datte! Brand-New Me!!","Expert","9.9","10.0","0.1","상향",""
"Basic S","145","Dream of You","Normal","4.0","4.5","0.5","상향",""
"Basic S","146","Dream of You","Hard","6.9","7.4","0.5","상향",""
"Basic S","147","Dream of You","Expert","9.9","10.4","0.5","상향",""
"Basic S","148","Dream of You","Real","10.6","11.3","0.7","상향",""
"Basic S","149","Drive in Sunday","Normal","4.0","3.7","-0.3","하향",""
"Basic S","151","Drive in Sunday","Expert","11.3","11.0","-0.3","하향",""
"Basic S","152","Dust In The World","Normal","5.0","4.8","-0.2","하향",""
"Basic S","153","Dust In The World","Hard","6.9","6.8","-0.1","하향",""
"Basic S","154","Dust In The World","Expert","12.2","11.9","-0.3","하향",""
"Basic S","155","Dust In The World","Real","13.0","12.7","-0.3","하향",""
"Basic S","156","EBONY & IVORY","Normal","4.0","3.6","-0.4","하향",""
"Basic S","157","EBONY & IVORY","Hard","7.9","7.8","-0.1","하향",""
"Basic S","158","EBONY & IVORY","Expert","12.2","11.6","-0.6","하향",""
"Basic S","159","EBONY & IVORY","Real","13.5","13.0","-0.5","하향",""
"Basic S","160","Echoes of Oblivion","Normal","3.0","3.5","0.5","상향",""
"Basic S","161","Echoes of Oblivion","Hard","5.9","6.3","0.4","상향",""
"Basic S","162","Echoes of Oblivion","Expert","9.0","9.1","0.1","상향",""
"Basic S","163","Echoes of Oblivion","Real","10.6","11.2","0.6","상향",""
"Basic S","164","Eine Haube ～聖地の果てにあるもの～","Normal","3.0","2.9","-0.1","하향",""
"Basic S","165","Eine Haube ～聖地の果てにあるもの～","Hard","6.9","6.6","-0.3","하향",""
"Basic S","166","Eine Haube ～聖地の果てにあるもの～","Expert","11.3","10.8","-0.5","하향",""
"Basic S","167","Eine Haube ～聖地の果てにあるもの～","Real","12.8","12.4","-0.4","하향",""
"Basic S","168","Element of SPADA","Normal","2.0","1.8","-0.2","하향",""
"Basic S","169","Element of SPADA","Hard","4.9","4.7","-0.2","하향",""
"Basic S","170","Element of SPADA","Expert","8.0","7.6","-0.4","하향",""
"Basic S","171","Element of SPADA","Real","11.4","11.5","0.1","상향",""
"Basic S","172","Element of SPADA (BEMANI SYMPHONY NOSTALGIA mix)","Normal","4.0","3.7","-0.3","하향",""
"Basic S","174","Element of SPADA (BEMANI SYMPHONY NOSTALGIA mix)","Expert","9.9","9.7","-0.2","하향",""
"Basic S","175","Element of SPADA (BEMANI SYMPHONY NOSTALGIA mix)","Real","11.4","11.5","0.1","상향",""
"Basic S","176","Elemental Creation","Normal","5.0","4.6","-0.4","하향",""
"Basic S","177","Elemental Creation","Hard","8.8","9.2","0.4","상향",""
"Basic S","178","Elemental Creation","Expert","12.2","11.7","-0.5","하향",""
"Basic S","179","Elemental Creation","Real","13.6","13.1","-0.5","하향",""
"Basic S","180","Empathetic","Normal","4.0","3.6","-0.4","하향",""
"Basic S","181","Empathetic","Hard","7.9","7.8","-0.1","하향",""
"Basic S","182","Empathetic","Expert","11.2","10.8","-0.4","하향",""
"Basic S","183","Empathetic","Real","12.3","11.9","-0.4","하향",""
"Basic S","184","Endless Chain ～2人でトリガーをひこう～","Normal","3.0","3.1","0.1","상향",""
"Basic S","185","Endless Chain ～2人でトリガーをひこう～","Hard","5.9","5.8","-0.1","하향",""
"Basic S","186","Endless Chain ～2人でトリガーをひこう～","Expert","9.9","9.8","-0.1","하향",""
"Basic S","187","Endless Chain ～2人でトリガーをひこう～","Real","10.6","10.7","0.1","상향",""
"Basic S","188","Enigmatic Synchronization","Normal","5.0","5.3","0.3","상향",""
"Basic S","189","Enigmatic Synchronization","Hard","8.1","8.2","0.1","상향",""
"Basic S","190","Enigmatic Synchronization","Expert","11.3","10.7","-0.6","하향",""
"Basic S","191","Enigmatic Synchronization","Real","12.3","12.0","-0.3","하향",""
"Basic S","192","Ensemble Forecast 3/28","Normal","3.0","2.7","-0.3","하향",""
"Basic S","193","Ensemble Forecast 3/28","Hard","7.0","6.8","-0.2","하향",""
"Basic S","195","Ensemble Forecast 3/28","Real","12.2","11.7","-0.5","하향",""
"Basic S","196","Eurasian Journey","Normal","4.0","3.9","-0.1","하향",""
"Basic S","197","Eurasian Journey","Hard","6.9","7.1","0.2","상향",""
"Basic S","198","Eurasian Journey","Expert","10.0","10.3","0.3","상향",""
"Basic S","199","Eurasian Journey","Real","12.2","11.9","-0.3","하향",""
"Basic S","200","Evans","Normal","6.0","6.4","0.4","상향",""
"Basic S","201","Evans","Hard","10.0","10.5","0.5","상향",""
"Basic S","203","Evans","Real","12.7","12.4","-0.3","하향",""
"Basic S","205","Everlasting Message (BEMANI SYMPHONY NOSTALGIA mix)","Hard","6.9","7.0","0.1","상향",""
"Basic S","207","Everlasting Message (BEMANI SYMPHONY NOSTALGIA mix)","Real","12.4","12.1","-0.3","하향",""
"Basic S","208","FLOWER (BEMANI SYMPHONY NOSTALGIA mix)","Normal","3.0","2.8","-0.2","하향",""
"Basic S","209","FLOWER (BEMANI SYMPHONY NOSTALGIA mix)","Hard","6.9","6.7","-0.2","하향",""
"Basic S","210","FLOWER (BEMANI SYMPHONY NOSTALGIA mix)","Expert","11.3","11.1","-0.2","하향",""
"Basic S","211","FLOWER (BEMANI SYMPHONY NOSTALGIA mix)","Real","12.8","12.5","-0.3","하향",""
"Basic S","212","FLOWER ～live pf addition～","Normal","4.0","3.6","-0.4","하향",""
"Basic S","213","FLOWER ～live pf addition～","Hard","7.2","7.5","0.3","상향",""
"Basic S","214","FLOWER ～live pf addition～","Expert","12.3","11.9","-0.4","하향",""
"Basic S","215","FLOWER ～live pf addition～","Real","13.8","13.6","-0.2","하향",""
"Basic S","216","Far east nightbird","Normal","4.0","3.6","-0.4","하향",""
"Basic S","217","Far east nightbird","Hard","7.0","6.7","-0.3","하향",""
"Basic S","218","Far east nightbird","Expert","11.3","11.1","-0.2","하향",""
"Basic S","219","Far east nightbird","Real","12.2","11.7","-0.5","하향",""
"Basic S","220","Fear the Merry","Normal","4.0","4.1","0.1","상향",""
"Basic S","221","Fear the Merry","Hard","7.9","8.0","0.1","상향",""
"Basic S","222","Fear the Merry","Expert","12.3","12.1","-0.2","하향",""
"Basic S","223","Field of Hopes and Dreams / 夢と希望の平原","Normal","4.0","4.1","0.1","상향",""
"Basic S","224","Field of Hopes and Dreams / 夢と希望の平原","Hard","5.9","6.1","0.2","상향",""
"Basic S","225","Field of Hopes and Dreams / 夢と希望の平原","Expert","11.1","10.7","-0.4","하향",""
"Basic S","226","Field of Hopes and Dreams / 夢と希望の平原","Real","12.8","12.5","-0.3","하향",""
"Basic S","227","Fly far bounce","Normal","4.0","4.4","0.4","상향",""
"Basic S","228","Fly far bounce","Hard","7.0","7.3","0.3","상향",""
"Basic S","229","Fly far bounce","Expert","9.9","10.2","0.3","상향",""
"Basic S","230","Fly far bounce","Real","12.3","12.0","-0.3","하향",""
"Basic S","232","Forgery","Hard","6.9","7.0","0.1","상향",""
"Basic S","233","Forgery","Expert","12.2","11.6","-0.6","하향",""
"Basic S","234","Forgery","Real","12.8","12.6","-0.2","하향",""
"Basic S","235","Fortuna ～フォルトゥーナ～","Normal","2.0","1.6","-0.4","하향",""
"Basic S","236","Fortuna ～フォルトゥーナ～","Hard","5.0","4.6","-0.4","하향",""
"Basic S","237","Fortuna ～フォルトゥーナ～","Expert","9.0","8.6","-0.4","하향",""
"Basic S","238","Frozen Ray -nostal mix-","Normal","3.0","2.8","-0.2","하향",""
"Basic S","239","Frozen Ray -nostal mix-","Hard","6.0","5.7","-0.3","하향",""
"Basic S","240","Frozen Ray -nostal mix-","Expert","9.9","9.7","-0.2","하향",""
"Basic S","241","Fuego","Normal","4.0","3.8","-0.2","하향",""
"Basic S","242","Fuego","Hard","7.9","8.0","0.1","상향",""
"Basic S","243","Fuego","Expert","11.3","11.4","0.1","상향",""
"Basic S","244","Fuego","Real","13.3","12.9","-0.4","하향",""
"Basic S","245","GAIA","Normal","3.0","2.6","-0.4","하향",""
"Basic S","246","GAIA","Hard","7.9","7.7","-0.2","하향",""
"Basic S","247","GAIA","Expert","12.2","11.6","-0.6","하향",""
"Basic S","248","GAIA","Real","13.3","12.9","-0.4","하향",""
"Basic S","249","GHOST KINGDOM","Normal","4.0","4.2","0.2","상향",""
"Basic S","251","GHOST KINGDOM","Expert","11.2","11.1","-0.1","하향",""
"Basic S","252","GHOST KINGDOM","Real","12.2","11.8","-0.4","하향",""
"Basic S","253","Gamja Dog","Normal","4.0","3.9","-0.1","하향",""
"Basic S","255","Gamja Dog","Expert","11.3","11.4","0.1","상향",""
"Basic S","256","Gamja Dog","Real","12.6","12.5","-0.1","하향",""
"Basic S","257","Globe Glitter","Normal","4.0","3.7","-0.3","하향",""
"Basic S","258","Globe Glitter","Hard","7.9","7.7","-0.2","하향",""
"Basic S","259","Globe Glitter","Expert","12.2","11.7","-0.5","하향",""
"Basic S","260","Globe Glitter","Real","12.8","12.4","-0.4","하향",""
"Basic S","261","Good bye, Summer～さよならは言わない～","Normal","3.0","2.6","-0.4","하향",""
"Basic S","262","Good bye, Summer～さよならは言わない～","Hard","5.9","5.6","-0.3","하향",""
"Basic S","263","Good bye, Summer～さよならは言わない～","Expert","9.9","9.5","-0.4","하향",""
"Basic S","264","Good bye, Summer～さよならは言わない～","Real","12.2","11.6","-0.6","하향",""
"Basic S","265","Groovin' Keys","Normal","4.0","3.7","-0.3","하향",""
"Basic S","266","Groovin' Keys","Hard","5.9","5.7","-0.2","하향",""
"Basic S","268","Groovin' Keys","Real","12.3","12.0","-0.3","하향",""
"Basic S","269","Happy Birthday to You","Normal","3.0","3.5","0.5","상향",""
"Basic S","270","Happy Birthday to You","Hard","7.1","7.5","0.4","상향",""
"Basic S","271","Happy Birthday to You","Expert","10.0","10.3","0.3","상향",""
"Basic S","272","Happy Birthday to You","Real","10.7","11.3","0.6","상향",""
"Basic S","273","Harmonia","Normal","5.0","4.9","-0.1","하향",""
"Basic S","274","Harmonia","Hard","6.9","7.4","0.5","상향",""
"Basic S","275","Harmonia","Expert","11.3","10.9","-0.4","하향",""
"Basic S","276","Harmonia","Real","12.3","11.8","-0.5","하향",""
"Basic S","277","Ha・lle・lu・jah","Normal","3.0","2.7","-0.3","하향",""
"Basic S","278","Ha・lle・lu・jah","Hard","5.9","6.0","0.1","상향",""
"Basic S","279","Ha・lle・lu・jah","Expert","10.0","9.9","-0.1","하향",""
"Basic S","280","Ha・lle・lu・jah","Real","12.3","12.1","-0.2","하향",""
"Basic S","281","Holy Snow","Normal","3.0","3.2","0.2","상향",""
"Basic S","282","Holy Snow","Hard","6.9","7.0","0.1","상향",""
"Basic S","283","Holy Snow","Expert","12.2","11.9","-0.3","하향",""
"Basic S","285","Homesick Pt.2&3 (Nostalgia Edition)","Hard","5.9","5.8","-0.1","하향",""
"Basic S","286","Homesick Pt.2&3 (Nostalgia Edition)","Expert","9.0","8.8","-0.2","하향",""
"Basic S","287","Homesick Pt.2&3 (Nostalgia Edition)","Real","10.6","10.7","0.1","상향",""
"Basic S","288","Hopes and Dreams / 夢と希望","Normal","3.0","3.2","0.2","상향",""
"Basic S","289","Hopes and Dreams / 夢と希望","Hard","6.0","6.3","0.3","상향",""
"Basic S","290","Hopes and Dreams / 夢と希望","Expert","11.3","10.8","-0.5","하향",""
"Basic S","291","Hopes and Dreams / 夢と希望","Real","12.3","11.7","-0.6","하향",""
"Basic S","292","I","Normal","2.0","2.3","0.3","상향",""
"Basic S","293","I","Hard","4.9","5.2","0.3","상향",""
"Basic S","294","I","Expert","7.0","6.5","-0.5","하향",""
"Basic S","295","I","Real","10.0","9.9","-0.1","하향",""
"Basic S","296","I and I","Normal","4.0","4.2","0.2","상향",""
"Basic S","297","I and I","Hard","6.9","7.1","0.2","상향",""
"Basic S","298","I and I","Expert","12.2","11.6","-0.6","하향",""
"Basic S","299","I and I","Real","12.8","12.6","-0.2","하향",""
"Basic S","300","I'm so Happy","Normal","4.0","3.5","-0.5","하향",""
"Basic S","301","I'm so Happy","Hard","6.9","6.6","-0.3","하향",""
"Basic S","302","I'm so Happy","Expert","12.2","11.5","-0.7","하향",""
"Basic S","303","I'm so Happy","Real","12.8","12.3","-0.5","하향",""
"Basic S","304","IX","Normal","4.0","3.7","-0.3","하향",""
"Basic S","305","IX","Hard","8.9","9.2","0.3","상향",""
"Basic S","306","IX","Expert","12.2","11.6","-0.6","하향",""
"Basic S","307","IX","Real","14.0","13.2","-0.8","하향",""
"Basic S","308","Idola","Normal","5.0","4.8","-0.2","하향",""
"Basic S","310","Idola","Expert","12.2","11.7","-0.5","하향",""
"Basic S","311","Illegal Harmony","Normal","4.0","3.5","-0.5","하향",""
"Basic S","312","Illegal Harmony","Hard","6.9","6.7","-0.2","하향",""
"Basic S","313","Illegal Harmony","Expert","12.3","11.8","-0.5","하향",""
"Basic S","314","Illegal Harmony","Real","12.8","12.4","-0.4","하향",""
"Basic S","315","Indigo Nocturne","Normal","4.0","3.7","-0.3","하향",""
"Basic S","316","Indigo Nocturne","Hard","6.9","6.7","-0.2","하향",""
"Basic S","317","Indigo Nocturne","Expert","12.2","11.6","-0.6","하향",""
"Basic S","318","Indigo Nocturne","Real","13.4","12.9","-0.5","하향",""
"Basic S","319","JOMANDA (BEMANI SYMPHONY NOSTALGIA mix)","Normal","4.0","3.6","-0.4","하향",""
"Basic S","320","JOMANDA (BEMANI SYMPHONY NOSTALGIA mix)","Hard","6.9","6.8","-0.1","하향",""
"Basic S","321","JOMANDA (BEMANI SYMPHONY NOSTALGIA mix)","Expert","11.2","10.8","-0.4","하향",""
"Basic S","322","JOMANDA (BEMANI SYMPHONY NOSTALGIA mix)","Real","12.7","12.4","-0.3","하향",""
"Basic S","323","Je te veux","Normal","3.0","3.5","0.5","상향",""
"Basic S","324","Je te veux","Hard","5.9","6.4","0.5","상향",""
"Basic S","325","Je te veux","Expert","7.9","7.7","-0.2","하향",""
"Basic S","326","Jetcoaster Windy","Normal","4.0","3.6","-0.4","하향",""
"Basic S","327","Jetcoaster Windy","Hard","6.9","6.7","-0.2","하향",""
"Basic S","328","Jetcoaster Windy","Expert","11.2","10.6","-0.6","하향",""
"Basic S","329","Jetcoaster Windy","Real","12.7","12.3","-0.4","하향",""
"Basic S","330","Just Be Friends","Normal","2.0","2.1","0.1","상향",""
"Basic S","332","Just Be Friends","Expert","9.0","8.7","-0.3","하향",""
"Basic S","333","KETER","Normal","4.0","4.1","0.1","상향",""
"Basic S","334","KETER","Hard","6.9","7.2","0.3","상향",""
"Basic S","335","KETER","Expert","11.2","11.1","-0.1","하향",""
"Basic S","336","KETER","Real","12.3","11.9","-0.4","하향",""
"Basic S","338","KOUYOU","Hard","5.9","6.1","0.2","상향",""
"Basic S","339","KOUYOU","Expert","9.0","8.6","-0.4","하향",""
"Basic S","340","LIKE A VAMPIRE","Normal","3.0","2.5","-0.5","하향",""
"Basic S","341","LIKE A VAMPIRE","Hard","5.9","5.5","-0.4","하향",""
"Basic S","342","LIKE A VAMPIRE","Expert","9.9","9.5","-0.4","하향",""
"Basic S","343","LIKE A VAMPIRE","Real","12.3","11.8","-0.5","하향",""
"Basic S","344","La fame di Adria","Normal","4.0","3.6","-0.4","하향",""
"Basic S","345","La fame di Adria","Hard","7.9","7.8","-0.1","하향",""
"Basic S","346","La fame di Adria","Expert","11.3","11.2","-0.1","하향",""
"Basic S","347","La fame di Adria","Real","12.7","12.5","-0.2","하향",""
"Basic S","348","Lachryma《Re:Queen’M》 (BEMANI SYMPHONY NOSTALGIA mix)","Normal","4.0","4.3","0.3","상향",""
"Basic S","350","Lachryma《Re:Queen’M》 (BEMANI SYMPHONY NOSTALGIA mix)","Expert","12.3","11.9","-0.4","하향",""
"Basic S","351","Lachryma《Re:Queen’M》 (BEMANI SYMPHONY NOSTALGIA mix)","Real","13.6","13.1","-0.5","하향",""
"Basic S","352","Last Twilight","Normal","4.0","3.9","-0.1","하향",""
"Basic S","353","Last Twilight","Hard","7.0","7.2","0.2","상향",""
"Basic S","354","Last Twilight","Expert","12.3","11.8","-0.5","하향",""
"Basic S","356","Le Vent","Hard","8.0","8.4","0.4","상향",""
"Basic S","357","Le Vent","Expert","11.2","11.1","-0.1","하향",""
"Basic S","358","Le Vent","Real","12.7","12.4","-0.3","하향",""
"Basic S","360","Leviathan","Hard","7.0","6.8","-0.2","하향",""
"Basic S","361","Leviathan","Expert","11.4","11.3","-0.1","하향",""
"Basic S","362","Leviathan","Real","13.4","12.7","-0.7","하향",""
"Basic S","363","Life is beautiful","Normal","4.0","3.9","-0.1","하향",""
"Basic S","366","Limitation","Normal","3.0","2.8","-0.2","하향",""
"Basic S","368","Limitation","Expert","11.3","10.8","-0.5","하향",""
"Basic S","369","Lisa-RICCIA (BEMANI SYMPHONY NOSTALGIA mix)","Normal","3.0","3.1","0.1","상향",""
"Basic S","371","Lisa-RICCIA (BEMANI SYMPHONY NOSTALGIA mix)","Expert","11.2","10.9","-0.3","하향",""
"Basic S","372","Lisa-RICCIA (BEMANI SYMPHONY NOSTALGIA mix)","Real","13.3","12.8","-0.5","하향",""
"Basic S","373","Little Prayer","Normal","4.0","3.8","-0.2","하향",""
"Basic S","375","Little Prayer","Expert","12.2","11.6","-0.6","하향",""
"Basic S","376","Little Prayer","Real","13.1","12.8","-0.3","하향",""
"Basic S","377","Lord=Crossight","Normal","3.0","2.7","-0.3","하향",""
"Basic S","378","Lord=Crossight","Hard","7.9","8.0","0.1","상향",""
"Basic S","380","Lord=Crossight","Real","12.9","12.6","-0.3","하향",""
"Basic S","381","MAGICAL SUMMER SMILE","Normal","4.0","3.8","-0.2","하향",""
"Basic S","382","MAGICAL SUMMER SMILE","Hard","6.9","6.7","-0.2","하향",""
"Basic S","383","MAGICAL SUMMER SMILE","Expert","11.3","11.0","-0.3","하향",""
"Basic S","384","MAGICAL SUMMER SMILE","Real","12.7","12.3","-0.4","하향",""
"Basic S","386","MEGALOVANIA","Hard","7.9","8.4","0.5","상향",""
"Basic S","387","MEGALOVANIA","Expert","12.2","11.7","-0.5","하향",""
"Basic S","388","MEGALOVANIA","Real","12.8","12.7","-0.1","하향",""
"Basic S","389","MONOLITH","Normal","4.0","3.5","-0.5","하향",""
"Basic S","390","MONOLITH","Hard","7.0","7.4","0.4","상향",""
"Basic S","391","MONOLITH","Expert","11.3","11.1","-0.2","하향",""
"Basic S","392","Manhattan","Normal","4.0","4.3","0.3","상향",""
"Basic S","394","Manhattan","Expert","10.0","10.1","0.1","상향",""
"Basic S","395","Marigold (Jazzy Hip-Hop Remix)","Normal","3.0","2.6","-0.4","하향",""
"Basic S","396","Marigold (Jazzy Hip-Hop Remix)","Hard","5.9","5.5","-0.4","하향",""
"Basic S","397","Marigold (Jazzy Hip-Hop Remix)","Expert","11.2","10.5","-0.7","하향",""
"Basic S","398","Marigold (Jazzy Hip-Hop Remix)","Real","11.4","11.5","0.1","상향",""
"Basic S","399","Metamorphic","Normal","4.0","3.8","-0.2","하향",""
"Basic S","400","Metamorphic","Hard","6.9","6.7","-0.2","하향",""
"Basic S","402","Metamorphic","Real","12.7","12.3","-0.4","하향",""
"Basic S","403","Mighty Guy","Normal","3.0","2.6","-0.4","하향",""
"Basic S","404","Mighty Guy","Hard","6.9","6.6","-0.3","하향",""
"Basic S","405","Mighty Guy","Expert","10.0","9.5","-0.5","하향",""
"Basic S","407","Milky Way Star(Extended Ver.)","Hard","5.9","5.8","-0.1","하향",""
"Basic S","408","Milky Way Star(Extended Ver.)","Expert","10.0","9.8","-0.2","하향",""
"Basic S","409","Milky Way Star(Extended Ver.)","Real","12.2","11.6","-0.6","하향",""
"Basic S","410","Miroir Riorim","Normal","5.0","5.3","0.3","상향",""
"Basic S","411","Miroir Riorim","Hard","9.1","9.4","0.3","상향",""
"Basic S","412","Miroir Riorim","Expert","12.3","12.0","-0.3","하향",""
"Basic S","414","Missing in the snow","Hard","6.0","6.3","0.3","상향",""
"Basic S","415","Missing in the snow","Expert","10.0","10.1","0.1","상향",""
"Basic S","416","Missing in the snow","Real","12.3","12.1","-0.2","하향",""
"Basic S","417","Moonstone","Normal","3.0","3.1","0.1","상향",""
"Basic S","418","Moonstone","Hard","6.9","6.7","-0.2","하향",""
"Basic S","420","Moonstone","Real","12.7","12.8","0.1","상향",""
"Basic S","421","My Little Snowman","Normal","3.0","2.9","-0.1","하향",""
"Basic S","423","My Little Snowman","Expert","9.0","8.8","-0.2","하향",""
"Basic S","424","My Little Snowman","Real","10.6","10.7","0.1","상향",""
"Basic S","425","My dear child, mother's arm","Normal","3.0","3.2","0.2","상향",""
"Basic S","426","My dear child, mother's arm","Hard","5.0","4.9","-0.1","하향",""
"Basic S","427","My dear child, mother's arm","Expert","9.0","8.9","-0.1","하향",""
"Basic S","428","NEGAI","Normal","3.0","3.3","0.3","상향",""
"Basic S","429","NEGAI","Hard","6.9","7.4","0.5","상향",""
"Basic S","430","NEGAI","Expert","11.3","11.4","0.1","상향",""
"Basic S","431","NEGAI","Real","13.2","12.7","-0.5","하향",""
"Basic S","432","Noah's song","Normal","3.0","3.4","0.4","상향",""
"Basic S","433","Noah's song","Hard","7.0","7.1","0.1","상향",""
"Basic S","435","Noah's song","Real","10.7","11.1","0.4","상향",""
"Basic S","436","Noah's song of collapse","Normal","4.0","4.4","0.4","상향",""
"Basic S","437","Noah's song of collapse","Hard","8.1","8.2","0.1","상향",""
"Basic S","438","Noah's song of collapse","Expert","12.3","11.7","-0.6","하향",""
"Basic S","439","Noah's song of collapse","Real","13.7","13.0","-0.7","하향",""
"Basic S","441","Northern Cross","Hard","7.9","8.3","0.4","상향",""
"Basic S","442","Northern Cross","Expert","12.2","11.6","-0.6","하향",""
"Basic S","443","Northern Cross","Real","12.8","12.5","-0.3","하향",""
"Basic S","444","Note d'Azur","Normal","4.0","3.9","-0.1","하향",""
"Basic S","445","Note d'Azur","Hard","7.0","7.1","0.1","상향",""
"Basic S","446","Note d'Azur","Expert","12.2","12.1","-0.1","하향",""
"Basic S","447","On top of the world","Normal","4.0","3.6","-0.4","하향",""
"Basic S","448","On top of the world","Hard","7.0","6.7","-0.3","하향",""
"Basic S","449","On top of the world","Expert","12.2","11.6","-0.6","하향",""
"Basic S","450","On top of the world","Real","13.1","12.6","-0.5","하향",""
"Basic S","451","Once Upon a Time / むかしむかし…","Normal","1.0","1.3","0.3","상향",""
"Basic S","452","Once Upon a Time / むかしむかし…","Hard","5.0","4.9","-0.1","하향",""
"Basic S","453","Once Upon a Time / むかしむかし…","Expert","9.9","9.6","-0.3","하향",""
"Basic S","454","Once Upon a Time / むかしむかし…","Real","13.0","12.2","-0.8","하향",""
"Basic S","455","Owls","Normal","4.0","4.2","0.2","상향",""
"Basic S","456","Owls","Hard","6.9","7.3","0.4","상향",""
"Basic S","458","Owls","Real","12.2","11.9","-0.3","하향",""
"Basic S","459","PF flowing","Normal","4.0","4.3","0.3","상향",""
"Basic S","460","PF flowing","Hard","8.1","8.3","0.2","상향",""
"Basic S","461","PF flowing","Expert","11.3","11.2","-0.1","하향",""
"Basic S","462","PF flowing","Real","12.3","12.0","-0.3","하향",""
"Basic S","463","PLEASURE STREAM","Normal","5.0","4.7","-0.3","하향",""
"Basic S","464","PLEASURE STREAM","Hard","8.0","8.3","0.3","상향",""
"Basic S","465","PLEASURE STREAM","Expert","10.0","9.9","-0.1","하향",""
"Basic S","466","PLEASURE STREAM","Real","10.7","11.2","0.5","상향",""
"Basic S","467","PON☆PON☆PARADE","Normal","3.0","2.8","-0.2","하향",""
"Basic S","468","PON☆PON☆PARADE","Hard","6.9","6.7","-0.2","하향",""
"Basic S","469","PON☆PON☆PARADE","Expert","12.2","11.6","-0.6","하향",""
"Basic S","470","PON☆PON☆PARADE","Real","12.7","12.4","-0.3","하향",""
"Basic S","471","PUNISHER","Normal","4.0","3.7","-0.3","하향",""
"Basic S","472","PUNISHER","Hard","6.9","6.6","-0.3","하향",""
"Basic S","473","PUNISHER","Expert","10.0","9.9","-0.1","하향",""
"Basic S","474","PUNISHER","Real","12.7","12.3","-0.4","하향",""
"Basic S","475","Pee-wee Boogie","Normal","5.0","5.5","0.5","상향",""
"Basic S","476","Pee-wee Boogie","Hard","8.0","8.5","0.5","상향",""
"Basic S","477","Pee-wee Boogie","Expert","11.3","11.4","0.1","상향",""
"Basic S","478","Pee-wee Boogie","Real","12.7","12.6","-0.1","하향",""
"Basic S","479","Petite Queen","Normal","4.0","4.3","0.3","상향",""
"Basic S","480","Petite Queen","Hard","6.9","7.4","0.5","상향",""
"Basic S","482","Petite Queen","Real","12.7","12.3","-0.4","하향",""
"Basic S","483","Philsomia","Normal","4.0","4.5","0.5","상향",""
"Basic S","484","Philsomia","Hard","7.0","7.5","0.5","상향",""
"Basic S","485","Philsomia","Expert","12.3","12.2","-0.1","하향",""
"Basic S","486","Ping×Pong×Dash","Normal","3.0","2.9","-0.1","하향",""
"Basic S","487","Ping×Pong×Dash","Hard","4.9","4.6","-0.3","하향",""
"Basic S","488","Ping×Pong×Dash","Expert","7.9","7.6","-0.3","하향",""
"Basic S","491","Pink Rose","Hard","6.9","7.2","0.3","상향",""
"Basic S","492","Pink Rose","Expert","9.0","8.9","-0.1","하향",""
"Basic S","493","Preserved Valkyria","Normal","6.0","6.4","0.4","상향",""
"Basic S","494","Preserved Valkyria","Hard","9.1","9.5","0.4","상향",""
"Basic S","495","Preserved Valkyria","Expert","11.3","11.4","0.1","상향",""
"Basic S","496","Preserved Valkyria","Real","12.4","12.8","0.4","상향",""
"Basic S","497","Presto","Normal","4.0","3.7","-0.3","하향",""
"Basic S","499","Presto","Expert","12.3","12.0","-0.3","하향",""
"Basic S","501","Prey","Hard","9.0","9.3","0.3","상향",""
"Basic S","502","Prey","Expert","12.3","12.1","-0.2","하향",""
"Basic S","503","Puberty Dysthymia","Normal","4.0","4.4","0.4","상향",""
"Basic S","504","Puberty Dysthymia","Hard","6.9","7.4","0.5","상향",""
"Basic S","505","Puberty Dysthymia","Expert","11.3","11.5","0.2","상향",""
"Basic S","506","REcorrection","Normal","3.0","2.6","-0.4","하향",""
"Basic S","507","REcorrection","Hard","5.9","5.7","-0.2","하향",""
"Basic S","508","REcorrection","Expert","11.1","10.6","-0.5","하향",""
"Basic S","510","ROOM","Normal","3.0","2.9","-0.1","하향",""
"Basic S","511","ROOM","Hard","5.9","6.2","0.3","상향",""
"Basic S","512","ROOM","Expert","10.0","10.2","0.2","상향",""
"Basic S","513","Rampage☆Rag","Normal","4.0","3.5","-0.5","하향",""
"Basic S","514","Rampage☆Rag","Hard","8.0","7.8","-0.2","하향",""
"Basic S","515","Rampage☆Rag","Expert","12.2","11.6","-0.6","하향",""
"Basic S","516","Rampage☆Rag","Real","12.9","12.8","-0.1","하향",""
"Basic S","517","Rapunzel","Normal","4.0","4.2","0.2","상향",""
"Basic S","518","Rapunzel","Hard","6.0","6.3","0.3","상향",""
"Basic S","519","Rapunzel","Expert","9.0","9.1","0.1","상향",""
"Basic S","520","Rapunzel","Real","10.6","10.8","0.2","상향",""
"Basic S","521","Red Cape Theorem","Normal","4.0","4.2","0.2","상향",""
"Basic S","522","Red Cape Theorem","Hard","6.9","7.2","0.3","상향",""
"Basic S","523","Red Cape Theorem","Expert","11.2","11.0","-0.2","하향",""
"Basic S","524","Red Cape Theorem","Real","12.3","12.0","-0.3","하향",""
"Basic S","525","Rejoin","Normal","4.0","4.3","0.3","상향",""
"Basic S","526","Rejoin","Hard","6.9","7.2","0.3","상향",""
"Basic S","528","Replica","Normal","5.0","4.7","-0.3","하향",""
"Basic S","529","Replica","Hard","6.9","7.3","0.4","상향",""
"Basic S","530","Replica","Expert","9.0","8.8","-0.2","하향",""
"Basic S","531","Replica","Real","10.6","10.5","-0.1","하향",""
"Basic S","532","Ride on the Light","Normal","4.0","3.5","-0.5","하향",""
"Basic S","534","Ride on the Light","Expert","9.0","8.8","-0.2","하향",""
"Basic S","535","SAMBA DE NISHI-NIPPON","Normal","3.0","3.3","0.3","상향",""
"Basic S","536","SAMBA DE NISHI-NIPPON","Hard","7.0","7.3","0.3","상향",""
"Basic S","537","SAMBA DE NISHI-NIPPON","Expert","12.3","12.1","-0.2","하향",""
"Basic S","538","SHION","Normal","3.0","2.9","-0.1","하향",""
"Basic S","539","SHION","Hard","6.9","6.6","-0.3","하향",""
"Basic S","540","SHION","Expert","10.0","9.7","-0.3","하향",""
"Basic S","541","SHION","Real","12.7","12.3","-0.4","하향",""
"Basic S","542","STULTI","Normal","4.0","4.1","0.1","상향",""
"Basic S","543","STULTI","Hard","7.9","8.2","0.3","상향",""
"Basic S","544","STULTI","Expert","12.2","11.8","-0.4","하향",""
"Basic S","545","STULTI","Real","12.8","12.7","-0.1","하향",""
"Basic S","549","Sakura Sunrise","Normal","5.0","5.2","0.2","상향",""
"Basic S","550","Sakura Sunrise","Hard","8.9","9.2","0.3","상향",""
"Basic S","551","Sakura Sunrise","Expert","12.2","11.8","-0.4","하향",""
"Basic S","552","Scandal","Normal","4.0","4.1","0.1","상향",""
"Basic S","555","Seyana.～何でも言うことを聞いてくれるアカネチャン～","Normal","4.0","3.8","-0.2","하향",""
"Basic S","556","Seyana.～何でも言うことを聞いてくれるアカネチャン～","Hard","6.9","7.3","0.4","상향",""
"Basic S","557","Seyana.～何でも言うことを聞いてくれるアカネチャン～","Expert","11.2","11.0","-0.2","하향",""
"Basic S","558","Seyana.～何でも言うことを聞いてくれるアカネチャン～","Real","12.3","11.9","-0.4","하향",""
"Basic S","559","She Is On The Lemon Tree","Normal","3.0","3.4","0.4","상향",""
"Basic S","560","She Is On The Lemon Tree","Hard","5.0","5.2","0.2","상향",""
"Basic S","561","She Is On The Lemon Tree","Expert","8.0","7.6","-0.4","하향",""
"Basic S","562","She Is On The Lemon Tree","Real","10.6","10.7","0.1","상향",""
"Basic S","564","Shoot the Moon","Hard","6.0","6.1","0.1","상향",""
"Basic S","565","Shoot the Moon","Expert","11.2","11.1","-0.1","하향",""
"Basic S","566","Six String Proof(NOSTALGIA Style)","Normal","5.0","5.1","0.1","상향",""
"Basic S","567","Six String Proof(NOSTALGIA Style)","Hard","7.9","8.4","0.5","상향",""
"Basic S","568","Six String Proof(NOSTALGIA Style)","Expert","11.3","11.5","0.2","상향",""
"Basic S","569","Somnio","Normal","2.0","2.4","0.4","상향",""
"Basic S","570","Somnio","Hard","5.9","6.3","0.4","상향",""
"Basic S","572","Somnio","Real","10.6","10.7","0.1","상향",""
"Basic S","573","Sparkle Smilin'","Normal","3.0","2.8","-0.2","하향",""
"Basic S","574","Sparkle Smilin'","Hard","5.9","5.6","-0.3","하향",""
"Basic S","575","Sparkle Smilin'","Expert","10.0","9.8","-0.2","하향",""
"Basic S","576","Sparkle Smilin'","Real","10.8","10.9","0.1","상향",""
"Basic S","577","Spica","Normal","5.0","4.9","-0.1","하향",""
"Basic S","579","Spica","Expert","12.2","11.7","-0.5","하향",""
"Basic S","580","Spica","Real","12.8","12.6","-0.2","하향",""
"Basic S","581","Starlight Fantasia","Normal","5.0","5.3","0.3","상향",""
"Basic S","582","Starlight Fantasia","Hard","7.1","7.4","0.3","상향",""
"Basic S","583","Starlight Fantasia","Expert","10.0","10.1","0.1","상향",""
"Basic S","584","Starlight Fantasia","Real","12.2","11.9","-0.3","하향",""
"Basic S","585","Stella Sinistra","Normal","4.0","3.6","-0.4","하향",""
"Basic S","586","Stella Sinistra","Hard","5.9","5.7","-0.2","하향",""
"Basic S","587","Stella Sinistra","Expert","11.3","10.6","-0.7","하향",""
"Basic S","588","Stella Sinistra","Real","12.3","12.0","-0.3","하향",""
"Basic S","589","Storm of Suspicion","Normal","3.0","3.1","0.1","상향",""
"Basic S","590","Storm of Suspicion","Hard","6.9","7.0","0.1","상향",""
"Basic S","591","Storm of Suspicion","Expert","11.3","11.4","0.1","상향",""
"Basic S","593","Surf on the Light","Normal","4.0","4.4","0.4","상향",""
"Basic S","594","Surf on the Light","Hard","6.9","7.3","0.4","상향",""
"Basic S","595","Surf on the Light","Expert","8.9","9.1","0.2","상향",""
"Basic S","596","Surf on the Light","Real","12.2","12.0","-0.2","하향",""
"Basic S","597","Sweet tea","Normal","3.0","2.7","-0.3","하향",""
"Basic S","598","Sweet tea","Hard","6.9","7.1","0.2","상향",""
"Basic S","599","Sweet tea","Expert","11.3","10.9","-0.4","하향",""
"Basic S","600","Synergy For Angels Forever","Normal","3.0","2.7","-0.3","하향",""
"Basic S","601","Synergy For Angels Forever","Hard","6.9","6.6","-0.3","하향",""
"Basic S","602","Synergy For Angels Forever","Expert","11.1","10.5","-0.6","하향",""
"Basic S","603","Synergy For Angels Forever","Real","12.2","11.6","-0.6","하향",""
"Basic S","604","TAKUMI／匠","Normal","2.0","2.4","0.4","상향",""
"Basic S","605","TAKUMI／匠","Hard","6.0","6.2","0.2","상향",""
"Basic S","606","TAKUMI／匠","Expert","9.0","8.9","-0.1","하향",""
"Basic S","608","THE WORLD REVOLVING","Hard","6.9","7.1","0.2","상향",""
"Basic S","609","THE WORLD REVOLVING","Expert","12.2","11.5","-0.7","하향",""
"Basic S","610","THE WORLD REVOLVING","Real","13.0","12.6","-0.4","하향",""
"Basic S","611","TRUTH behind U","Normal","4.0","4.1","0.1","상향",""
"Basic S","612","TRUTH behind U","Hard","7.0","7.4","0.4","상향",""
"Basic S","613","TRUTH behind U","Expert","12.2","12.1","-0.1","하향",""
"Basic S","614","Tapioca","Normal","4.0","3.6","-0.4","하향",""
"Basic S","615","Tapioca","Hard","6.0","6.1","0.1","상향",""
"Basic S","616","Tapioca","Expert","11.2","10.6","-0.6","하향",""
"Basic S","617","Tapioca","Real","12.3","11.7","-0.6","하향",""
"Basic S","618","Tea for Two","Normal","3.0","3.3","0.3","상향",""
"Basic S","619","Tea for Two","Hard","5.9","5.8","-0.1","하향",""
"Basic S","620","Tea for Two","Expert","9.0","8.7","-0.3","하향",""
"Basic S","622","Terminus of Reminiscence","Normal","3.0","2.7","-0.3","하향",""
"Basic S","623","Terminus of Reminiscence","Hard","5.9","5.6","-0.3","하향",""
"Basic S","624","Terminus of Reminiscence","Expert","11.3","10.6","-0.7","하향",""
"Basic S","625","Terminus of Reminiscence","Real","12.3","11.6","-0.7","하향",""
"Basic S","626","The Dynamics of an Asteroid","Normal","4.0","4.2","0.2","상향",""
"Basic S","627","The Dynamics of an Asteroid","Hard","6.9","6.8","-0.1","하향",""
"Basic S","628","The Dynamics of an Asteroid","Expert","12.3","11.8","-0.5","하향",""
"Basic S","629","The Dynamics of an Asteroid","Real","13.3","12.7","-0.6","하향",""
"Basic S","630","The Entertainer","Normal","4.0","4.4","0.4","상향",""
"Basic S","631","The Entertainer","Hard","6.0","6.5","0.5","상향",""
"Basic S","632","The Entertainer","Expert","7.9","7.7","-0.2","하향",""
"Basic S","633","The Least 100sec","Normal","3.0","3.3","0.3","상향",""
"Basic S","634","The Least 100sec","Hard","6.9","7.3","0.4","상향",""
"Basic S","635","The Least 100sec","Expert","12.8","12.2","-0.6","하향",""
"Basic S","636","The Nameless","Normal","4.0","3.7","-0.3","하향",""
"Basic S","637","The Nameless","Hard","6.9","6.7","-0.2","하향",""
"Basic S","638","The Nameless","Expert","12.2","11.7","-0.5","하향",""
"Basic S","639","The Nameless","Real","13.0","12.7","-0.3","하향",""
"Basic S","640","The Pinnacle","Normal","4.0","3.9","-0.1","하향",""
"Basic S","641","The Pinnacle","Hard","5.9","5.6","-0.3","하향",""
"Basic S","642","The Pinnacle","Expert","12.3","11.6","-0.7","하향",""
"Basic S","643","The Pinnacle","Real","12.7","12.4","-0.3","하향",""
"Basic S","644","The Splendid Expression","Normal","4.0","4.1","0.1","상향",""
"Basic S","645","The Splendid Expression","Hard","6.9","7.0","0.1","상향",""
"Basic S","646","The Splendid Expression","Expert","12.2","11.7","-0.5","하향",""
"Basic S","647","The Splendid Expression","Real","13.9","13.2","-0.7","하향",""
"Basic S","648","The way to the castle","Normal","4.0","3.7","-0.3","하향",""
"Basic S","649","The way to the castle","Hard","6.9","6.8","-0.1","하향",""
"Basic S","650","The way to the castle","Expert","11.3","10.9","-0.4","하향",""
"Basic S","651","The way to the castle","Real","12.8","12.7","-0.1","하향",""
"Basic S","652","Theme of Ricerca","Normal","5.0","5.4","0.4","상향",""
"Basic S","653","Theme of Ricerca","Hard","7.0","7.4","0.4","상향",""
"Basic S","654","Theme of Ricerca","Expert","9.0","9.1","0.1","상향",""
"Basic S","655","Timepiece phase II","Normal","5.0","5.1","0.1","상향",""
"Basic S","656","Timepiece phase II","Hard","8.1","8.2","0.1","상향",""
"Basic S","657","Timepiece phase II","Expert","12.3","12.0","-0.3","하향",""
"Basic S","658","Towards the TOWER","Normal","3.0","2.9","-0.1","하향",""
"Basic S","661","Trill auf G(NOSTALGIA Style)","Normal","4.0","3.7","-0.3","하향",""
"Basic S","662","Trill auf G(NOSTALGIA Style)","Hard","7.0","7.3","0.3","상향",""
"Basic S","663","Trill auf G(NOSTALGIA Style)","Expert","11.3","11.2","-0.1","하향",""
"Basic S","664","Triple Cross","Normal","3.0","2.7","-0.3","하향",""
"Basic S","665","Triple Cross","Hard","6.9","6.7","-0.2","하향",""
"Basic S","666","Triple Cross","Expert","11.3","10.9","-0.4","하향",""
"Basic S","667","Triple Cross","Real","12.8","12.5","-0.3","하향",""
"Basic S","668","True Blue","Normal","5.0","4.5","-0.5","하향",""
"Basic S","669","True Blue","Hard","7.9","7.7","-0.2","하향",""
"Basic S","670","True Blue","Expert","11.3","10.7","-0.6","하향",""
"Basic S","671","True Blue","Real","12.8","12.4","-0.4","하향",""
"Basic S","672","Turn the story","Normal","4.0","4.2","0.2","상향",""
"Basic S","673","Turn the story","Hard","6.9","7.0","0.1","상향",""
"Basic S","674","Turn the story","Expert","11.3","11.1","-0.2","하향",""
"Basic S","675","Turn the story","Real","12.8","12.6","-0.2","하향",""
"Basic S","676","Twinkle Wonderland","Normal","5.0","4.8","-0.2","하향",""
"Basic S","678","Twinkle Wonderland","Expert","9.1","8.8","-0.3","하향",""
"Basic S","679","Twinkle Wonderland","Real","11.4","11.5","0.1","상향",""
"Basic S","680","U.N.オーエンは彼女なのか？","Normal","3.0","3.3","0.3","상향",""
"Basic S","681","U.N.オーエンは彼女なのか？","Hard","8.0","8.5","0.5","상향",""
"Basic S","682","U.N.オーエンは彼女なのか？","Expert","12.3","12.1","-0.2","하향",""
"Basic S","683","U.N.オーエンは彼女なのか？","Real","13.0","12.7","-0.3","하향",""
"Basic S","684","Ubertreffen","Normal","5.0","5.4","0.4","상향",""
"Basic S","685","Ubertreffen","Hard","9.9","10.5","0.6","상향",""
"Basic S","686","Ubertreffen","Expert","12.3","11.8","-0.5","하향",""
"Basic S","687","Ubertreffen","Real","14.0","13.7","-0.3","하향",""
"Basic S","688","Un Happy Heart","Normal","3.0","2.9","-0.1","하향",""
"Basic S","689","Un Happy Heart","Hard","5.9","6.2","0.3","상향",""
"Basic S","691","Un Happy Heart","Real","10.6","10.7","0.1","상향",""
"Basic S","692","Urban Life","Normal","4.0","4.2","0.2","상향",""
"Basic S","693","Urban Life","Hard","6.0","6.3","0.3","상향",""
"Basic S","695","VALKYRIAS -英雄誕生-","Normal","4.0","3.8","-0.2","하향",""
"Basic S","696","VALKYRIAS -英雄誕生-","Hard","7.9","8.1","0.2","상향",""
"Basic S","698","VALKYRIAS -英雄誕生-","Real","12.8","12.5","-0.3","하향",""
"Basic S","699","VALLIS-NERIA (BEMANI SYMPHONY NOSTALGIA mix)","Normal","3.0","2.8","-0.2","하향",""
"Basic S","700","VALLIS-NERIA (BEMANI SYMPHONY NOSTALGIA mix)","Hard","6.9","6.7","-0.2","하향",""
"Basic S","701","VALLIS-NERIA (BEMANI SYMPHONY NOSTALGIA mix)","Expert","11.2","11.0","-0.2","하향",""
"Basic S","702","VALLIS-NERIA (BEMANI SYMPHONY NOSTALGIA mix)","Real","12.8","12.6","-0.2","하향",""
"Basic S","703","VOLAQUAS","Normal","5.0","5.2","0.2","상향",""
"Basic S","704","VOLAQUAS","Hard","7.9","7.8","-0.1","하향",""
"Basic S","705","VOLAQUAS","Expert","12.2","11.7","-0.5","하향",""
"Basic S","706","VOLAQUAS","Real","13.9","13.1","-0.8","하향",""
"Basic S","707","Vide Nostalgia","Normal","4.0","4.5","0.5","상향",""
"Basic S","708","Vide Nostalgia","Hard","8.0","8.5","0.5","상향",""
"Basic S","709","Vide Nostalgia","Expert","12.3","12.2","-0.1","하향",""
"Basic S","710","Vide Nostalgia","Real","12.9","12.7","-0.2","하향",""
"Basic S","711","Vinculum stellarum","Normal","4.0","4.1","0.1","상향",""
"Basic S","712","Vinculum stellarum","Hard","7.9","8.0","0.1","상향",""
"Basic S","713","Vinculum stellarum","Expert","12.3","11.8","-0.5","하향",""
"Basic S","714","Vinculum stellarum","Real","14.1","13.2","-0.9","하향",""
"Basic S","715","Voca Nostalgia","Normal","3.0","3.5","0.5","상향",""
"Basic S","716","Voca Nostalgia","Hard","6.9","7.5","0.6","상향",""
"Basic S","717","Voca Nostalgia","Expert","12.3","12.2","-0.1","하향",""
"Basic S","718","Volcanos","Normal","4.0","3.6","-0.4","하향",""
"Basic S","719","Volcanos","Hard","7.0","6.9","-0.1","하향",""
"Basic S","720","Volcanos","Expert","11.3","11.1","-0.2","하향",""
"Basic S","721","Volcanos","Real","12.8","12.5","-0.3","하향",""
"Basic S","722","Votum Stellarum","Normal","5.0","4.9","-0.1","하향",""
"Basic S","723","Votum Stellarum","Hard","7.9","8.3","0.4","상향",""
"Basic S","724","Votum Stellarum","Expert","12.3","12.0","-0.3","하향",""
"Basic S","725","Votum Stellarum","Real","13.3","12.9","-0.4","하향",""
"Basic S","726","Voyager","Normal","3.0","3.3","0.3","상향",""
"Basic S","727","Voyager","Hard","7.1","7.2","0.1","상향",""
"Basic S","728","Voyager","Expert","10.0","10.1","0.1","상향",""
"Basic S","729","Voyager","Real","13.2","12.7","-0.5","하향",""
"Basic S","730","WHITEOUT","Normal","4.0","3.6","-0.4","하향",""
"Basic S","731","WHITEOUT","Hard","7.9","7.7","-0.2","하향",""
"Basic S","735","WONDERLAND","Hard","4.9","4.7","-0.2","하향",""
"Basic S","736","WONDERLAND","Expert","9.0","8.7","-0.3","하향",""
"Basic S","737","WONDERLAND","Real","12.2","11.7","-0.5","하향",""
"Basic S","738","Welcome to pop'n fantasy","Normal","4.0","3.6","-0.4","하향",""
"Basic S","739","Welcome to pop'n fantasy","Hard","7.0","6.9","-0.1","하향",""
"Basic S","740","Welcome to pop'n fantasy","Expert","11.2","10.8","-0.4","하향",""
"Basic S","741","Welcome to pop'n fantasy","Real","12.3","11.9","-0.4","하향",""
"Basic S","742","Windy Fairy","Normal","4.0","4.1","0.1","상향",""
"Basic S","743","Windy Fairy","Hard","7.9","8.1","0.2","상향",""
"Basic S","745","Yum Yum Sweetie","Normal","4.0","3.9","-0.1","하향",""
"Basic S","746","Yum Yum Sweetie","Hard","7.9","8.3","0.4","상향",""
"Basic S","747","Yum Yum Sweetie","Expert","12.2","11.7","-0.5","하향",""
"Basic S","748","Yum Yum Sweetie","Real","12.5","12.8","0.3","상향",""
"Basic S","749","ambages","Normal","6.0","6.1","0.1","상향",""
"Basic S","750","ambages","Hard","8.9","9.4","0.5","상향",""
"Basic S","751","ambages","Expert","13.3","12.2","-1.1","하향",""
"Basic S","753","break through the clouds","Normal","3.0","2.7","-0.3","하향",""
"Basic S","755","break through the clouds","Expert","11.2","10.8","-0.4","하향",""
"Basic S","756","break through the clouds","Real","12.3","11.9","-0.4","하향",""
"Basic S","757","chaplet","Normal","4.0","3.6","-0.4","하향",""
"Basic S","758","chaplet","Hard","7.9","7.7","-0.2","하향",""
"Basic S","759","chaplet","Expert","12.2","11.9","-0.3","하향",""
"Basic S","760","chaplet","Real","12.4","12.8","0.4","상향",""
"Basic S","761","concon ～live pf addition～","Normal","4.0","3.7","-0.3","하향",""
"Basic S","762","concon ～live pf addition～","Hard","6.9","7.2","0.3","상향",""
"Basic S","763","concon ～live pf addition～","Expert","11.2","10.8","-0.4","하향",""
"Basic S","764","crAtus","Normal","6.0","6.2","0.2","상향",""
"Basic S","765","crAtus","Hard","8.9","9.3","0.4","상향",""
"Basic S","766","crAtus","Expert","12.5","12.2","-0.3","하향",""
"Basic S","767","crAtus","Real","14.1","14.2","0.1","상향",""
"Basic S","768","fallen leaves","Normal","5.0","4.8","-0.2","하향",""
"Basic S","770","fallen leaves","Expert","12.3","11.9","-0.4","하향",""
"Basic S","771","felys","Normal","3.0","2.9","-0.1","하향",""
"Basic S","772","felys","Hard","7.0","7.3","0.3","상향",""
"Basic S","773","felys","Expert","10.0","9.7","-0.3","하향",""
"Basic S","775","flee for free!!","Normal","4.0","4.3","0.3","상향",""
"Basic S","776","flee for free!!","Hard","6.0","6.3","0.3","상향",""
"Basic S","778","flee for free!!","Real","12.6","12.3","-0.3","하향",""
"Basic S","779","garden","Normal","5.0","4.6","-0.4","하향",""
"Basic S","781","garden","Expert","11.3","10.8","-0.5","하향",""
"Basic S","782","insist","Normal","4.0","3.9","-0.1","하향",""
"Basic S","784","insist","Expert","9.9","10.1","0.2","상향",""
"Basic S","785","ivy of rutiles","Normal","5.0","4.6","-0.4","하향",""
"Basic S","786","ivy of rutiles","Hard","8.1","8.0","-0.1","하향",""
"Basic S","787","ivy of rutiles","Expert","12.3","11.9","-0.4","하향",""
"Basic S","788","ivy of rutiles","Real","14.2","13.2","-1.0","하향",""
"Basic S","789","little runaway","Normal","3.0","2.8","-0.2","하향",""
"Basic S","790","little runaway","Hard","6.0","5.7","-0.3","하향",""
"Basic S","791","little runaway","Expert","9.0","8.7","-0.3","하향",""
"Basic S","793","mariposa","Normal","4.0","3.9","-0.1","하향",""
"Basic S","795","mariposa","Expert","11.1","10.8","-0.3","하향",""
"Basic S","796","mariposa","Real","12.2","11.7","-0.5","하향",""
"Basic S","797","minne","Normal","3.0","3.4","0.4","상향",""
"Basic S","798","minne","Hard","5.9","6.2","0.3","상향",""
"Basic S","799","minne","Expert","9.9","10.0","0.1","상향",""
"Basic S","801","mint candy ☆ citrus drop","Normal","3.0","2.8","-0.2","하향",""
"Basic S","802","mint candy ☆ citrus drop","Hard","4.9","5.2","0.3","상향",""
"Basic S","803","mint candy ☆ citrus drop","Expert","9.0","9.1","0.1","상향",""
"Basic S","804","mint candy ☆ citrus drop","Real","11.4","11.5","0.1","상향",""
"Basic S","805","morning music","Normal","4.0","4.3","0.3","상향",""
"Basic S","806","morning music","Hard","6.9","7.2","0.3","상향",""
"Basic S","807","morning music","Expert","7.9","7.5","-0.4","하향",""
"Basic S","808","morning music","Real","10.6","10.5","-0.1","하향",""
"Basic S","809","murmur twins","Normal","5.0","4.9","-0.1","하향",""
"Basic S","810","murmur twins","Hard","7.9","8.1","0.2","상향",""
"Basic S","811","murmur twins","Expert","11.2","11.1","-0.1","하향",""
"Basic S","812","murmur twins","Real","12.8","12.5","-0.3","하향",""
"Basic S","814","nalca","Hard","7.0","7.2","0.2","상향",""
"Basic S","815","nalca","Expert","11.2","11.0","-0.2","하향",""
"Basic S","816","nalca","Real","12.7","12.5","-0.2","하향",""
"Basic S","817","neko fun jitter","Normal","4.0","4.2","0.2","상향",""
"Basic S","818","neko fun jitter","Hard","6.0","6.1","0.1","상향",""
"Basic S","819","neko fun jitter","Expert","8.0","7.7","-0.3","하향",""
"Basic S","820","neko fun jitter","Real","12.4","11.8","-0.6","하향",""
"Basic S","821","neko*neko","Normal","3.0","2.9","-0.1","하향",""
"Basic S","823","neko*neko","Expert","9.9","9.8","-0.1","하향",""
"Basic S","824","neko*neko","Real","10.6","10.7","0.1","상향",""
"Basic S","825","neu","Normal","5.0","4.7","-0.3","하향",""
"Basic S","826","neu","Hard","6.9","7.2","0.3","상향",""
"Basic S","827","neu","Expert","8.0","7.6","-0.4","하향",""
"Basic S","828","neu","Real","9.9","9.6","-0.3","하향",""
"Basic S","829","neu*","Normal","5.0","5.5","0.5","상향",""
"Basic S","830","neu*","Hard","8.8","9.3","0.5","상향",""
"Basic S","831","neu*","Expert","12.2","11.8","-0.4","하향",""
"Basic S","832","neu*","Real","13.7","13.5","-0.2","하향",""
"Basic S","833","nostos","Normal","5.0","5.4","0.4","상향",""
"Basic S","834","nostos","Hard","8.1","8.4","0.3","상향",""
"Basic S","836","nostos","Real","12.7","12.5","-0.2","하향",""
"Basic S","838","nostos algos","Hard","5.9","6.0","0.1","상향",""
"Basic S","839","nostos algos","Expert","11.3","11.4","0.1","상향",""
"Basic S","840","nostos algos","Real","12.7","12.5","-0.2","하향",""
"Basic S","841","n番目の女","Normal","3.0","3.1","0.1","상향",""
"Basic S","842","n番目の女","Hard","7.0","7.1","0.1","상향",""
"Basic S","843","n番目の女","Expert","10.0","9.9","-0.1","하향",""
"Basic S","844","perditus†paradisus (BEMANI SYMPHONY NOSTALGIA mix)","Normal","5.0","5.1","0.1","상향",""
"Basic S","845","perditus†paradisus (BEMANI SYMPHONY NOSTALGIA mix)","Hard","8.9","9.3","0.4","상향",""
"Basic S","846","perditus†paradisus (BEMANI SYMPHONY NOSTALGIA mix)","Expert","12.3","12.0","-0.3","하향",""
"Basic S","847","perditus†paradisus (BEMANI SYMPHONY NOSTALGIA mix)","Real","14.2","14.3","0.1","상향",""
"Basic S","848","phantasmagoria","Normal","5.0","5.1","0.1","상향",""
"Basic S","849","phantasmagoria","Hard","7.9","8.1","0.2","상향",""
"Basic S","850","phantasmagoria","Expert","10.0","9.9","-0.1","하향",""
"Basic S","851","phantasmagoria","Real","12.3","12.1","-0.2","하향",""
"Basic S","852","printemps","Normal","4.0","3.7","-0.3","하향",""
"Basic S","853","printemps","Hard","6.9","6.7","-0.2","하향",""
"Basic S","854","printemps","Expert","11.1","10.7","-0.4","하향",""
"Basic S","855","printemps","Real","12.2","11.7","-0.5","하향",""
"Basic S","856","robotip phactory","Normal","4.0","4.2","0.2","상향",""
"Basic S","857","robotip phactory","Hard","6.9","7.2","0.3","상향",""
"Basic S","858","robotip phactory","Expert","11.3","11.5","0.2","상향",""
"Basic S","859","robotip phactory","Real","12.3","12.2","-0.1","하향",""
"Basic S","860","say...but in vain","Normal","4.0","4.3","0.3","상향",""
"Basic S","861","say...but in vain","Hard","8.1","8.2","0.1","상향",""
"Basic S","862","say...but in vain","Expert","11.3","11.4","0.1","상향",""
"Basic S","863","say...but in vain","Real","12.7","12.6","-0.1","하향",""
"Basic S","864","smooooch・∀・ (BEMANI SYMPHONY NOSTALGIA mix)","Normal","3.0","2.8","-0.2","하향",""
"Basic S","865","smooooch・∀・ (BEMANI SYMPHONY NOSTALGIA mix)","Hard","6.9","6.8","-0.1","하향",""
"Basic S","866","smooooch・∀・ (BEMANI SYMPHONY NOSTALGIA mix)","Expert","11.1","10.6","-0.5","하향",""
"Basic S","867","smooooch・∀・ (BEMANI SYMPHONY NOSTALGIA mix)","Real","12.3","11.7","-0.6","하향",""
"Basic S","869","starmine (BEMANI SYMPHONY NOSTALGIA mix)","Hard","6.9","6.8","-0.1","하향",""
"Basic S","870","starmine (BEMANI SYMPHONY NOSTALGIA mix)","Expert","9.9","9.8","-0.1","하향",""
"Basic S","871","starmine (BEMANI SYMPHONY NOSTALGIA mix)","Real","12.2","11.9","-0.3","하향",""
"Basic S","872","storia","Normal","4.0","3.8","-0.2","하향",""
"Basic S","873","storia","Hard","7.0","6.8","-0.2","하향",""
"Basic S","874","storia","Expert","11.2","10.7","-0.5","하향",""
"Basic S","875","storia","Real","12.2","11.8","-0.4","하향",""
"Basic S","877","tears proof masquerade","Hard","8.1","8.2","0.1","상향",""
"Basic S","878","tears proof masquerade","Expert","12.2","11.8","-0.4","하향",""
"Basic S","879","toy boxer(NOSTALGIA Style)","Normal","4.0","3.7","-0.3","하향",""
"Basic S","880","toy boxer(NOSTALGIA Style)","Hard","7.0","7.3","0.3","상향",""
"Basic S","881","toy boxer(NOSTALGIA Style)","Expert","10.0","9.9","-0.1","하향",""
"Basic S","882","turn into white","Normal","3.0","2.7","-0.3","하향",""
"Basic S","883","turn into white","Hard","5.9","5.7","-0.2","하향",""
"Basic S","884","turn into white","Expert","10.0","9.7","-0.3","하향",""
"Basic S","886","viator in vitro","Normal","5.0","5.1","0.1","상향",""
"Basic S","887","viator in vitro","Hard","6.9","7.3","0.4","상향",""
"Basic S","888","viator in vitro","Expert","12.3","12.0","-0.3","하향",""
"Basic S","889","viator in vitro","Real","13.5","13.1","-0.4","하향",""
"Basic S","890","virkatoの主題によるperson09風超絶技巧変奏曲","Normal","5.0","5.4","0.4","상향",""
"Basic S","891","virkatoの主題によるperson09風超絶技巧変奏曲","Hard","7.0","7.4","0.4","상향",""
"Basic S","892","virkatoの主題によるperson09風超絶技巧変奏曲","Expert","12.3","12.1","-0.2","하향",""
"Basic S","893","virkatoの主題によるperson09風超絶技巧変奏曲","Real","13.5","13.3","-0.2","하향",""
"Basic S","894","voltississimo(NOSTALGIA Style)","Normal","5.0","4.6","-0.4","하향",""
"Basic S","895","voltississimo(NOSTALGIA Style)","Hard","8.0","7.9","-0.1","하향",""
"Basic S","896","voltississimo(NOSTALGIA Style)","Expert","12.3","11.9","-0.4","하향",""
"Basic S","897","you","Normal","2.0","2.1","0.1","상향",""
"Basic S","898","you","Hard","5.0","5.3","0.3","상향",""
"Basic S","899","you","Expert","7.9","7.7","-0.2","하향",""
"Basic S","900","zeeros","Normal","5.0","4.8","-0.2","하향",""
"Basic S","901","zeeros","Hard","8.9","9.2","0.3","상향",""
"Basic S","902","zeeros","Expert","12.5","11.8","-0.7","하향",""
"Basic S","903","zeeros","Real","13.4","12.9","-0.5","하향",""
"Basic S","904","†渚のリベンジΣ脈あり!?バケェ～ション†","Normal","4.0","4.1","0.1","상향",""
"Basic S","905","†渚のリベンジΣ脈あり!?バケェ～ション†","Hard","6.9","7.1","0.2","상향",""
"Basic S","906","†渚のリベンジΣ脈あり!?バケェ～ション†","Expert","12.2","11.8","-0.4","하향",""
"Basic S","907","†渚のリベンジΣ脈あり!?バケェ～ション†","Real","13.3","13.0","-0.3","하향",""
"Basic S","908","†渚の小悪魔ラヴリィ～レイディオ†","Normal","5.0","4.8","-0.2","하향",""
"Basic S","910","†渚の小悪魔ラヴリィ～レイディオ†","Expert","12.2","11.6","-0.6","하향",""
"Basic S","911","†渚の小悪魔ラヴリィ～レイディオ†","Real","12.8","12.3","-0.5","하향",""
"Basic S","912","「6つのメヌエット」より第2番ト長調","Normal","2.0","2.1","0.1","상향",""
"Basic S","913","「6つのメヌエット」より第2番ト長調","Hard","3.9","4.0","0.1","상향",""
"Basic S","914","「6つのメヌエット」より第2番ト長調","Expert","8.0","7.5","-0.5","하향",""
"Basic S","915","「6つのメヌエット」より第2番ト長調","Real","9.9","9.8","-0.1","하향",""
"Basic S","916","「交錯する使命」","Normal","4.0","4.2","0.2","상향",""
"Basic S","917","「交錯する使命」","Hard","6.9","7.1","0.2","상향",""
"Basic S","918","「交錯する使命」","Expert","12.2","11.6","-0.6","하향",""
"Basic S","919","「交錯する使命」","Real","13.2","13.0","-0.2","하향",""
"Basic S","920","うそつき","Normal","3.0","2.9","-0.1","하향",""
"Basic S","921","うそつき","Hard","5.9","6.2","0.3","상향",""
"Basic S","922","うそつき","Expert","9.9","10.0","0.1","상향",""
"Basic S","924","おおきなこえで","Hard","6.9","6.7","-0.2","하향",""
"Basic S","925","おおきなこえで","Expert","10.0","10.2","0.2","상향",""
"Basic S","926","おおきなこえで","Real","10.7","10.9","0.2","상향",""
"Basic S","927","おもちゃの兵隊の行進","Normal","3.0","2.8","-0.2","하향",""
"Basic S","928","おもちゃの兵隊の行進","Hard","5.0","4.6","-0.4","하향",""
"Basic S","929","おもちゃの兵隊の行進","Expert","8.0","7.6","-0.4","하향",""
"Basic S","930","おもちゃの兵隊の行進","Real","12.2","11.6","-0.6","하향",""
"Basic S","931","おーまい！らぶりー！すうぃーてぃ！だーりん！","Normal","4.0","3.9","-0.1","하향",""
"Basic S","932","おーまい！らぶりー！すうぃーてぃ！だーりん！","Hard","5.9","6.1","0.2","상향",""
"Basic S","933","おーまい！らぶりー！すうぃーてぃ！だーりん！","Expert","11.3","11.4","0.1","상향",""
"Basic S","934","お米の美味しい炊き方、そしてお米を食べることによるその効果。","Normal","4.0","3.6","-0.4","하향",""
"Basic S","936","お米の美味しい炊き方、そしてお米を食べることによるその効果。","Expert","12.2","11.6","-0.6","하향",""
"Basic S","937","お米の美味しい炊き方、そしてお米を食べることによるその効果。","Real","12.8","12.4","-0.4","하향",""
"Basic S","938","かぞへうたヴァリエーシォン","Normal","4.0","3.9","-0.1","하향",""
"Basic S","939","かぞへうたヴァリエーシォン","Hard","6.9","6.6","-0.3","하향",""
"Basic S","940","かぞへうたヴァリエーシォン","Expert","11.3","10.8","-0.5","하향",""
"Basic S","941","かぞへうたヴァリエーシォン","Real","12.3","12.0","-0.3","하향",""
"Basic S","942","からくりピエロ","Normal","3.0","3.1","0.1","상향",""
"Basic S","943","からくりピエロ","Hard","6.0","6.2","0.2","상향",""
"Basic S","944","からくりピエロ","Expert","8.9","8.8","-0.1","하향",""
"Basic S","945","きらきら星変奏曲","Normal","4.0","3.8","-0.2","하향",""
"Basic S","946","きらきら星変奏曲","Hard","5.9","6.0","0.1","상향",""
"Basic S","947","きらきら星変奏曲","Expert","11.2","10.7","-0.5","하향",""
"Basic S","948","きらきら星変奏曲","Real","12.8","12.5","-0.3","하향",""
"Basic S","949","くるみ割り人形よりトレパック","Normal","3.0","3.2","0.2","상향",""
"Basic S","950","くるみ割り人形よりトレパック","Hard","7.1","7.0","-0.1","하향",""
"Basic S","951","くるみ割り人形よりトレパック","Expert","9.9","10.1","0.2","상향",""
"Basic S","952","くるみ割り人形より小序曲","Normal","3.0","3.4","0.4","상향",""
"Basic S","953","くるみ割り人形より小序曲","Hard","7.2","7.4","0.2","상향",""
"Basic S","954","くるみ割り人形より小序曲","Expert","10.0","10.2","0.2","상향",""
"Basic S","955","くるみ割り人形より花のワルツ","Normal","2.0","2.3","0.3","상향",""
"Basic S","956","くるみ割り人形より花のワルツ","Hard","5.9","6.4","0.5","상향",""
"Basic S","957","くるみ割り人形より花のワルツ","Expert","11.3","11.4","0.1","상향",""
"Basic S","958","くるみ割り人形より行進曲","Normal","3.0","3.3","0.3","상향",""
"Basic S","959","くるみ割り人形より行進曲","Hard","7.1","6.9","-0.2","하향",""
"Basic S","960","くるみ割り人形より行進曲","Expert","10.0","10.4","0.4","상향",""
"Basic S","961","くるみ割り人形より金平糖の踊り","Normal","3.0","3.5","0.5","상향",""
"Basic S","962","くるみ割り人形より金平糖の踊り","Hard","5.9","6.5","0.6","상향",""
"Basic S","963","くるみ割り人形より金平糖の踊り","Expert","9.0","9.2","0.2","상향",""
"Basic S","964","ここからよろしく大作戦143","Normal","2.0","1.6","-0.4","하향",""
"Basic S","965","ここからよろしく大作戦143","Hard","6.9","6.8","-0.1","하향",""
"Basic S","966","ここからよろしく大作戦143","Expert","10.0","10.2","0.2","상향",""
"Basic S","967","ここからよろしく大作戦143","Real","10.6","11.1","0.5","상향",""
"Basic S","968","さよならトリップ","Normal","4.0","3.7","-0.3","하향",""
"Basic S","969","さよならトリップ","Hard","6.9","6.6","-0.3","하향",""
"Basic S","970","さよならトリップ","Expert","9.9","9.8","-0.1","하향",""
"Basic S","971","さよならトリップ","Real","12.3","11.9","-0.4","하향",""
"Basic S","972","さよなら世界 (BEMANI SYMPHONY Arr.)","Normal","3.0","2.9","-0.1","하향",""
"Basic S","973","さよなら世界 (BEMANI SYMPHONY Arr.)","Hard","5.9","5.7","-0.2","하향",""
"Basic S","974","さよなら世界 (BEMANI SYMPHONY Arr.)","Expert","10.0","9.7","-0.3","하향",""
"Basic S","975","さよなら世界 (BEMANI SYMPHONY Arr.)","Real","12.2","11.6","-0.6","하향",""
"Basic S","976","すなおな心","Normal","2.0","1.8","-0.2","하향",""
"Basic S","977","すなおな心","Hard","4.0","3.5","-0.5","하향",""
"Basic S","978","すなおな心","Expert","6.0","5.5","-0.5","하향",""
"Basic S","979","すなおな心","Real","9.0","8.8","-0.2","하향",""
"Basic S","980","だから僕は音楽を辞めた","Normal","3.0","2.9","-0.1","하향",""
"Basic S","981","だから僕は音楽を辞めた","Hard","5.9","6.2","0.3","상향",""
"Basic S","982","だから僕は音楽を辞めた","Expert","11.3","10.9","-0.4","하향",""
"Basic S","983","だから僕は音楽を辞めた","Real","12.3","12.0","-0.3","하향",""
"Basic S","984","だんだん早くなる -arranged by 事務員G-","Normal","3.0","3.4","0.4","상향",""
"Basic S","985","だんだん早くなる -arranged by 事務員G-","Hard","5.9","6.3","0.4","상향",""
"Basic S","986","だんだん早くなる -arranged by 事務員G-","Expert","8.0","7.6","-0.4","하향",""
"Basic S","987","ちくわパフェだよ☆ＣＫＰ","Normal","5.0","4.6","-0.4","하향",""
"Basic S","988","ちくわパフェだよ☆ＣＫＰ","Hard","6.9","6.8","-0.1","하향",""
"Basic S","989","ちくわパフェだよ☆ＣＫＰ","Expert","12.2","11.7","-0.5","하향",""
"Basic S","990","ちくわパフェだよ☆ＣＫＰ","Real","12.8","12.4","-0.4","하향",""
"Basic S","991","とこにゃつ☆トロピカル","Normal","2.0","2.1","0.1","상향",""
"Basic S","992","とこにゃつ☆トロピカル","Hard","7.0","7.1","0.1","상향",""
"Basic S","993","とこにゃつ☆トロピカル","Expert","10.0","9.9","-0.1","하향",""
"Basic S","994","なつやすみのぼうけん","Normal","4.0","4.3","0.3","상향",""
"Basic S","995","なつやすみのぼうけん","Hard","5.9","6.0","0.1","상향",""
"Basic S","996","なつやすみのぼうけん","Expert","11.2","11.1","-0.1","하향",""
"Basic S","997","なつやすみのぼうけん","Real","12.8","12.5","-0.3","하향",""
"Basic S","998","なまいきプリンセス","Normal","3.0","3.1","0.1","상향",""
"Basic S","999","なまいきプリンセス","Hard","6.0","5.9","-0.1","하향",""
"Basic S","1000","なまいきプリンセス","Expert","9.0","8.7","-0.3","하향",""
"Basic S","1001","なまいきプリンセス","Real","12.2","11.7","-0.5","하향",""
"Basic S","1002","にゃんだふる55 marble version","Normal","3.0","2.5","-0.5","하향",""
"Basic S","1003","にゃんだふる55 marble version","Hard","6.9","6.6","-0.3","하향",""
"Basic S","1004","にゃんだふる55 marble version","Expert","10.0","9.6","-0.4","하향",""
"Basic S","1005","にゃんだふる55 marble version","Real","12.2","11.6","-0.6","하향",""
"Basic S","1006","はなまるぴっぴはよいこだけ","Normal","2.0","1.9","-0.1","하향",""
"Basic S","1007","はなまるぴっぴはよいこだけ","Hard","5.9","6.0","0.1","상향",""
"Basic S","1008","はなまるぴっぴはよいこだけ","Expert","8.9","8.8","-0.1","하향",""
"Basic S","1010","ぽかぽかレトロード ～Home Sweet Home edition～","Normal","2.0","1.9","-0.1","하향",""
"Basic S","1011","ぽかぽかレトロード ～Home Sweet Home edition～","Hard","5.9","5.7","-0.2","하향",""
"Basic S","1012","ぽかぽかレトロード ～Home Sweet Home edition～","Expert","9.9","9.7","-0.2","하향",""
"Basic S","1014","めうめうぺったんたん！！","Normal","3.0","2.7","-0.3","하향",""
"Basic S","1015","めうめうぺったんたん！！","Hard","6.9","6.8","-0.1","하향",""
"Basic S","1016","めうめうぺったんたん！！","Expert","11.2","10.9","-0.3","하향",""
"Basic S","1017","めうめうぺったんたん！！","Real","12.7","12.4","-0.3","하향",""
"Basic S","1018","アイネ・クライネ・ナハトムジク第1楽章","Normal","2.0","2.3","0.3","상향",""
"Basic S","1019","アイネ・クライネ・ナハトムジク第1楽章","Hard","6.0","5.8","-0.2","하향",""
"Basic S","1020","アイネ・クライネ・ナハトムジク第1楽章","Expert","8.0","7.7","-0.3","하향",""
"Basic S","1021","アクアリウム ブルー","Normal","3.0","3.1","0.1","상향",""
"Basic S","1022","アクアリウム ブルー","Hard","6.0","5.7","-0.3","하향",""
"Basic S","1023","アクアリウム ブルー","Expert","9.9","9.6","-0.3","하향",""
"Basic S","1024","アクアリウム ブルー","Real","12.2","11.7","-0.5","하향",""
"Basic S","1025","アスノヨゾラ哨戒班","Normal","2.0","1.7","-0.3","하향",""
"Basic S","1027","アスノヨゾラ哨戒班","Expert","11.2","10.7","-0.5","하향",""
"Basic S","1028","アゼルバイジャニカアルメニアンカ","Normal","4.0","4.4","0.4","상향",""
"Basic S","1029","アゼルバイジャニカアルメニアンカ","Hard","7.0","7.4","0.4","상향",""
"Basic S","1030","アゼルバイジャニカアルメニアンカ","Expert","10.0","10.4","0.4","상향",""
"Basic S","1031","アゼルバイジャニカアルメニアンカ","Real","12.3","12.1","-0.2","하향",""
"Basic S","1032","アラベスク","Normal","3.0","3.3","0.3","상향",""
"Basic S","1034","アラベスク","Expert","7.9","7.6","-0.3","하향",""
"Basic S","1035","アラベスク第1番","Normal","6.0","6.5","0.5","상향",""
"Basic S","1036","アラベスク第1番","Hard","8.1","8.4","0.3","상향",""
"Basic S","1037","アラベスク第1番","Expert","11.3","11.5","0.2","상향",""
"Basic S","1038","アラベスク第1番","Real","12.3","12.2","-0.1","하향",""
"Basic S","1039","アリスサイド・キャスリング","Normal","4.0","4.2","0.2","상향",""
"Basic S","1040","アリスサイド・キャスリング","Hard","6.9","7.1","0.2","상향",""
"Basic S","1041","アリスサイド・キャスリング","Expert","11.3","11.2","-0.1","하향",""
"Basic S","1042","アリスサイド・キャスリング","Real","12.7","12.3","-0.4","하향",""
"Basic S","1043","アルストロメリア","Normal","5.0","5.2","0.2","상향",""
"Basic S","1044","アルストロメリア","Hard","8.9","9.3","0.4","상향",""
"Basic S","1045","アルストロメリア","Expert","10.0","10.1","0.1","상향",""
"Basic S","1046","アルストロメリア","Real","12.9","12.7","-0.2","하향",""
"Basic S","1047","アルルの女第二組曲よりファランドール","Normal","3.0","3.4","0.4","상향",""
"Basic S","1048","アルルの女第二組曲よりファランドール","Hard","5.9","6.1","0.2","상향",""
"Basic S","1050","アルルの女第二組曲よりファランドール","Real","12.3","12.2","-0.1","하향",""
"Basic S","1051","アルルの女第二組曲よりメヌエット","Normal","2.0","1.8","-0.2","하향",""
"Basic S","1052","アルルの女第二組曲よりメヌエット","Hard","4.9","4.8","-0.1","하향",""
"Basic S","1053","アルルの女第二組曲よりメヌエット","Expert","7.9","7.5","-0.4","하향",""
"Basic S","1054","アルルの女第二組曲よりメヌエット","Real","10.0","9.9","-0.1","하향",""
"Basic S","1055","アヴェ・マリア","Normal","2.0","1.5","-0.5","하향",""
"Basic S","1056","アヴェ・マリア","Hard","5.9","5.6","-0.3","하향",""
"Basic S","1057","アヴェ・マリア","Expert","9.0","8.5","-0.5","하향",""
"Basic S","1058","アヴェ・マリア","Real","12.3","11.6","-0.7","하향",""
"Basic S","1059","アーカーシャの碑文","Normal","2.0","2.5","0.5","상향",""
"Basic S","1060","アーカーシャの碑文","Hard","5.1","5.5","0.4","상향",""
"Basic S","1061","アーカーシャの碑文","Expert","8.0","7.7","-0.3","하향",""
"Basic S","1062","アーカーシャの碑文","Real","10.0","10.4","0.4","상향",""
"Basic S","1065","イタリア風ポルカ","Expert","11.2","11.0","-0.2","하향",""
"Basic S","1066","イタリア風ポルカ","Real","12.8","12.5","-0.3","하향",""
"Basic S","1069","イノセントバイブル","Expert","9.0","8.9","-0.1","하향",""
"Basic S","1070","イノセントバイブル","Real","10.6","10.7","0.1","상향",""
"Basic S","1071","イブの時代っ！","Normal","3.0","2.6","-0.4","하향",""
"Basic S","1072","イブの時代っ！","Hard","7.0","6.6","-0.4","하향",""
"Basic S","1073","イブの時代っ！","Expert","11.2","10.6","-0.6","하향",""
"Basic S","1074","イブの時代っ！","Real","12.3","11.7","-0.6","하향",""
"Basic S","1075","イマココ！この瞬間","Normal","4.0","3.6","-0.4","하향",""
"Basic S","1076","イマココ！この瞬間","Hard","5.9","5.6","-0.3","하향",""
"Basic S","1077","イマココ！この瞬間","Expert","10.0","9.7","-0.3","하향",""
"Basic S","1079","インベンション第13番","Normal","4.0","4.5","0.5","상향",""
"Basic S","1080","インベンション第13番","Hard","6.0","6.4","0.4","상향",""
"Basic S","1081","インベンション第13番","Expert","6.9","6.5","-0.4","하향",""
"Basic S","1082","インベンション第1番","Normal","3.0","3.4","0.4","상향",""
"Basic S","1083","インベンション第1番","Hard","5.0","5.1","0.1","상향",""
"Basic S","1084","インベンション第1番","Expert","7.0","6.5","-0.5","하향",""
"Basic S","1085","インベンション第4番","Normal","3.0","3.4","0.4","상향",""
"Basic S","1086","インベンション第4番","Hard","5.0","5.5","0.5","상향",""
"Basic S","1087","インベンション第4番","Expert","7.0","6.5","-0.5","하향",""
"Basic S","1088","ウィリアム・テル序曲","Normal","4.0","4.3","0.3","상향",""
"Basic S","1089","ウィリアム・テル序曲","Hard","7.9","8.1","0.2","상향",""
"Basic S","1090","ウィリアム・テル序曲","Expert","11.9","11.7","-0.2","하향",""
"Basic S","1091","ウィリアム・テル序曲","Real","13.5","12.7","-0.8","하향",""
"Basic S","1092","ウソツキ横丁は雨模様","Normal","3.0","3.2","0.2","상향",""
"Basic S","1093","ウソツキ横丁は雨模様","Hard","6.9","7.0","0.1","상향",""
"Basic S","1094","ウソツキ横丁は雨模様","Expert","11.2","11.0","-0.2","하향",""
"Basic S","1095","ウソツキ横丁は雨模様","Real","12.3","12.0","-0.3","하향",""
"Basic S","1096","ウミユリ海底譚","Normal","2.0","1.7","-0.3","하향",""
"Basic S","1097","ウミユリ海底譚","Hard","6.0","5.7","-0.3","하향",""
"Basic S","1098","ウミユリ海底譚","Expert","8.0","7.6","-0.4","하향",""
"Basic S","1099","ウミユリ海底譚","Real","10.6","10.5","-0.1","하향",""
"Basic S","1100","エイリアンエイリアン","Normal","2.0","1.7","-0.3","하향",""
"Basic S","1101","エイリアンエイリアン","Hard","6.9","7.4","0.5","상향",""
"Basic S","1102","エイリアンエイリアン","Expert","10.0","10.3","0.3","상향",""
"Basic S","1103","エチュード Op.10-1","Normal","3.0","2.7","-0.3","하향",""
"Basic S","1104","エチュード Op.10-1","Hard","6.9","6.8","-0.1","하향",""
"Basic S","1105","エチュード Op.10-1","Expert","12.3","11.9","-0.4","하향",""
"Basic S","1106","エチュード Op.10-1","Real","12.3","12.5","0.2","상향",""
"Basic S","1107","エチュード Op.10-2","Normal","3.0","2.9","-0.1","하향",""
"Basic S","1108","エチュード Op.10-2","Hard","6.9","6.8","-0.1","하향",""
"Basic S","1109","エチュード Op.10-2","Expert","12.2","12.1","-0.1","하향",""
"Basic S","1110","エチュード Op.10-2","Real","12.6","12.9","0.3","상향",""
"Basic S","1111","エチュード Op.10-4","Normal","5.0","5.4","0.4","상향",""
"Basic S","1112","エチュード Op.10-4","Hard","7.9","8.5","0.6","상향",""
"Basic S","1113","エチュード Op.10-4","Expert","12.2","12.1","-0.1","하향",""
"Basic S","1114","エチュード Op.10-4","Real","14.2","14.4","0.2","상향",""
"Basic S","1115","エチュード Op.10-5 「黒鍵」","Normal","4.0","4.2","0.2","상향",""
"Basic S","1116","エチュード Op.10-5 「黒鍵」","Hard","5.9","6.2","0.3","상향",""
"Basic S","1118","エチュード Op.10-5 「黒鍵」","Real","14.2","14.1","-0.1","하향",""
"Basic S","1120","エチュード Op.25-5","Hard","6.9","6.8","-0.1","하향",""
"Basic S","1121","エチュード Op.25-5","Expert","12.5","12.2","-0.3","하향",""
"Basic S","1122","エチュード Op.25-5","Real","13.4","13.1","-0.3","하향",""
"Basic S","1124","エチュード「鵲」","Hard","5.9","6.1","0.2","상향",""
"Basic S","1126","エチュード「鵲」","Real","12.7","12.5","-0.2","하향",""
"Basic S","1127","エリーゼのために","Normal","3.0","3.4","0.4","상향",""
"Basic S","1128","エリーゼのために","Hard","5.9","6.4","0.5","상향",""
"Basic S","1129","エリーゼのために","Expert","6.9","6.6","-0.3","하향",""
"Basic S","1130","エリーゼのために","Real","10.1","10.4","0.3","상향",""
"Basic S","1131","カヨワキコイノウタ","Normal","3.0","2.7","-0.3","하향",""
"Basic S","1132","カヨワキコイノウタ","Hard","5.9","6.1","0.2","상향",""
"Basic S","1133","カヨワキコイノウタ","Expert","9.0","8.6","-0.4","하향",""
"Basic S","1135","ガボット","Normal","4.0","4.2","0.2","상향",""
"Basic S","1136","ガボット","Hard","5.9","6.2","0.3","상향",""
"Basic S","1137","ガボット","Expert","9.0","8.9","-0.1","하향",""
"Basic S","1138","クシコス・ポスト","Normal","3.0","2.6","-0.4","하향",""
"Basic S","1139","クシコス・ポスト","Hard","7.0","7.4","0.4","상향",""
"Basic S","1140","クシコス・ポスト","Expert","11.2","10.9","-0.3","하향",""
"Basic S","1141","クープランの墓よりプレリュード","Normal","6.0","6.1","0.1","상향",""
"Basic S","1142","クープランの墓よりプレリュード","Hard","7.9","8.0","0.1","상향",""
"Basic S","1143","クープランの墓よりプレリュード","Expert","12.5","12.2","-0.3","하향",""
"Basic S","1144","クープランの墓よりプレリュード","Real","13.5","13.1","-0.4","하향",""
"Basic S","1145","コキュトス","Normal","3.0","2.8","-0.2","하향",""
"Basic S","1146","コキュトス","Hard","6.9","6.7","-0.2","하향",""
"Basic S","1147","コキュトス","Expert","11.3","10.8","-0.5","하향",""
"Basic S","1148","コキュトス","Real","12.7","12.3","-0.4","하향",""
"Basic S","1150","コルドバの女","Hard","8.0","8.3","0.3","상향",""
"Basic S","1151","コルドバの女","Expert","11.3","11.0","-0.3","하향",""
"Basic S","1152","コルドバの女","Real","12.8","12.6","-0.2","하향",""
"Basic S","1153","ゴリウォーグのケークウォーク","Normal","3.0","3.2","0.2","상향",""
"Basic S","1154","ゴリウォーグのケークウォーク","Hard","6.0","5.9","-0.1","하향",""
"Basic S","1155","ゴリウォーグのケークウォーク","Expert","10.0","10.2","0.2","상향",""
"Basic S","1156","ゴリウォーグのケークウォーク","Real","10.8","11.2","0.4","상향",""
"Basic S","1157","サムイウワサ","Normal","4.0","4.3","0.3","상향",""
"Basic S","1158","サムイウワサ","Hard","5.9","6.2","0.3","상향",""
"Basic S","1159","サムイウワサ","Expert","11.2","11.1","-0.1","하향",""
"Basic S","1161","サヨナラ・ヘヴン","Hard","5.9","6.0","0.1","상향",""
"Basic S","1162","サヨナラ・ヘヴン","Expert","10.0","9.6","-0.4","하향",""
"Basic S","1163","サヨナラ・ヘヴン","Real","12.3","11.9","-0.4","하향",""
"Basic S","1164","シシリエンヌ","Normal","3.0","3.1","0.1","상향",""
"Basic S","1165","シシリエンヌ","Hard","5.9","5.7","-0.2","하향",""
"Basic S","1166","シシリエンヌ","Expert","8.9","8.7","-0.2","하향",""
"Basic S","1167","シャルル","Normal","3.0","3.1","0.1","상향",""
"Basic S","1168","シャルル","Hard","7.1","7.3","0.2","상향",""
"Basic S","1169","シャルル","Expert","10.0","10.2","0.2","상향",""
"Basic S","1170","シャルル","Real","10.6","10.8","0.2","상향",""
"Basic S","1172","シュレーディンガーの猫","Hard","7.9","8.0","0.1","상향",""
"Basic S","1173","シュレーディンガーの猫","Expert","12.3","11.9","-0.4","하향",""
"Basic S","1174","シュレーディンガーの猫","Real","14.1","13.9","-0.2","하향",""
"Basic S","1176","ジムノペディ第1番","Hard","3.0","2.5","-0.5","하향",""
"Basic S","1177","ジムノペディ第1番","Expert","6.9","6.5","-0.4","하향",""
"Basic S","1178","ジムノペディ第1番","Real","10.0","9.5","-0.5","하향",""
"Basic S","1179","ジャンキーナイトタウンオーケストラ","Normal","4.0","4.2","0.2","상향",""
"Basic S","1180","ジャンキーナイトタウンオーケストラ","Hard","6.9","7.0","0.1","상향",""
"Basic S","1181","ジャンキーナイトタウンオーケストラ","Expert","11.2","11.0","-0.2","하향",""
"Basic S","1182","ジャンキーナイトタウンオーケストラ","Real","12.2","11.8","-0.4","하향",""
"Basic S","1184","スケルツォ第2番 Op.31","Hard","6.9","7.1","0.2","상향",""
"Basic S","1185","スケルツォ第2番 Op.31","Expert","12.2","11.8","-0.4","하향",""
"Basic S","1186","スケルツォ第2番 Op.31","Real","12.8","12.6","-0.2","하향",""
"Basic S","1187","ストレイ・マーチ","Normal","4.0","3.8","-0.2","하향",""
"Basic S","1188","ストレイ・マーチ","Hard","7.9","7.8","-0.1","하향",""
"Basic S","1189","ストレイ・マーチ","Expert","12.2","11.6","-0.6","하향",""
"Basic S","1190","ストレイ・マーチ","Real","13.2","12.9","-0.3","하향",""
"Basic S","1191","スーパー戦湯ババンバーン","Normal","4.0","3.9","-0.1","하향",""
"Basic S","1193","スーパー戦湯ババンバーン","Expert","12.2","11.8","-0.4","하향",""
"Basic S","1194","スーパー戦湯ババンバーン","Real","12.7","12.5","-0.2","하향",""
"Basic S","1195","セツナトリップ","Normal","3.0","3.1","0.1","상향",""
"Basic S","1197","セツナトリップ","Expert","10.0","10.3","0.3","상향",""
"Basic S","1199","ソナチネ Op.20－1","Hard","5.0","5.2","0.2","상향",""
"Basic S","1200","ソナチネ Op.20－1","Expert","11.3","11.1","-0.2","하향",""
"Basic S","1201","ソナチネ Op.36－1","Normal","3.0","2.9","-0.1","하향",""
"Basic S","1202","ソナチネ Op.36－1","Hard","4.9","4.7","-0.2","하향",""
"Basic S","1203","ソナチネ Op.36－1","Expert","7.9","7.6","-0.3","하향",""
"Basic S","1204","ソナチネ ト長調 第1楽章","Normal","1.0","1.3","0.3","상향",""
"Basic S","1205","ソナチネ ト長調 第1楽章","Hard","5.0","4.7","-0.3","하향",""
"Basic S","1206","ソナチネ ト長調 第1楽章","Expert","6.9","6.5","-0.4","하향",""
"Basic S","1207","ソナチネ ト長調 第1楽章","Real","9.9","9.6","-0.3","하향",""
"Basic S","1208","タランテラ","Normal","3.0","3.2","0.2","상향",""
"Basic S","1209","タランテラ","Hard","6.9","7.1","0.2","상향",""
"Basic S","1210","タランテラ","Expert","11.3","11.0","-0.3","하향",""
"Basic S","1211","タランテラ","Real","12.8","12.6","-0.2","하향",""
"Basic S","1212","チュッチュ♪マチュピチュ","Normal","2.0","1.7","-0.3","하향",""
"Basic S","1213","チュッチュ♪マチュピチュ","Hard","6.9","6.7","-0.2","하향",""
"Basic S","1214","チュッチュ♪マチュピチュ","Expert","10.0","9.8","-0.2","하향",""
"Basic S","1215","チュッチュ♪マチュピチュ","Real","10.7","10.8","0.1","상향",""
"Basic S","1216","チョコレートスマイル","Normal","2.0","1.8","-0.2","하향",""
"Basic S","1217","チョコレートスマイル","Hard","6.0","6.2","0.2","상향",""
"Basic S","1218","チョコレートスマイル","Expert","9.0","8.9","-0.1","하향",""
"Basic S","1219","チョコレートスマイル","Real","10.6","10.8","0.2","상향",""
"Basic S","1220","テンションコードにくちづけを","Normal","4.0","3.7","-0.3","하향",""
"Basic S","1221","テンションコードにくちづけを","Hard","6.1","5.9","-0.2","하향",""
"Basic S","1222","テンションコードにくちづけを","Expert","10.0","9.6","-0.4","하향",""
"Basic S","1223","デッドボヲルdeホームラン","Normal","3.0","2.8","-0.2","하향",""
"Basic S","1224","デッドボヲルdeホームラン","Hard","6.9","6.6","-0.3","하향",""
"Basic S","1225","デッドボヲルdeホームラン","Expert","11.2","10.6","-0.6","하향",""
"Basic S","1226","デッドボヲルdeホームラン","Real","12.7","12.3","-0.4","하향",""
"Basic S","1227","トッカータとフーガ ニ短調","Normal","5.0","5.5","0.5","상향",""
"Basic S","1228","トッカータとフーガ ニ短調","Hard","7.0","7.5","0.5","상향",""
"Basic S","1229","トッカータとフーガ ニ短調","Expert","10.0","10.4","0.4","상향",""
"Basic S","1230","トッカータとフーガ ニ短調","Real","12.3","12.2","-0.1","하향",""
"Basic S","1231","トリッチ・トラッチ・ポルカ","Normal","4.0","4.3","0.3","상향",""
"Basic S","1233","トリッチ・トラッチ・ポルカ","Expert","12.2","11.8","-0.4","하향",""
"Basic S","1234","トリッチ・トラッチ・ポルカ","Real","12.7","12.5","-0.2","하향",""
"Basic S","1235","トリノコシティ -arranged by 事務員G-","Normal","3.0","3.1","0.1","상향",""
"Basic S","1237","トリノコシティ -arranged by 事務員G-","Expert","7.0","6.5","-0.5","하향",""
"Basic S","1238","トルコ行進曲","Normal","6.0","6.5","0.5","상향",""
"Basic S","1239","トルコ行進曲","Hard","8.9","9.4","0.5","상향",""
"Basic S","1240","トルコ行進曲","Expert","11.3","11.5","0.2","상향",""
"Basic S","1241","トルコ行進曲","Real","12.8","12.2","-0.6","하향",""
"Basic S","1242","トルコ行進曲","Normal","2.0","2.2","0.2","상향",""
"Basic S","1243","トルコ行進曲","Hard","4.9","5.3","0.4","상향",""
"Basic S","1245","トルコ行進曲","Real","10.7","11.1","0.4","상향",""
"Basic S","1246","トロイメライ","Normal","3.0","3.5","0.5","상향",""
"Basic S","1247","トロイメライ","Hard","3.9","4.4","0.5","상향",""
"Basic S","1248","トロイメライ","Expert","5.0","4.5","-0.5","하향",""
"Basic S","1249","ナイト・オブ・ナイツ","Normal","4.0","4.3","0.3","상향",""
"Basic S","1250","ナイト・オブ・ナイツ","Hard","8.9","9.4","0.5","상향",""
"Basic S","1252","ナイト・オブ・ナイツ","Real","12.7","12.4","-0.3","하향",""
"Basic S","1253","ニコラウスさんの出来心","Normal","5.0","4.8","-0.2","하향",""
"Basic S","1254","ニコラウスさんの出来心","Hard","8.0","8.2","0.2","상향",""
"Basic S","1255","ニコラウスさんの出来心","Expert","12.2","11.8","-0.4","하향",""
"Basic S","1256","ニコラウスさんの出来心","Real","12.7","12.4","-0.3","하향",""
"Basic S","1257","ニルスのコイン","Normal","3.0","3.2","0.2","상향",""
"Basic S","1258","ニルスのコイン","Hard","6.9","6.8","-0.1","하향",""
"Basic S","1259","ニルスのコイン","Expert","12.2","11.6","-0.6","하향",""
"Basic S","1260","ニルスのコイン","Real","12.7","12.5","-0.2","하향",""
"Basic S","1261","ネイティブフェイス","Normal","2.0","2.2","0.2","상향",""
"Basic S","1262","ネイティブフェイス","Hard","7.9","8.0","0.1","상향",""
"Basic S","1263","ネイティブフェイス","Expert","11.3","10.9","-0.4","하향",""
"Basic S","1264","ネイティブフェイス","Real","12.8","12.7","-0.1","하향",""
"Basic S","1266","ネリと琥珀糖","Hard","7.0","6.8","-0.2","하향",""
"Basic S","1267","ネリと琥珀糖","Expert","12.2","11.6","-0.6","하향",""
"Basic S","1268","ネリと琥珀糖","Real","12.7","12.3","-0.4","하향",""
"Basic S","1269","ハイドンの名によるメヌエット","Normal","3.0","3.1","0.1","상향",""
"Basic S","1270","ハイドンの名によるメヌエット","Hard","5.9","5.6","-0.3","하향",""
"Basic S","1271","ハイドンの名によるメヌエット","Expert","9.0","8.5","-0.5","하향",""
"Basic S","1272","ハイドンの名によるメヌエット","Real","10.7","10.5","-0.2","하향",""
"Basic S","1273","ハッピーシンセサイザ","Normal","2.0","2.1","0.1","상향",""
"Basic S","1275","ハッピーシンセサイザ","Expert","10.0","9.7","-0.3","하향",""
"Basic S","1276","ハッピーシンセサイザ","Real","10.7","10.6","-0.1","하향",""
"Basic S","1277","ハテノサキ","Normal","3.0","2.8","-0.2","하향",""
"Basic S","1278","ハテノサキ","Hard","5.9","5.8","-0.1","하향",""
"Basic S","1279","ハテノサキ","Expert","9.9","9.7","-0.2","하향",""
"Basic S","1280","ハテノサキ","Real","12.2","11.5","-0.7","하향",""
"Basic S","1281","ハラショー！おにぎりサーカス団☆","Normal","5.0","4.8","-0.2","하향",""
"Basic S","1282","ハラショー！おにぎりサーカス団☆","Hard","7.9","7.8","-0.1","하향",""
"Basic S","1283","ハラショー！おにぎりサーカス団☆","Expert","12.2","11.8","-0.4","하향",""
"Basic S","1284","ハラショー！おにぎりサーカス団☆","Real","12.8","12.6","-0.2","하향",""
"Basic S","1286","ハンガリー狂詩曲第2番","Hard","7.9","8.3","0.4","상향",""
"Basic S","1287","ハンガリー狂詩曲第2番","Expert","12.2","12.0","-0.2","하향",""
"Basic S","1288","ハンガリー狂詩曲第2番","Real","12.8","12.9","0.1","상향",""
"Basic S","1289","ハンガリー舞曲第5番","Normal","4.0","4.1","0.1","상향",""
"Basic S","1290","ハンガリー舞曲第5番","Hard","6.9","7.0","0.1","상향",""
"Basic S","1291","ハンガリー舞曲第5番","Expert","11.2","11.0","-0.2","하향",""
"Basic S","1292","ハンガリー舞曲第5番","Real","12.3","12.0","-0.3","하향",""
"Basic S","1293","ハンガリー舞曲第6番","Normal","4.0","4.3","0.3","상향",""
"Basic S","1294","ハンガリー舞曲第6番","Hard","7.0","7.4","0.4","상향",""
"Basic S","1295","ハンガリー舞曲第6番","Expert","11.2","11.1","-0.1","하향",""
"Basic S","1296","ハンガリー舞曲第6番","Real","12.7","12.4","-0.3","하향",""
"Basic S","1297","バッドエンド・シンドローム","Normal","4.0","4.1","0.1","상향",""
"Basic S","1298","バッドエンド・シンドローム","Hard","6.9","7.2","0.3","상향",""
"Basic S","1299","バッドエンド・シンドローム","Expert","12.2","11.7","-0.5","하향",""
"Basic S","1300","バラード第1番","Normal","4.0","4.5","0.5","상향",""
"Basic S","1301","バラード第1番","Hard","7.1","7.4","0.3","상향",""
"Basic S","1302","バラード第1番","Expert","11.3","11.5","0.2","상향",""
"Basic S","1303","バラード第1番","Real","13.6","13.1","-0.5","하향",""
"Basic S","1304","バルベリア・タンゴ","Normal","4.0","3.8","-0.2","하향",""
"Basic S","1305","バルベリア・タンゴ","Hard","7.9","8.2","0.3","상향",""
"Basic S","1306","バルベリア・タンゴ","Expert","12.2","11.7","-0.5","하향",""
"Basic S","1307","バルベリア・タンゴ","Real","12.6","12.3","-0.3","하향",""
"Basic S","1308","バンブーソード・ガール","Normal","4.0","3.7","-0.3","하향",""
"Basic S","1309","バンブーソード・ガール","Hard","7.9","8.0","0.1","상향",""
"Basic S","1310","バンブーソード・ガール","Expert","11.2","11.3","0.1","상향",""
"Basic S","1311","パイナップル・ラグ","Normal","2.0","1.9","-0.1","하향",""
"Basic S","1312","パイナップル・ラグ","Hard","5.9","5.7","-0.2","하향",""
"Basic S","1314","パイナップル・ラグ","Real","10.5","10.7","0.2","상향",""
"Basic S","1315","パガニーニによる大練習曲第6番「主題と変奏」","Normal","5.0","5.4","0.4","상향",""
"Basic S","1316","パガニーニによる大練習曲第6番「主題と変奏」","Hard","8.0","8.3","0.3","상향",""
"Basic S","1319","パヴァーヌ","Normal","3.0","2.6","-0.4","하향",""
"Basic S","1320","パヴァーヌ","Hard","4.9","4.5","-0.4","하향",""
"Basic S","1321","パヴァーヌ","Expert","10.0","9.6","-0.4","하향",""
"Basic S","1322","パヴァーヌ","Real","10.6","10.5","-0.1","하향",""
"Basic S","1323","パーフェクトイーター","Normal","5.0","5.1","0.1","상향",""
"Basic S","1324","パーフェクトイーター","Hard","7.9","8.0","0.1","상향",""
"Basic S","1325","パーフェクトイーター","Expert","12.2","11.7","-0.5","하향",""
"Basic S","1326","パーフェクトイーター","Real","12.7","12.4","-0.3","하향",""
"Basic S","1327","ピアノソナタ「テンペスト」第３楽章","Normal","4.0","4.2","0.2","상향",""
"Basic S","1330","ピアノソナタ「テンペスト」第３楽章","Real","13.5","13.1","-0.4","하향",""
"Basic S","1331","ピアノソナタ「ヴァルトシュタイン」第１楽章","Normal","4.0","4.4","0.4","상향",""
"Basic S","1332","ピアノソナタ「ヴァルトシュタイン」第１楽章","Hard","7.9","8.0","0.1","상향",""
"Basic S","1333","ピアノソナタ「ヴァルトシュタイン」第１楽章","Expert","12.2","11.9","-0.3","하향",""
"Basic S","1334","ピアノソナタ「ヴァルトシュタイン」第１楽章","Real","13.0","12.7","-0.3","하향",""
"Basic S","1335","ピアノソナタ「悲愴」第２楽章","Normal","2.0","2.2","0.2","상향",""
"Basic S","1336","ピアノソナタ「悲愴」第２楽章","Hard","6.1","6.4","0.3","상향",""
"Basic S","1337","ピアノソナタ「悲愴」第２楽章","Expert","8.0","7.6","-0.4","하향",""
"Basic S","1338","ピアノソナタ「月光」第１楽章","Normal","2.0","1.5","-0.5","하향",""
"Basic S","1339","ピアノソナタ「月光」第１楽章","Hard","4.0","3.5","-0.5","하향",""
"Basic S","1340","ピアノソナタ「月光」第１楽章","Expert","11.1","10.5","-0.6","하향",""
"Basic S","1341","ピアノソナタ「月光」第３楽章","Normal","4.0","4.4","0.4","상향",""
"Basic S","1342","ピアノソナタ「月光」第３楽章","Hard","8.9","9.5","0.6","상향",""
"Basic S","1343","ピアノソナタ「月光」第３楽章","Expert","11.3","11.4","0.1","상향",""
"Basic S","1344","ピアノソナタ「月光」第３楽章","Real","12.9","13.0","0.1","상향",""
"Basic S","1345","ピアノソナタ「熱情」第３楽章","Normal","3.0","3.3","0.3","상향",""
"Basic S","1346","ピアノソナタ「熱情」第３楽章","Hard","8.1","8.3","0.2","상향",""
"Basic S","1347","ピアノソナタ「熱情」第３楽章","Expert","12.3","12.1","-0.2","하향",""
"Basic S","1348","ピアノソナタ「熱情」第３楽章","Real","13.9","13.7","-0.2","하향",""
"Basic S","1349","ピアノソナタ第15番第1楽章","Normal","4.0","4.4","0.4","상향",""
"Basic S","1350","ピアノソナタ第15番第1楽章","Hard","7.9","8.4","0.5","상향",""
"Basic S","1351","ピアノソナタ第15番第1楽章","Expert","12.4","12.2","-0.2","하향",""
"Basic S","1352","ピアノソナタ第15番第1楽章","Real","12.8","12.6","-0.2","하향",""
"Basic S","1353","ピアノソナタ第2番「葬送」第2楽章","Normal","4.0","4.2","0.2","상향",""
"Basic S","1354","ピアノソナタ第2番「葬送」第2楽章","Hard","6.9","7.1","0.2","상향",""
"Basic S","1355","ピアノソナタ第2番「葬送」第2楽章","Expert","11.2","11.3","0.1","상향",""
"Basic S","1356","ピアノソナタ第2番「葬送」第2楽章","Real","12.2","12.0","-0.2","하향",""
"Basic S","1357","ピアノ体操第一","Normal","6.0","6.3","0.3","상향",""
"Basic S","1358","ピアノ体操第一","Hard","9.9","10.5","0.6","상향",""
"Basic S","1359","ピアノ体操第一","Expert","12.3","12.0","-0.3","하향",""
"Basic S","1360","ピアノ体操第一","Real","14.1","13.9","-0.2","하향",""
"Basic S","1361","ピアノ協奏曲第1楽章","Normal","3.0","2.7","-0.3","하향",""
"Basic S","1362","ピアノ協奏曲第1楽章","Hard","6.9","6.8","-0.1","하향",""
"Basic S","1363","ピアノ協奏曲第1楽章","Expert","12.3","11.9","-0.4","하향",""
"Basic S","1364","ピアノ協奏曲第1楽章","Real","12.9","12.6","-0.3","하향",""
"Basic S","1365","ピアノ協奏曲第1番“蠍火”","Normal","6.0","6.4","0.4","상향",""
"Basic S","1366","ピアノ協奏曲第1番“蠍火”","Hard","8.9","9.4","0.5","상향",""
"Basic S","1367","ピアノ協奏曲第1番“蠍火”","Expert","13.6","12.2","-1.4","하향",""
"Basic S","1368","ピアノ協奏曲第1番第1楽章","Normal","5.0","4.8","-0.2","하향",""
"Basic S","1369","ピアノ協奏曲第1番第1楽章","Hard","6.9","6.6","-0.3","하향",""
"Basic S","1370","ピアノ協奏曲第1番第1楽章","Expert","12.3","12.0","-0.3","하향",""
"Basic S","1371","ピアノ協奏曲第1番第1楽章","Real","12.9","12.5","-0.4","하향",""
"Basic S","1372","ピアノ協奏曲第2番第1楽章","Normal","3.0","2.6","-0.4","하향",""
"Basic S","1373","ピアノ協奏曲第2番第1楽章","Hard","6.9","6.7","-0.2","하향",""
"Basic S","1374","ピアノ協奏曲第2番第1楽章","Expert","12.3","12.0","-0.3","하향",""
"Basic S","1375","ピアノ協奏曲第2番第1楽章","Real","12.9","12.6","-0.3","하향",""
"Basic S","1376","ピアノ独奏無言歌 ""灰燼""","Normal","7.0","7.2","0.2","상향",""
"Basic S","1377","ピアノ独奏無言歌 ""灰燼""","Hard","9.9","10.5","0.6","상향",""
"Basic S","1378","ピアノ独奏無言歌 ""灰燼""","Expert","12.4","12.2","-0.2","하향",""
"Basic S","1379","ピアノ独奏無言歌 ""灰燼""","Real","14.3","14.2","-0.1","하향",""
"Basic S","1380","フィガロの結婚序曲","Normal","3.0","3.4","0.4","상향",""
"Basic S","1381","フィガロの結婚序曲","Hard","6.9","7.3","0.4","상향",""
"Basic S","1382","フィガロの結婚序曲","Expert","12.3","12.1","-0.2","하향",""
"Basic S","1383","フィガロの結婚序曲","Real","13.5","13.1","-0.4","하향",""
"Basic S","1384","ボロディン風に","Normal","3.0","2.9","-0.1","하향",""
"Basic S","1385","ボロディン風に","Hard","5.9","5.6","-0.3","하향",""
"Basic S","1386","ボロディン風に","Expert","10.0","9.6","-0.4","하향",""
"Basic S","1387","ボロディン風に","Real","10.6","10.5","-0.1","하향",""
"Basic S","1388","ポラリスノウタ","Normal","4.0","3.9","-0.1","하향",""
"Basic S","1389","ポラリスノウタ","Hard","5.9","5.8","-0.1","하향",""
"Basic S","1390","ポラリスノウタ","Expert","12.2","11.6","-0.6","하향",""
"Basic S","1391","ポラリスノウタ","Real","12.7","12.3","-0.4","하향",""
"Basic S","1392","ミッドナイト☆WAR(NOSTALGIA Style)","Normal","3.0","3.3","0.3","상향",""
"Basic S","1393","ミッドナイト☆WAR(NOSTALGIA Style)","Hard","5.9","6.3","0.4","상향",""
"Basic S","1394","ミッドナイト☆WAR(NOSTALGIA Style)","Expert","11.3","11.4","0.1","상향",""
"Basic S","1395","ミッドナイト☆WAR(NOSTALGIA Style)","Real","12.8","12.6","-0.2","하향",""
"Basic S","1397","メイプルリーフ・ラグ","Hard","5.9","6.0","0.1","상향",""
"Basic S","1398","メイプルリーフ・ラグ","Expert","10.0","10.3","0.3","상향",""
"Basic S","1399","メイプルリーフ・ラグ","Real","10.6","11.3","0.7","상향",""
"Basic S","1400","メヌエット","Normal","1.0","1.4","0.4","상향",""
"Basic S","1401","メヌエット","Hard","3.0","3.4","0.4","상향",""
"Basic S","1402","メヌエット","Expert","5.0","4.5","-0.5","하향",""
"Basic S","1403","メヌエット","Real","8.9","8.6","-0.3","하향",""
"Basic S","1404","メヌエット","Normal","3.0","3.1","0.1","상향",""
"Basic S","1405","メヌエット","Hard","5.9","5.8","-0.1","하향",""
"Basic S","1407","メヌエット","Real","10.6","10.7","0.1","상향",""
"Basic S","1408","メヌエット イ短調","Normal","1.0","1.1","0.1","상향",""
"Basic S","1409","メヌエット イ短調","Hard","2.9","2.5","-0.4","하향",""
"Basic S","1410","メヌエット イ短調","Expert","5.0","4.5","-0.5","하향",""
"Basic S","1411","メヌエット ト短調","Normal","1.0","1.4","0.4","상향",""
"Basic S","1412","メヌエット ト短調","Hard","2.9","3.2","0.3","상향",""
"Basic S","1413","メヌエット ト短調","Expert","6.0","5.5","-0.5","하향",""
"Basic S","1414","メヌエット ト短調","Real","10.0","9.7","-0.3","하향",""
"Basic S","1416","モノクロモーメント","Hard","7.0","6.7","-0.3","하향",""
"Basic S","1417","モノクロモーメント","Expert","10.0","10.3","0.3","상향",""
"Basic S","1419","ユメイロムスビ","Normal","5.0","5.2","0.2","상향",""
"Basic S","1420","ユメイロムスビ","Hard","8.0","8.3","0.3","상향",""
"Basic S","1421","ユメイロムスビ","Expert","11.3","11.1","-0.2","하향",""
"Basic S","1422","ユメイロムスビ","Real","12.3","11.9","-0.4","하향",""
"Basic S","1423","ユモレスク","Normal","3.0","3.4","0.4","상향",""
"Basic S","1424","ユモレスク","Hard","6.0","6.2","0.2","상향",""
"Basic S","1425","ユモレスク","Expert","9.0","9.1","0.1","상향",""
"Basic S","1426","ラキラキ","Normal","4.0","3.5","-0.5","하향",""
"Basic S","1427","ラキラキ","Hard","5.9","5.8","-0.1","하향",""
"Basic S","1428","ラキラキ","Expert","10.0","9.8","-0.2","하향",""
"Basic S","1429","ラキラキ","Real","12.2","12.0","-0.2","하향",""
"Basic S","1430","ラグトレイン","Normal","3.0","2.8","-0.2","하향",""
"Basic S","1431","ラグトレイン","Hard","5.9","5.7","-0.2","하향",""
"Basic S","1432","ラグトレイン","Expert","8.9","8.7","-0.2","하향",""
"Basic S","1433","ラグトレイン","Real","12.2","11.5","-0.7","하향",""
"Basic S","1434","ラデツキー行進曲","Normal","4.0","4.4","0.4","상향",""
"Basic S","1435","ラデツキー行進曲","Hard","6.9","7.4","0.5","상향",""
"Basic S","1436","ラデツキー行進曲","Expert","10.1","10.4","0.3","상향",""
"Basic S","1437","ラデツキー行進曲","Real","10.7","11.2","0.5","상향",""
"Basic S","1439","ラブキラ☆スプラッシュ","Hard","6.9","6.7","-0.2","하향",""
"Basic S","1440","ラブキラ☆スプラッシュ","Expert","10.0","10.1","0.1","상향",""
"Basic S","1441","ラブキラ☆スプラッシュ","Real","12.3","12.0","-0.3","하향",""
"Basic S","1442","ラプソディ・イン・ブルー","Normal","4.0","4.4","0.4","상향",""
"Basic S","1443","ラプソディ・イン・ブルー","Hard","5.9","6.4","0.5","상향",""
"Basic S","1444","ラプソディ・イン・ブルー","Expert","9.9","10.4","0.5","상향",""
"Basic S","1445","ラプソディ・イン・ブルー","Real","12.2","12.1","-0.1","하향",""
"Basic S","1446","ランカーキラーガール","Normal","5.0","5.3","0.3","상향",""
"Basic S","1447","ランカーキラーガール","Hard","7.9","8.2","0.3","상향",""
"Basic S","1448","ランカーキラーガール","Expert","12.3","11.8","-0.5","하향",""
"Basic S","1449","ラ・カンパネラ","Normal","2.0","2.5","0.5","상향",""
"Basic S","1450","ラ・カンパネラ","Hard","7.9","8.5","0.6","상향",""
"Basic S","1455","リメンバーリメンバー (BEMANI SYMPHONY Arr.)","Real","12.1","11.6","-0.5","하향",""
"Basic S","1456","ルスランとリュドミラ序曲","Normal","4.0","4.4","0.4","상향",""
"Basic S","1457","ルスランとリュドミラ序曲","Hard","6.9","7.3","0.4","상향",""
"Basic S","1458","ルスランとリュドミラ序曲","Expert","12.2","11.8","-0.4","하향",""
"Basic S","1459","ルスランとリュドミラ序曲","Real","13.7","13.2","-0.5","하향",""
"Basic S","1460","ルミナスデイズ","Normal","3.0","3.1","0.1","상향",""
"Basic S","1461","ルミナスデイズ","Hard","5.0","5.1","0.1","상향",""
"Basic S","1463","レクイエムより「怒りの日」","Normal","4.0","3.9","-0.1","하향",""
"Basic S","1464","レクイエムより「怒りの日」","Hard","7.9","8.1","0.2","상향",""
"Basic S","1465","レクイエムより「怒りの日」","Expert","12.2","11.9","-0.3","하향",""
"Basic S","1466","レクイエムより「怒りの日」","Real","12.8","12.9","0.1","상향",""
"Basic S","1467","レグルス αβ","Normal","3.0","2.9","-0.1","하향",""
"Basic S","1468","レグルス αβ","Hard","7.0","6.9","-0.1","하향",""
"Basic S","1470","レグルス αβ","Real","12.8","12.6","-0.2","하향",""
"Basic S","1471","ロキ","Normal","4.0","3.8","-0.2","하향",""
"Basic S","1472","ロキ","Hard","6.9","7.3","0.4","상향",""
"Basic S","1473","ロキ","Expert","11.2","10.9","-0.3","하향",""
"Basic S","1474","ロストワンの号哭","Normal","3.0","3.2","0.2","상향",""
"Basic S","1475","ロストワンの号哭","Hard","7.9","8.4","0.5","상향",""
"Basic S","1476","ロストワンの号哭","Expert","11.3","11.2","-0.1","하향",""
"Basic S","1477","ロストワンの号哭","Real","12.2","11.9","-0.3","하향",""
"Basic S","1478","ロボット☆ライフ","Normal","4.0","3.7","-0.3","하향",""
"Basic S","1479","ロボット☆ライフ","Hard","5.9","5.8","-0.1","하향",""
"Basic S","1480","ロボット☆ライフ","Expert","10.0","9.8","-0.2","하향",""
"Basic S","1481","ロマンシングエスケープ","Normal","3.0","2.6","-0.4","하향",""
"Basic S","1482","ロマンシングエスケープ","Hard","6.9","6.6","-0.3","하향",""
"Basic S","1483","ロマンシングエスケープ","Expert","11.2","10.6","-0.6","하향",""
"Basic S","1484","ロマンシングエスケープ","Real","12.3","11.7","-0.6","하향",""
"Basic S","1485","ロミとロボの宇宙飛行","Normal","4.0","3.7","-0.3","하향",""
"Basic S","1486","ロミとロボの宇宙飛行","Hard","7.9","7.8","-0.1","하향",""
"Basic S","1487","ロミとロボの宇宙飛行","Expert","11.2","10.7","-0.5","하향",""
"Basic S","1489","ワルキューレの騎行","Normal","4.0","3.8","-0.2","하향",""
"Basic S","1490","ワルキューレの騎行","Hard","7.9","8.2","0.3","상향",""
"Basic S","1491","ワルキューレの騎行","Expert","12.3","12.0","-0.3","하향",""
"Basic S","1492","ワルキューレの騎行","Real","13.8","13.2","-0.6","하향",""
"Basic S","1495","ワルツ第14番","Expert","12.3","12.1","-0.2","하향",""
"Basic S","1496","ワルツ第17番 ト短調”大犬のワルツ”","Normal","6.0","6.4","0.4","상향",""
"Basic S","1497","ワルツ第17番 ト短調”大犬のワルツ”","Hard","8.8","9.3","0.5","상향",""
"Basic S","1498","ワルツ第17番 ト短調”大犬のワルツ”","Expert","12.4","12.2","-0.2","하향",""
"Basic S","1499","ワルツ第17番 ト短調”大犬のワルツ”","Real","13.8","14.0","0.2","상향",""
"Basic S","1501","ヴァイオリンソナタ第5番「春」第1楽章","Hard","6.0","5.7","-0.3","하향",""
"Basic S","1503","ヴァイオリンソナタ第5番「春」第1楽章","Real","12.3","12.2","-0.1","하향",""
"Basic S","1504","ヴォカリーズ","Normal","3.0","2.5","-0.5","하향",""
"Basic S","1505","ヴォカリーズ","Hard","5.9","5.7","-0.2","하향",""
"Basic S","1506","ヴォカリーズ","Expert","7.9","7.5","-0.4","하향",""
"Basic S","1507","ヴォカリーズ","Real","9.9","9.6","-0.3","하향",""
"Basic S","1508","一夜の恋","Normal","4.0","3.9","-0.1","하향",""
"Basic S","1509","一夜の恋","Hard","8.0","7.9","-0.1","하향",""
"Basic S","1510","一夜の恋","Expert","10.0","10.2","0.2","상향",""
"Basic S","1511","世界の果てに約束の凱歌を","Normal","5.0","4.7","-0.3","하향",""
"Basic S","1512","世界の果てに約束の凱歌を","Hard","7.9","8.1","0.2","상향",""
"Basic S","1513","世界の果てに約束の凱歌を","Expert","12.2","11.6","-0.6","하향",""
"Basic S","1514","世界の果てに約束の凱歌を","Real","12.8","12.4","-0.4","하향",""
"Basic S","1515","主よ、人の望みの喜びよ","Normal","5.0","5.5","0.5","상향",""
"Basic S","1516","主よ、人の望みの喜びよ","Hard","6.0","6.4","0.4","상향",""
"Basic S","1517","主よ、人の望みの喜びよ","Expert","7.0","6.6","-0.4","하향",""
"Basic S","1518","主よ、人の望みの喜びよ","Real","10.6","11.3","0.7","상향",""
"Basic S","1519","久遠の空 ft. 小林まな","Normal","3.0","2.9","-0.1","하향",""
"Basic S","1520","久遠の空 ft. 小林まな","Hard","5.9","6.1","0.2","상향",""
"Basic S","1521","久遠の空 ft. 小林まな","Expert","11.3","11.2","-0.1","하향",""
"Basic S","1522","乙女の祈り","Normal","2.0","1.8","-0.2","하향",""
"Basic S","1523","乙女の祈り","Hard","6.1","6.0","-0.1","하향",""
"Basic S","1524","乙女の祈り","Expert","10.0","9.8","-0.2","하향",""
"Basic S","1525","乙女繚乱 舞い咲き誇れ","Normal","4.0","3.5","-0.5","하향",""
"Basic S","1526","乙女繚乱 舞い咲き誇れ","Hard","6.9","6.6","-0.3","하향",""
"Basic S","1527","乙女繚乱 舞い咲き誇れ","Expert","11.2","10.7","-0.5","하향",""
"Basic S","1528","乙女繚乱 舞い咲き誇れ","Real","12.2","11.6","-0.6","하향",""
"Basic S","1529","亜麻色の髪の乙女","Normal","3.0","3.4","0.4","상향",""
"Basic S","1530","亜麻色の髪の乙女","Hard","6.9","7.3","0.4","상향",""
"Basic S","1531","亜麻色の髪の乙女","Expert","8.9","9.0","0.1","상향",""
"Basic S","1532","亡き王女のためのパヴァーヌ","Normal","3.0","2.6","-0.4","하향",""
"Basic S","1533","亡き王女のためのパヴァーヌ","Hard","5.9","5.6","-0.3","하향",""
"Basic S","1534","亡き王女のためのパヴァーヌ","Expert","10.0","9.6","-0.4","하향",""
"Basic S","1536","亡き王女の為のセプテット","Hard","7.9","8.3","0.4","상향",""
"Basic S","1537","亡き王女の為のセプテット","Expert","12.2","12.0","-0.2","하향",""
"Basic S","1538","亡き王女の為のセプテット","Real","12.8","12.6","-0.2","하향",""
"Basic S","1539","交響曲第5番第1楽章""運命""","Normal","3.0","2.8","-0.2","하향",""
"Basic S","1541","交響曲第5番第1楽章""運命""","Expert","10.0","10.1","0.1","상향",""
"Basic S","1542","交響曲第5番第1楽章""運命""","Real","12.3","12.0","-0.3","하향",""
"Basic S","1543","交響曲第5番第4楽章","Normal","3.0","3.3","0.3","상향",""
"Basic S","1544","交響曲第5番第4楽章","Hard","6.0","6.1","0.1","상향",""
"Basic S","1545","交響曲第5番第4楽章","Expert","11.3","11.2","-0.1","하향",""
"Basic S","1546","交響曲第5番第4楽章","Real","12.3","12.1","-0.2","하향",""
"Basic S","1547","交響曲第7番第1楽章","Normal","3.0","3.2","0.2","상향",""
"Basic S","1548","交響曲第7番第1楽章","Hard","6.9","7.2","0.3","상향",""
"Basic S","1550","交響曲第7番第1楽章","Real","12.8","12.6","-0.2","하향",""
"Basic S","1551","交響曲第9番""新世界より""第4楽章","Normal","4.0","3.9","-0.1","하향",""
"Basic S","1552","交響曲第9番""新世界より""第4楽章","Hard","5.9","5.8","-0.1","하향",""
"Basic S","1553","交響曲第9番""新世界より""第4楽章","Expert","11.2","10.8","-0.4","하향",""
"Basic S","1554","交響曲第9番""新世界より""第4楽章","Real","12.7","12.6","-0.1","하향",""
"Basic S","1555","交響曲第9番第4楽章""歓喜の歌""","Normal","3.0","3.3","0.3","상향",""
"Basic S","1556","交響曲第9番第4楽章""歓喜の歌""","Hard","6.9","7.5","0.6","상향",""
"Basic S","1557","交響曲第9番第4楽章""歓喜の歌""","Expert","12.2","11.7","-0.5","하향",""
"Basic S","1558","交響曲第9番第4楽章""歓喜の歌""","Real","13.1","12.9","-0.2","하향",""
"Basic S","1560","交響詩 「魔女狩り」","Hard","8.8","9.2","0.4","상향",""
"Basic S","1561","交響詩 「魔女狩り」","Expert","12.2","11.9","-0.3","하향",""
"Basic S","1562","交響詩 「魔女狩り」","Real","13.8","13.2","-0.6","하향",""
"Basic S","1563","交響詩「はげ山の一夜」","Normal","4.0","4.3","0.3","상향",""
"Basic S","1564","交響詩「はげ山の一夜」","Hard","7.0","7.2","0.2","상향",""
"Basic S","1565","交響詩「はげ山の一夜」","Expert","12.3","12.1","-0.2","하향",""
"Basic S","1566","交響詩「はげ山の一夜」","Real","12.8","12.6","-0.2","하향",""
"Basic S","1567","交響詩「悪魔の誕生」","Normal","8.0","8.4","0.4","상향",""
"Basic S","1568","交響詩「悪魔の誕生」","Hard","11.0","11.5","0.5","상향",""
"Basic S","1569","交響詩「悪魔の誕生」","Expert","13.5","12.2","-1.3","하향",""
"Basic S","1571","交響詩「死の舞踏」","Normal","4.0","4.2","0.2","상향",""
"Basic S","1572","交響詩「死の舞踏」","Hard","6.9","7.2","0.3","상향",""
"Basic S","1573","交響詩「死の舞踏」","Expert","12.2","11.9","-0.3","하향",""
"Basic S","1574","交響詩「死の舞踏」","Real","12.8","12.7","-0.1","하향",""
"Basic S","1575","人形の夢と目覚め","Normal","2.0","1.9","-0.1","하향",""
"Basic S","1576","人形の夢と目覚め","Hard","5.0","5.2","0.2","상향",""
"Basic S","1577","人形の夢と目覚め","Expert","9.0","8.9","-0.1","하향",""
"Basic S","1579","僕の飛行機","Hard","5.0","5.2","0.2","상향",""
"Basic S","1580","僕の飛行機","Expert","9.0","8.9","-0.1","하향",""
"Basic S","1581","冥 (BEMANI SYMPHONY NOSTALGIA mix)","Normal","4.0","3.8","-0.2","하향",""
"Basic S","1582","冥 (BEMANI SYMPHONY NOSTALGIA mix)","Hard","6.9","6.7","-0.2","하향",""
"Basic S","1583","冥 (BEMANI SYMPHONY NOSTALGIA mix)","Expert","11.3","10.8","-0.5","하향",""
"Basic S","1584","冥 (BEMANI SYMPHONY NOSTALGIA mix)","Real","12.7","12.4","-0.3","하향",""
"Basic S","1585","凛として咲く花の如く","Normal","4.0","3.6","-0.4","하향",""
"Basic S","1586","凛として咲く花の如く","Hard","6.0","5.9","-0.1","하향",""
"Basic S","1587","凛として咲く花の如く","Expert","9.0","8.6","-0.4","하향",""
"Basic S","1589","凛として咲く花の如く ～ひなビタ♪ edition～","Normal","3.0","3.3","0.3","상향",""
"Basic S","1591","凛として咲く花の如く ～ひなビタ♪ edition～","Expert","11.2","11.1","-0.1","하향",""
"Basic S","1592","凛として咲く花の如く ～ひなビタ♪ edition～","Real","12.3","12.0","-0.3","하향",""
"Basic S","1594","凪を穿つ","Hard","8.0","8.2","0.2","상향",""
"Basic S","1595","凪を穿つ","Expert","12.2","12.0","-0.2","하향",""
"Basic S","1596","凪を穿つ","Real","13.2","12.7","-0.5","하향",""
"Basic S","1597","初音ミクの消失","Normal","2.0","2.3","0.3","상향",""
"Basic S","1598","初音ミクの消失","Hard","7.0","7.5","0.5","상향",""
"Basic S","1599","初音ミクの消失","Expert","9.9","10.0","0.1","상향",""
"Basic S","1600","別れのワルツ","Normal","3.0","2.7","-0.3","하향",""
"Basic S","1601","別れのワルツ","Hard","5.9","5.6","-0.3","하향",""
"Basic S","1602","別れのワルツ","Expert","8.0","7.5","-0.5","하향",""
"Basic S","1603","別れのワルツ","Real","9.0","8.6","-0.4","하향",""
"Basic S","1604","別れの曲","Normal","3.0","3.4","0.4","상향",""
"Basic S","1605","別れの曲","Hard","6.1","6.2","0.1","상향",""
"Basic S","1606","別れの曲","Expert","8.1","7.6","-0.5","하향",""
"Basic S","1608","前奏曲 Op.23-5","Normal","4.0","3.9","-0.1","하향",""
"Basic S","1609","前奏曲 Op.23-5","Hard","7.9","8.1","0.2","상향",""
"Basic S","1610","前奏曲 Op.23-5","Expert","11.2","11.3","0.1","상향",""
"Basic S","1611","前奏曲 Op.23-5","Real","12.7","12.6","-0.1","하향",""
"Basic S","1613","前奏曲 Op.23-9","Hard","6.9","7.1","0.2","상향",""
"Basic S","1614","前奏曲 Op.23-9","Expert","12.2","11.9","-0.3","하향",""
"Basic S","1615","前奏曲 Op.23-9","Real","13.2","13.0","-0.2","하향",""
"Basic S","1616","前奏曲 Op.3-2 「鐘」","Normal","3.0","2.5","-0.5","하향",""
"Basic S","1617","前奏曲 Op.3-2 「鐘」","Hard","6.9","6.6","-0.3","하향",""
"Basic S","1618","前奏曲 Op.3-2 「鐘」","Expert","10.0","9.5","-0.5","하향",""
"Basic S","1619","前奏曲 Op.3-2 「鐘」","Real","12.6","12.3","-0.3","하향",""
"Basic S","1620","創世ノート","Normal","5.0","4.6","-0.4","하향",""
"Basic S","1621","創世ノート","Hard","7.9","7.7","-0.2","하향",""
"Basic S","1622","創世ノート","Expert","12.2","11.5","-0.7","하향",""
"Basic S","1623","創世ノート","Real","12.7","12.4","-0.3","하향",""
"Basic S","1624","動物の謝肉祭より第13曲「白鳥」","Normal","3.0","2.6","-0.4","하향",""
"Basic S","1625","動物の謝肉祭より第13曲「白鳥」","Hard","5.9","5.6","-0.3","하향",""
"Basic S","1626","動物の謝肉祭より第13曲「白鳥」","Expert","10.0","9.8","-0.2","하향",""
"Basic S","1627","動物の謝肉祭より第13曲「白鳥」","Real","12.7","12.4","-0.3","하향",""
"Basic S","1630","動物の謝肉祭より第7曲「水族館」","Expert","12.3","12.1","-0.2","하향",""
"Basic S","1631","動物の謝肉祭より第7曲「水族館」","Real","12.9","12.7","-0.2","하향",""
"Basic S","1632","千年ノ理","Normal","3.0","3.3","0.3","상향",""
"Basic S","1633","千年ノ理","Hard","7.9","8.2","0.3","상향",""
"Basic S","1634","千年ノ理","Expert","12.2","11.7","-0.5","하향",""
"Basic S","1635","千本桜","Normal","4.0","3.7","-0.3","하향",""
"Basic S","1637","千本桜","Expert","10.0","9.9","-0.1","하향",""
"Basic S","1638","千本桜","Real","12.2","11.6","-0.6","하향",""
"Basic S","1639","半音階的大ギャロップ","Normal","5.0","5.3","0.3","상향",""
"Basic S","1640","半音階的大ギャロップ","Hard","8.9","9.4","0.5","상향",""
"Basic S","1641","半音階的大ギャロップ","Expert","12.4","12.2","-0.2","하향",""
"Basic S","1642","半音階的大ギャロップ","Real","12.8","12.7","-0.1","하향",""
"Basic S","1643","協奏曲「世界の果てに約束の凱歌を」～28の鍵盤のための～","Normal","4.0","4.4","0.4","상향",""
"Basic S","1644","協奏曲「世界の果てに約束の凱歌を」～28の鍵盤のための～","Hard","7.9","8.3","0.4","상향",""
"Basic S","1645","協奏曲「世界の果てに約束の凱歌を」～28の鍵盤のための～","Expert","12.2","12.0","-0.2","하향",""
"Basic S","1648","協奏曲第1番ホ長調 RV 269「春」より第一楽章","Hard","6.9","6.7","-0.2","하향",""
"Basic S","1649","協奏曲第1番ホ長調 RV 269「春」より第一楽章","Expert","11.2","10.9","-0.3","하향",""
"Basic S","1650","協奏曲第1番ホ長調 RV 269「春」より第一楽章","Real","12.3","12.2","-0.1","하향",""
"Basic S","1651","協奏曲第2番ト短調 RV 315「夏」より第三楽章","Normal","3.0","3.2","0.2","상향",""
"Basic S","1652","協奏曲第2番ト短調 RV 315「夏」より第三楽章","Hard","7.0","7.5","0.5","상향",""
"Basic S","1653","協奏曲第2番ト短調 RV 315「夏」より第三楽章","Expert","13.0","12.2","-0.8","하향",""
"Basic S","1654","協奏曲第2番ト短調 RV 315「夏」より第三楽章","Real","13.9","13.2","-0.7","하향",""
"Basic S","1655","協奏曲第3番ヘ長調 RV 293「秋」より第一楽章","Normal","3.0","3.2","0.2","상향",""
"Basic S","1656","協奏曲第3番ヘ長調 RV 293「秋」より第一楽章","Hard","5.9","6.3","0.4","상향",""
"Basic S","1657","協奏曲第3番ヘ長調 RV 293「秋」より第一楽章","Expert","11.1","10.8","-0.3","하향",""
"Basic S","1658","協奏曲第3番ヘ長調 RV 293「秋」より第一楽章","Real","12.3","11.9","-0.4","하향",""
"Basic S","1659","協奏曲第4番ヘ短調 RV 297「冬」より第一楽章","Normal","4.0","4.4","0.4","상향",""
"Basic S","1660","協奏曲第4番ヘ短調 RV 297「冬」より第一楽章","Hard","7.0","7.5","0.5","상향",""
"Basic S","1661","協奏曲第4番ヘ短調 RV 297「冬」より第一楽章","Expert","12.2","12.1","-0.1","하향",""
"Basic S","1663","叛逆のディスパレート","Normal","4.0","3.9","-0.1","하향",""
"Basic S","1664","叛逆のディスパレート","Hard","6.9","6.8","-0.1","하향",""
"Basic S","1665","叛逆のディスパレート","Expert","12.2","11.6","-0.6","하향",""
"Basic S","1666","叛逆のディスパレート","Real","12.7","12.3","-0.4","하향",""
"Basic S","1667","古風なメヌエット","Normal","4.0","3.8","-0.2","하향",""
"Basic S","1669","古風なメヌエット","Expert","11.2","10.9","-0.3","하향",""
"Basic S","1670","古風なメヌエット","Real","12.2","12.0","-0.2","하향",""
"Basic S","1671","向日葵サンセット","Normal","4.0","3.7","-0.3","하향",""
"Basic S","1672","向日葵サンセット","Hard","6.9","7.2","0.3","상향",""
"Basic S","1673","向日葵サンセット","Expert","10.0","10.3","0.3","상향",""
"Basic S","1674","君氏危うくも近うよれ","Normal","3.0","2.5","-0.5","하향",""
"Basic S","1675","君氏危うくも近うよれ","Hard","6.9","7.0","0.1","상향",""
"Basic S","1678","嘆きの樹 (BEMANI SYMPHONY NOSTALGIA mix)","Normal","4.0","4.3","0.3","상향",""
"Basic S","1679","嘆きの樹 (BEMANI SYMPHONY NOSTALGIA mix)","Hard","6.9","7.1","0.2","상향",""
"Basic S","1680","嘆きの樹 (BEMANI SYMPHONY NOSTALGIA mix)","Expert","11.3","11.2","-0.1","하향",""
"Basic S","1681","嘆きの樹 (BEMANI SYMPHONY NOSTALGIA mix)","Real","12.3","12.1","-0.2","하향",""
"Basic S","1685","変わりゆく時間とノスタルジアと","Real","10.0","10.3","0.3","상향",""
"Basic S","1686","変奏曲「天空遊覧」","Normal","3.0","3.4","0.4","상향",""
"Basic S","1687","変奏曲「天空遊覧」","Hard","5.9","6.4","0.5","상향",""
"Basic S","1688","変奏曲「天空遊覧」","Expert","9.9","10.3","0.4","상향",""
"Basic S","1689","変奏曲「天空遊覧」","Real","10.6","11.2","0.6","상향",""
"Basic S","1690","夏色DIARY 夕凪ノスタルジア","Normal","3.0","3.4","0.4","상향",""
"Basic S","1691","夏色DIARY 夕凪ノスタルジア","Hard","7.0","7.3","0.3","상향",""
"Basic S","1692","夏色DIARY 夕凪ノスタルジア","Expert","10.0","10.2","0.2","상향",""
"Basic S","1693","夏色DIARY 夕凪ノスタルジア","Real","10.7","10.8","0.1","상향",""
"Basic S","1694","夕映の真鍮","Normal","4.0","4.1","0.1","상향",""
"Basic S","1695","夕映の真鍮","Hard","7.0","7.4","0.4","상향",""
"Basic S","1696","夕映の真鍮","Expert","11.2","11.0","-0.2","하향",""
"Basic S","1697","夕映の真鍮","Real","12.3","11.9","-0.4","하향",""
"Basic S","1698","夕焼け猫とブリキのロボット","Normal","3.0","3.1","0.1","상향",""
"Basic S","1699","夕焼け猫とブリキのロボット","Hard","4.9","5.0","0.1","상향",""
"Basic S","1700","夕焼け猫とブリキのロボット","Expert","6.9","6.5","-0.4","하향",""
"Basic S","1701","夕焼け猫とブリキのロボット","Real","10.0","10.1","0.1","상향",""
"Basic S","1702","多極性ニューロンの崩壊による人間の末路","Normal","3.0","3.1","0.1","상향",""
"Basic S","1703","多極性ニューロンの崩壊による人間の末路","Hard","6.9","7.1","0.2","상향",""
"Basic S","1704","多極性ニューロンの崩壊による人間の末路","Expert","12.2","11.8","-0.4","하향",""
"Basic S","1706","夜想曲（ノクターン）第２番","Normal","2.0","2.4","0.4","상향",""
"Basic S","1707","夜想曲（ノクターン）第２番","Hard","5.9","6.4","0.5","상향",""
"Basic S","1708","夜想曲（ノクターン）第２番","Expert","7.0","6.5","-0.5","하향",""
"Basic S","1709","夢ハ夢ノママデ","Normal","4.0","4.4","0.4","상향",""
"Basic S","1710","夢ハ夢ノママデ","Hard","8.1","8.4","0.3","상향",""
"Basic S","1711","夢ハ夢ノママデ","Expert","11.3","11.4","0.1","상향",""
"Basic S","1712","夢想","Normal","3.0","2.6","-0.4","하향",""
"Basic S","1713","夢想","Hard","5.9","5.6","-0.3","하향",""
"Basic S","1714","夢想","Expert","9.0","8.6","-0.4","하향",""
"Basic S","1715","夢想","Real","10.0","9.7","-0.3","하향",""
"Basic S","1716","天ノ弱","Normal","3.0","2.8","-0.2","하향",""
"Basic S","1719","天使の追放","Normal","8.0","8.1","0.1","상향",""
"Basic S","1720","天使の追放","Hard","11.0","11.5","0.5","상향",""
"Basic S","1721","天使の追放","Expert","12.4","12.2","-0.2","하향",""
"Basic S","1722","天使の追放","Real","14.2","14.3","0.1","상향",""
"Basic S","1723","天泣","Normal","4.0","4.1","0.1","상향",""
"Basic S","1725","天泣","Expert","12.3","12.1","-0.2","하향",""
"Basic S","1726","天泣","Real","13.9","13.2","-0.7","하향",""
"Basic S","1727","天空の夜明け (BEMANI SYMPHONY NOSTALGIA mix)","Normal","4.0","3.8","-0.2","하향",""
"Basic S","1728","天空の夜明け (BEMANI SYMPHONY NOSTALGIA mix)","Hard","7.9","7.8","-0.1","하향",""
"Basic S","1729","天空の夜明け (BEMANI SYMPHONY NOSTALGIA mix)","Expert","12.3","11.9","-0.4","하향",""
"Basic S","1730","天空の夜明け (BEMANI SYMPHONY NOSTALGIA mix)","Real","13.8","13.1","-0.7","하향",""
"Basic S","1731","女神の微睡","Normal","7.0","7.2","0.2","상향",""
"Basic S","1732","女神の微睡","Hard","8.9","9.3","0.4","상향",""
"Basic S","1733","女神の微睡","Expert","13.6","12.2","-1.4","하향",""
"Basic S","1734","女神の微睡","Real","14.3","14.4","0.1","상향",""
"Basic S","1735","妖隠し -あやかしかくし-","Normal","3.0","3.4","0.4","상향",""
"Basic S","1736","妖隠し -あやかしかくし-","Hard","6.9","7.3","0.4","상향",""
"Basic S","1737","妖隠し -あやかしかくし-","Expert","10.0","10.4","0.4","상향",""
"Basic S","1738","子供のためのアルバムより「メロディ」","Normal","1.0","1.2","0.2","상향",""
"Basic S","1739","子供のためのアルバムより「メロディ」","Hard","2.9","2.8","-0.1","하향",""
"Basic S","1740","子供のためのアルバムより「メロディ」","Expert","6.0","5.5","-0.5","하향",""
"Basic S","1741","子供のためのアルバムより「メロディ」","Real","9.0","8.5","-0.5","하향",""
"Basic S","1742","官僚的なソナチネより第１楽章・第３楽章","Normal","4.0","4.2","0.2","상향",""
"Basic S","1743","官僚的なソナチネより第１楽章・第３楽章","Hard","6.9","7.2","0.3","상향",""
"Basic S","1745","官僚的なソナチネより第１楽章・第３楽章","Real","12.3","12.1","-0.2","하향",""
"Basic S","1746","小フーガ ト短調 BWV578","Normal","3.0","3.5","0.5","상향",""
"Basic S","1747","小フーガ ト短調 BWV578","Hard","6.9","7.3","0.4","상향",""
"Basic S","1748","小フーガ ト短調 BWV578","Expert","11.2","11.4","0.2","상향",""
"Basic S","1749","小人がひとり森の中で","Normal","1.0","1.2","0.2","상향",""
"Basic S","1750","小人がひとり森の中で","Hard","4.0","3.6","-0.4","하향",""
"Basic S","1751","小人がひとり森の中で","Expert","8.0","7.5","-0.5","하향",""
"Basic S","1752","小悪魔のエチュードOp.1 「タランテラ」","Normal","4.0","4.3","0.3","상향",""
"Basic S","1753","小悪魔のエチュードOp.1 「タランテラ」","Hard","6.0","6.3","0.3","상향",""
"Basic S","1754","小悪魔のエチュードOp.1 「タランテラ」","Expert","11.3","11.5","0.2","상향",""
"Basic S","1755","小悪魔のエチュードOp.1 「タランテラ」","Real","12.7","12.2","-0.5","하향",""
"Basic S","1756","小犬のワルツ","Normal","6.0","6.4","0.4","상향",""
"Basic S","1757","小犬のワルツ","Hard","9.1","9.5","0.4","상향",""
"Basic S","1758","小犬のワルツ","Expert","12.7","12.2","-0.5","하향",""
"Basic S","1760","少女アリスと箱庭幻想コンチェルト","Hard","7.9","7.8","-0.1","하향",""
"Basic S","1762","少女アリスと箱庭幻想コンチェルト","Real","12.8","12.7","-0.1","하향",""
"Basic S","1763","少年と少女のためのラプソディア","Normal","4.0","4.3","0.3","상향",""
"Basic S","1764","少年と少女のためのラプソディア","Hard","6.9","7.1","0.2","상향",""
"Basic S","1766","展覧会の絵","Normal","3.0","3.4","0.4","상향",""
"Basic S","1767","展覧会の絵","Hard","6.0","6.2","0.2","상향",""
"Basic S","1768","展覧会の絵","Expert","7.9","7.6","-0.3","하향",""
"Basic S","1769","山の魔王の宮殿にて","Normal","4.0","3.8","-0.2","하향",""
"Basic S","1770","山の魔王の宮殿にて","Hard","6.9","6.7","-0.2","하향",""
"Basic S","1771","山の魔王の宮殿にて","Expert","12.2","11.6","-0.6","하향",""
"Basic S","1772","山の魔王の宮殿にて","Real","12.7","12.4","-0.3","하향",""
"Basic S","1773","平均律クラヴィーア曲集第1巻第2番プレリュード","Normal","4.0","3.8","-0.2","하향",""
"Basic S","1775","平均律クラヴィーア曲集第1巻第2番プレリュード","Expert","12.3","12.1","-0.2","하향",""
"Basic S","1776","平均律クラヴィーア曲集第1巻第2番プレリュード","Real","13.4","13.0","-0.4","하향",""
"Basic S","1777","幻想のサテライト","Normal","3.0","2.8","-0.2","하향",""
"Basic S","1778","幻想のサテライト","Hard","6.9","7.0","0.1","상향",""
"Basic S","1779","幻想のサテライト","Expert","11.3","11.2","-0.1","하향",""
"Basic S","1780","幻想のサテライト","Real","12.7","12.5","-0.2","하향",""
"Basic S","1781","幻想交響曲第4楽章「断頭台への行進」","Normal","4.0","4.3","0.3","상향",""
"Basic S","1782","幻想交響曲第4楽章「断頭台への行進」","Hard","6.9","7.0","0.1","상향",""
"Basic S","1783","幻想交響曲第4楽章「断頭台への行進」","Expert","12.3","12.1","-0.2","하향",""
"Basic S","1784","幻想交響曲第4楽章「断頭台への行進」","Real","12.8","12.6","-0.2","하향",""
"Basic S","1785","幻想即興曲","Normal","6.0","6.5","0.5","상향",""
"Basic S","1786","幻想即興曲","Hard","9.0","9.5","0.5","상향",""
"Basic S","1787","幻想即興曲","Expert","11.4","11.5","0.1","상향",""
"Basic S","1788","幻想即興曲","Real","13.5","13.4","-0.1","하향",""
"Basic S","1789","幻想小曲集Op.12より第2曲「飛翔」","Normal","3.0","3.1","0.1","상향",""
"Basic S","1790","幻想小曲集Op.12より第2曲「飛翔」","Hard","6.9","6.6","-0.3","하향",""
"Basic S","1791","幻想小曲集Op.12より第2曲「飛翔」","Expert","11.2","10.9","-0.3","하향",""
"Basic S","1792","幻想小曲集Op.12より第2曲「飛翔」","Real","12.2","12.0","-0.2","하향",""
"Basic S","1793","幻想系世界修復少女","Normal","3.0","2.7","-0.3","하향",""
"Basic S","1795","幻想系世界修復少女","Expert","10.0","9.9","-0.1","하향",""
"Basic S","1796","幽雅に咲かせ、墨染の桜 ～ Border of Life","Normal","5.0","5.4","0.4","상향",""
"Basic S","1797","幽雅に咲かせ、墨染の桜 ～ Border of Life","Hard","8.1","8.5","0.4","상향",""
"Basic S","1798","幽雅に咲かせ、墨染の桜 ～ Border of Life","Expert","12.3","12.1","-0.2","하향",""
"Basic S","1799","序曲「煌」","Normal","4.0","4.4","0.4","상향",""
"Basic S","1800","序曲「煌」","Hard","7.9","8.4","0.5","상향",""
"Basic S","1801","序曲「煌」","Expert","12.1","11.8","-0.3","하향",""
"Basic S","1802","序曲「煌」","Real","12.8","12.7","-0.1","하향",""
"Basic S","1803","形無き旋律","Normal","5.0","4.9","-0.1","하향",""
"Basic S","1804","形無き旋律","Hard","7.1","7.4","0.3","상향",""
"Basic S","1805","形無き旋律","Expert","10.0","10.3","0.3","상향",""
"Basic S","1806","形無き旋律","Real","12.3","12.0","-0.3","하향",""
"Basic S","1807","待チ人ハ来ズ。","Normal","3.0","3.3","0.3","상향",""
"Basic S","1808","待チ人ハ来ズ。","Hard","5.9","6.1","0.2","상향",""
"Basic S","1809","待チ人ハ来ズ。","Expert","7.9","7.6","-0.3","하향",""
"Basic S","1810","待チ人ハ来ズ。","Real","10.7","10.5","-0.2","하향",""
"Basic S","1811","御伽噺に幕切れを","Normal","4.0","3.9","-0.1","하향",""
"Basic S","1812","御伽噺に幕切れを","Hard","6.9","7.0","0.1","상향",""
"Basic S","1813","御伽噺に幕切れを","Expert","11.3","11.0","-0.3","하향",""
"Basic S","1814","御伽噺に幕切れを","Real","12.2","12.0","-0.2","하향",""
"Basic S","1815","恋とキングコング","Normal","2.0","1.9","-0.1","하향",""
"Basic S","1816","恋とキングコング","Hard","6.9","6.8","-0.1","하향",""
"Basic S","1818","恋とキングコング","Real","12.3","11.8","-0.5","하향",""
"Basic S","1820","恋と赤方偏移","Hard","6.9","6.6","-0.3","하향",""
"Basic S","1821","恋と赤方偏移","Expert","12.1","11.5","-0.6","하향",""
"Basic S","1822","恋と赤方偏移","Real","12.7","12.3","-0.4","하향",""
"Basic S","1823","恋愛観測 -2021真夏のエンディング ver.-","Normal","4.0","3.6","-0.4","하향",""
"Basic S","1824","恋愛観測 -2021真夏のエンディング ver.-","Hard","6.9","6.8","-0.1","하향",""
"Basic S","1825","恋愛観測 -2021真夏のエンディング ver.-","Expert","10.0","10.1","0.1","상향",""
"Basic S","1826","恋愛観測 -2021真夏のエンディング ver.-","Real","12.3","12.1","-0.2","하향",""
"Basic S","1827","情操ディストピア","Normal","4.0","3.6","-0.4","하향",""
"Basic S","1828","情操ディストピア","Hard","6.9","6.6","-0.3","하향",""
"Basic S","1829","情操ディストピア","Expert","11.1","10.7","-0.4","하향",""
"Basic S","1830","情操ディストピア","Real","12.8","12.6","-0.2","하향",""
"Basic S","1831","愛、遠く","Normal","3.0","3.5","0.5","상향",""
"Basic S","1832","愛、遠く","Hard","6.1","6.5","0.4","상향",""
"Basic S","1833","愛、遠く","Expert","10.1","10.5","0.4","상향",""
"Basic S","1835","愛の夢","Normal","4.0","4.4","0.4","상향",""
"Basic S","1836","愛の夢","Hard","7.0","7.3","0.3","상향",""
"Basic S","1837","愛の夢","Expert","10.0","10.4","0.4","상향",""
"Basic S","1838","愛の挨拶","Normal","2.0","2.4","0.4","상향",""
"Basic S","1839","愛の挨拶","Hard","5.0","5.4","0.4","상향",""
"Basic S","1840","愛の挨拶","Expert","6.9","6.5","-0.4","하향",""
"Basic S","1841","打打打打打打打打打打","Normal","3.0","3.3","0.3","상향",""
"Basic S","1842","打打打打打打打打打打","Hard","6.9","7.1","0.2","상향",""
"Basic S","1843","打打打打打打打打打打","Expert","12.2","11.8","-0.4","하향",""
"Basic S","1844","打打打打打打打打打打","Real","12.7","12.4","-0.3","하향",""
"Basic S","1845","斑咲花","Normal","4.0","3.7","-0.3","하향",""
"Basic S","1847","斑咲花","Expert","11.2","11.0","-0.2","하향",""
"Basic S","1848","斑咲花","Real","12.7","12.4","-0.3","하향",""
"Basic S","1849","明鏡止水","Normal","4.0","4.1","0.1","상향",""
"Basic S","1850","明鏡止水","Hard","8.9","9.4","0.5","상향",""
"Basic S","1851","明鏡止水","Expert","12.2","11.7","-0.5","하향",""
"Basic S","1852","星座が恋した瞬間を。","Normal","3.0","3.3","0.3","상향",""
"Basic S","1853","星座が恋した瞬間を。","Hard","7.0","7.1","0.1","상향",""
"Basic S","1854","星座が恋した瞬間を。","Expert","11.2","10.8","-0.4","하향",""
"Basic S","1855","春の歌","Normal","3.0","3.5","0.5","상향",""
"Basic S","1856","春の歌","Hard","4.0","4.5","0.5","상향",""
"Basic S","1857","春の歌","Expert","8.0","7.7","-0.3","하향",""
"Basic S","1858","晴天Bon Voyage","Normal","3.0","2.5","-0.5","하향",""
"Basic S","1859","晴天Bon Voyage","Hard","5.9","5.6","-0.3","하향",""
"Basic S","1860","晴天Bon Voyage","Expert","10.0","9.6","-0.4","하향",""
"Basic S","1861","晴天Bon Voyage","Real","12.2","11.6","-0.6","하향",""
"Basic S","1862","最小三倍完全数(NOSTALGIA Style)","Normal","5.0","4.7","-0.3","하향",""
"Basic S","1863","最小三倍完全数(NOSTALGIA Style)","Hard","7.9","8.2","0.3","상향",""
"Basic S","1865","月に叢雲華に風","Normal","3.0","2.6","-0.4","하향",""
"Basic S","1866","月に叢雲華に風","Hard","5.0","4.7","-0.3","하향",""
"Basic S","1867","月に叢雲華に風","Expert","8.0","7.5","-0.5","하향",""
"Basic S","1868","月の光","Normal","5.0","5.4","0.4","상향",""
"Basic S","1869","月の光","Hard","6.0","6.5","0.5","상향",""
"Basic S","1870","月の光","Expert","6.9","6.6","-0.3","하향",""
"Basic S","1871","朧","Normal","3.0","2.6","-0.4","하향",""
"Basic S","1873","朧","Expert","11.2","10.7","-0.5","하향",""
"Basic S","1874","朧","Real","12.3","11.7","-0.6","하향",""
"Basic S","1875","木枯らしのエチュード","Normal","4.0","4.5","0.5","상향",""
"Basic S","1876","木枯らしのエチュード","Hard","7.9","8.5","0.6","상향",""
"Basic S","1877","木枯らしのエチュード","Expert","12.8","12.2","-0.6","하향",""
"Basic S","1878","東洋風幻想曲イスラメイ","Normal","5.0","5.2","0.2","상향",""
"Basic S","1879","東洋風幻想曲イスラメイ","Hard","8.9","9.4","0.5","상향",""
"Basic S","1880","東洋風幻想曲イスラメイ","Expert","12.4","12.2","-0.2","하향",""
"Basic S","1881","東洋風幻想曲イスラメイ","Real","14.0","13.8","-0.2","하향",""
"Basic S","1882","枕元で聞いた不思議な国のお話","Normal","4.0","4.5","0.5","상향",""
"Basic S","1883","枕元で聞いた不思議な国のお話","Hard","7.0","7.5","0.5","상향",""
"Basic S","1884","枕元で聞いた不思議な国のお話","Expert","11.3","11.5","0.2","상향",""
"Basic S","1885","枕元で聞いた不思議な国のお話","Real","12.3","12.2","-0.1","하향",""
"Basic S","1886","樅の木","Normal","2.0","1.6","-0.4","하향",""
"Basic S","1887","樅の木","Hard","6.0","5.5","-0.5","하향",""
"Basic S","1888","樅の木","Expert","9.0","8.5","-0.5","하향",""
"Basic S","1889","樅の木","Real","12.2","11.5","-0.7","하향",""
"Basic S","1890","残日の聲","Normal","5.0","5.4","0.4","상향",""
"Basic S","1891","残日の聲","Hard","7.9","8.4","0.5","상향",""
"Basic S","1892","残日の聲","Expert","12.2","12.1","-0.1","하향",""
"Basic S","1893","残日の聲","Real","12.8","12.7","-0.1","하향",""
"Basic S","1894","水の戯れ","Normal","4.0","4.2","0.2","상향",""
"Basic S","1895","水の戯れ","Hard","6.9","7.2","0.3","상향",""
"Basic S","1896","水の戯れ","Expert","11.3","11.0","-0.3","하향",""
"Basic S","1897","水の戯れ","Real","13.0","12.7","-0.3","하향",""
"Basic S","1898","水上の音楽よりホーンパイプ","Normal","3.0","3.3","0.3","상향",""
"Basic S","1900","水上の音楽よりホーンパイプ","Expert","11.2","10.9","-0.3","하향",""
"Basic S","1901","水上の音楽よりホーンパイプ","Real","12.2","11.8","-0.4","하향",""
"Basic S","1902","水恋アダージョ","Normal","3.0","3.3","0.3","상향",""
"Basic S","1903","水恋アダージョ","Hard","5.9","6.2","0.3","상향",""
"Basic S","1904","水恋アダージョ","Expert","10.0","10.1","0.1","상향",""
"Basic S","1905","水晶塔のオルカ","Normal","5.0","5.4","0.4","상향",""
"Basic S","1906","水晶塔のオルカ","Hard","8.0","8.3","0.3","상향",""
"Basic S","1907","水晶塔のオルカ","Expert","11.2","11.4","0.2","상향",""
"Basic S","1908","水晶塔のオルカ","Real","13.0","12.7","-0.3","하향",""
"Basic S","1909","氷上の激情","Normal","4.0","4.1","0.1","상향",""
"Basic S","1912","氷上の激情","Real","12.3","12.0","-0.3","하향",""
"Basic S","1913","波と凪の挟間で","Normal","3.0","3.1","0.1","상향",""
"Basic S","1914","波と凪の挟間で","Hard","6.9","7.1","0.2","상향",""
"Basic S","1915","波と凪の挟間で","Expert","11.2","11.0","-0.2","하향",""
"Basic S","1916","波と凪の挟間で","Real","12.3","12.1","-0.2","하향",""
"Basic S","1917","流砂の嵐 (BEMANI SYMPHONY Arr.)","Normal","4.0","4.2","0.2","상향",""
"Basic S","1918","流砂の嵐 (BEMANI SYMPHONY Arr.)","Hard","6.9","7.0","0.1","상향",""
"Basic S","1919","流砂の嵐 (BEMANI SYMPHONY Arr.)","Expert","11.2","11.0","-0.2","하향",""
"Basic S","1920","流砂の嵐 (BEMANI SYMPHONY Arr.)","Real","12.2","11.8","-0.4","하향",""
"Basic S","1922","海神 (BEMANI SYMPHONY Arr.)","Hard","7.9","7.8","-0.1","하향",""
"Basic S","1923","海神 (BEMANI SYMPHONY Arr.)","Expert","12.2","11.7","-0.5","하향",""
"Basic S","1924","海神 (BEMANI SYMPHONY Arr.)","Real","12.7","12.8","0.1","상향",""
"Basic S","1925","深海の夢","Normal","4.0","3.6","-0.4","하향",""
"Basic S","1926","深海の夢","Hard","7.0","7.1","0.1","상향",""
"Basic S","1927","深海の夢","Expert","10.0","9.9","-0.1","하향",""
"Basic S","1929","滅びに至るエランプシス","Normal","4.0","3.8","-0.2","하향",""
"Basic S","1930","滅びに至るエランプシス","Hard","7.9","8.0","0.1","상향",""
"Basic S","1931","滅びに至るエランプシス","Expert","11.2","10.9","-0.3","하향",""
"Basic S","1932","滅びに至るエランプシス","Real","12.8","12.5","-0.3","하향",""
"Basic S","1933","熊蜂の飛行","Normal","3.0","2.7","-0.3","하향",""
"Basic S","1934","熊蜂の飛行","Hard","7.9","7.8","-0.1","하향",""
"Basic S","1935","熊蜂の飛行","Expert","12.3","11.8","-0.5","하향",""
"Basic S","1936","熊蜂の飛行","Real","14.0","13.6","-0.4","하향",""
"Basic S","1937","熱砂のバザルドュズ","Normal","5.0","5.1","0.1","상향",""
"Basic S","1938","熱砂のバザルドュズ","Hard","8.0","8.1","0.1","상향",""
"Basic S","1940","熱砂のバザルドュズ","Real","12.3","12.0","-0.3","하향",""
"Basic S","1943","狂水一華","Expert","11.2","10.9","-0.3","하향",""
"Basic S","1944","狂水一華","Real","12.2","11.8","-0.4","하향",""
"Basic S","1945","猫のワルツ","Normal","4.0","4.1","0.1","상향",""
"Basic S","1946","猫のワルツ","Hard","8.0","8.1","0.1","상향",""
"Basic S","1947","猫のワルツ","Expert","11.3","11.4","0.1","상향",""
"Basic S","1948","猫のワルツ","Real","13.2","13.0","-0.2","하향",""
"Basic S","1949","猫侍の逆襲","Normal","4.0","3.9","-0.1","하향",""
"Basic S","1950","猫侍の逆襲","Hard","5.9","5.7","-0.2","하향",""
"Basic S","1951","猫侍の逆襲","Expert","11.2","11.1","-0.1","하향",""
"Basic S","1952","猫侍の逆襲","Real","12.8","12.5","-0.3","하향",""
"Basic S","1953","琥珀のくちづけ ～まり花＆一舞 duet edition～","Normal","3.0","2.9","-0.1","하향",""
"Basic S","1954","琥珀のくちづけ ～まり花＆一舞 duet edition～","Hard","6.9","6.8","-0.1","하향",""
"Basic S","1955","琥珀のくちづけ ～まり花＆一舞 duet edition～","Expert","11.2","11.0","-0.2","하향",""
"Basic S","1956","琥珀のくちづけ ～まり花＆一舞 duet edition～","Real","12.3","11.9","-0.4","하향",""
"Basic S","1957","琥珀の夢","Normal","2.0","1.6","-0.4","하향",""
"Basic S","1958","琥珀の夢","Hard","4.9","4.5","-0.4","하향",""
"Basic S","1959","琥珀の夢","Expert","9.0","8.6","-0.4","하향",""
"Basic S","1960","琥珀の夢","Real","10.6","10.5","-0.1","하향",""
"Basic S","1961","神々が恋した幻想郷","Normal","3.0","3.2","0.2","상향",""
"Basic S","1962","神々が恋した幻想郷","Hard","6.9","7.3","0.4","상향",""
"Basic S","1963","神々が恋した幻想郷","Expert","10.0","10.2","0.2","상향",""
"Basic S","1964","神話に芽吹く","Normal","4.0","3.5","-0.5","하향",""
"Basic S","1965","神話に芽吹く","Hard","6.9","6.6","-0.3","하향",""
"Basic S","1966","神話に芽吹く","Expert","12.2","11.8","-0.4","하향",""
"Basic S","1967","管弦楽組曲第2番より「バディヌリー」","Normal","3.0","3.2","0.2","상향",""
"Basic S","1969","管弦楽組曲第2番より「バディヌリー」","Expert","12.4","12.1","-0.3","하향",""
"Basic S","1970","管弦楽組曲第2番より「バディヌリー」","Real","12.8","12.6","-0.2","하향",""
"Basic S","1971","紡ぎ歌","Normal","4.0","4.5","0.5","상향",""
"Basic S","1972","紡ぎ歌","Hard","5.9","6.3","0.4","상향",""
"Basic S","1973","紡ぎ歌","Expert","9.0","9.1","0.1","상향",""
"Basic S","1974","累乗のカルマ","Normal","5.0","4.6","-0.4","하향",""
"Basic S","1975","累乗のカルマ","Hard","7.9","7.7","-0.2","하향",""
"Basic S","1976","累乗のカルマ","Expert","12.2","11.5","-0.7","하향",""
"Basic S","1977","累乗のカルマ","Real","12.6","12.3","-0.3","하향",""
"Basic S","1979","終曲「黒の狂」","Hard","8.9","9.2","0.3","상향",""
"Basic S","1980","終曲「黒の狂」","Expert","12.3","12.2","-0.1","하향",""
"Basic S","1981","終曲「黒の狂」","Real","13.7","13.2","-0.5","하향",""
"Basic S","1982","終曲・改「三儀の凱奏」","Normal","5.0","5.3","0.3","상향",""
"Basic S","1983","終曲・改「三儀の凱奏」","Hard","9.8","10.5","0.7","상향",""
"Basic S","1984","終曲・改「三儀の凱奏」","Expert","12.2","12.1","-0.1","하향",""
"Basic S","1985","終曲・改「三儀の凱奏」","Real","13.7","13.6","-0.1","하향",""
"Basic S","1986","結婚行進曲","Normal","2.0","2.2","0.2","상향",""
"Basic S","1987","結婚行進曲","Hard","6.2","5.9","-0.3","하향",""
"Basic S","1989","結婚行進曲","Real","12.3","11.9","-0.4","하향",""
"Basic S","1990","絵画的練習曲「音の絵」第6曲「赤ずきんと狼」","Normal","5.0","4.8","-0.2","하향",""
"Basic S","1991","絵画的練習曲「音の絵」第6曲「赤ずきんと狼」","Hard","8.9","9.2","0.3","상향",""
"Basic S","1992","絵画的練習曲「音の絵」第6曲「赤ずきんと狼」","Expert","12.2","11.8","-0.4","하향",""
"Basic S","1993","絵画的練習曲「音の絵」第6曲「赤ずきんと狼」","Real","14.0","13.8","-0.2","하향",""
"Basic S","1994","綠の風","Normal","2.0","2.4","0.4","상향",""
"Basic S","1995","綠の風","Hard","3.9","4.5","0.6","상향",""
"Basic S","1996","綠の風","Expert","6.0","5.5","-0.5","하향",""
"Basic S","1997","羊皮紙の上の銀河","Normal","4.0","3.9","-0.1","하향",""
"Basic S","1999","羊皮紙の上の銀河","Expert","9.0","8.7","-0.3","하향",""
"Basic S","2001","至上のラトゥーリア","Normal","4.0","4.1","0.1","상향",""
"Basic S","2002","至上のラトゥーリア","Hard","7.0","7.1","0.1","상향",""
"Basic S","2003","至上のラトゥーリア","Expert","11.3","10.9","-0.4","하향",""
"Basic S","2004","至上のラトゥーリア","Real","12.3","11.9","-0.4","하향",""
"Basic S","2005","花のやくそく","Normal","2.0","2.3","0.3","상향",""
"Basic S","2006","花のやくそく","Hard","4.9","5.3","0.4","상향",""
"Basic S","2007","花のやくそく","Expert","6.0","5.5","-0.5","하향",""
"Basic S","2008","花のように微笑むように","Normal","3.0","3.3","0.3","상향",""
"Basic S","2009","花のように微笑むように","Hard","6.9","6.8","-0.1","하향",""
"Basic S","2010","花のように微笑むように","Expert","9.9","10.2","0.3","상향",""
"Basic S","2011","花の歌","Normal","3.0","2.9","-0.1","하향",""
"Basic S","2012","花の歌","Hard","4.9","4.7","-0.2","하향",""
"Basic S","2013","花の歌","Expert","11.3","10.7","-0.6","하향",""
"Basic S","2014","花は折りたし梢は高し","Normal","3.0","2.6","-0.4","하향",""
"Basic S","2015","花は折りたし梢は高し","Hard","6.0","5.7","-0.3","하향",""
"Basic S","2016","花は折りたし梢は高し","Expert","10.0","9.6","-0.4","하향",""
"Basic S","2017","花は折りたし梢は高し","Real","12.6","12.3","-0.3","하향",""
"Basic S","2018","英雄ポロネーズ","Normal","6.0","6.5","0.5","상향",""
"Basic S","2019","英雄ポロネーズ","Hard","7.0","7.5","0.5","상향",""
"Basic S","2020","英雄ポロネーズ","Expert","11.3","11.5","0.2","상향",""
"Basic S","2022","華麗なるニョアの剣舞","Normal","4.0","3.6","-0.4","하향",""
"Basic S","2024","華麗なるニョアの剣舞","Expert","12.2","11.7","-0.5","하향",""
"Basic S","2025","華麗なるニョアの剣舞","Real","13.1","12.9","-0.2","하향",""
"Basic S","2026","華麗なる大円舞曲","Normal","4.0","4.4","0.4","상향",""
"Basic S","2027","華麗なる大円舞曲","Hard","7.0","7.4","0.4","상향",""
"Basic S","2028","華麗なる大円舞曲","Expert","9.9","10.3","0.4","상향",""
"Basic S","2029","華麗なる大円舞曲","Real","12.2","12.1","-0.1","하향",""
"Basic S","2030","蒼氷のフラグメント","Normal","3.0","3.2","0.2","상향",""
"Basic S","2031","蒼氷のフラグメント","Hard","5.9","6.0","0.1","상향",""
"Basic S","2032","蒼氷のフラグメント","Expert","11.3","11.0","-0.3","하향",""
"Basic S","2033","蒼氷のフラグメント","Real","12.7","12.4","-0.3","하향",""
"Basic S","2034","虚空を飛ぶ鳥は誰の夢を見るか","Normal","3.0","2.7","-0.3","하향",""
"Basic S","2036","虚空を飛ぶ鳥は誰の夢を見るか","Expert","12.3","12.0","-0.3","하향",""
"Basic S","2037","虹色の花","Normal","4.0","3.7","-0.3","하향",""
"Basic S","2038","虹色の花","Hard","5.9","5.8","-0.1","하향",""
"Basic S","2039","虹色の花","Expert","11.2","10.9","-0.3","하향",""
"Basic S","2040","虹色の花","Real","12.8","12.5","-0.3","하향",""
"Basic S","2041","見知らぬ国と人々について","Normal","1.0","1.1","0.1","상향",""
"Basic S","2042","見知らぬ国と人々について","Hard","2.9","2.6","-0.3","하향",""
"Basic S","2043","見知らぬ国と人々について","Expert","6.9","6.5","-0.4","하향",""
"Basic S","2044","見知らぬ国と人々について","Real","9.9","9.5","-0.4","하향",""
"Basic S","2045","調子の良い鍛冶屋","Normal","3.0","3.2","0.2","상향",""
"Basic S","2047","調子の良い鍛冶屋","Expert","11.2","11.0","-0.2","하향",""
"Basic S","2048","調子の良い鍛冶屋","Real","12.4","12.1","-0.3","하향",""
"Basic S","2049","貴婦人の乗馬","Normal","3.0","3.4","0.4","상향",""
"Basic S","2050","貴婦人の乗馬","Hard","6.0","6.3","0.3","상향",""
"Basic S","2051","貴婦人の乗馬","Expert","10.0","10.2","0.2","상향",""
"Basic S","2052","走れメロンパン","Normal","2.0","1.6","-0.4","하향",""
"Basic S","2053","走れメロンパン","Hard","4.9","4.6","-0.3","하향",""
"Basic S","2054","走れメロンパン","Expert","9.0","8.6","-0.4","하향",""
"Basic S","2056","踊るあやつり人形","Normal","3.0","3.3","0.3","상향",""
"Basic S","2057","踊るあやつり人形","Hard","5.9","5.8","-0.1","하향",""
"Basic S","2058","踊るあやつり人形","Expert","11.2","10.8","-0.4","하향",""
"Basic S","2059","踊るあやつり人形","Real","12.2","11.7","-0.5","하향",""
"Basic S","2060","軍隊行進曲第1番","Normal","4.0","4.1","0.1","상향",""
"Basic S","2061","軍隊行進曲第1番","Hard","5.9","6.3","0.4","상향",""
"Basic S","2063","轟け！恋のビーンボール！！","Normal","4.0","3.8","-0.2","하향",""
"Basic S","2064","轟け！恋のビーンボール！！","Hard","7.9","7.8","-0.1","하향",""
"Basic S","2065","轟け！恋のビーンボール！！","Expert","12.1","11.5","-0.6","하향",""
"Basic S","2066","轟け！恋のビーンボール！！","Real","12.7","12.4","-0.3","하향",""
"Basic S","2067","追憶のアラウカリア","Normal","4.0","4.1","0.1","상향",""
"Basic S","2068","追憶のアラウカリア","Hard","6.9","7.2","0.3","상향",""
"Basic S","2069","追憶のアラウカリア","Expert","11.3","11.2","-0.1","하향",""
"Basic S","2070","追憶のアラウカリア","Real","12.3","12.0","-0.3","하향",""
"Basic S","2073","追憶のアリア","Expert","9.0","8.8","-0.2","하향",""
"Basic S","2074","追憶のアリア","Real","12.2","11.9","-0.3","하향",""
"Basic S","2076","追憶の変奏曲","Hard","6.9","7.0","0.1","상향",""
"Basic S","2077","追憶の変奏曲","Expert","12.2","11.7","-0.5","하향",""
"Basic S","2078","追憶の変奏曲","Real","13.2","12.7","-0.5","하향",""
"Basic S","2079","逆さま(ハート)シンデレラパレード","Normal","3.0","3.1","0.1","상향",""
"Basic S","2080","逆さま(ハート)シンデレラパレード","Hard","5.9","5.8","-0.1","하향",""
"Basic S","2082","逆さま(ハート)シンデレラパレード","Real","12.3","11.9","-0.4","하향",""
"Basic S","2083","遠い世界の時と空","Normal","4.0","4.4","0.4","상향",""
"Basic S","2084","遠い世界の時と空","Hard","7.0","7.3","0.3","상향",""
"Basic S","2085","遠い世界の時と空","Expert","10.0","10.3","0.3","상향",""
"Basic S","2086","遠い世界の時と空","Real","12.3","12.1","-0.2","하향",""
"Basic S","2087","野ばら","Normal","4.0","4.1","0.1","상향",""
"Basic S","2088","野ばら","Hard","6.9","7.0","0.1","상향",""
"Basic S","2089","野ばら","Expert","11.2","11.0","-0.2","하향",""
"Basic S","2090","野ばら","Real","12.7","12.4","-0.3","하향",""
"Basic S","2091","量子の海のリントヴルム","Normal","3.0","2.6","-0.4","하향",""
"Basic S","2092","量子の海のリントヴルム","Hard","6.9","6.6","-0.3","하향",""
"Basic S","2093","量子の海のリントヴルム","Expert","11.3","10.6","-0.7","하향",""
"Basic S","2094","量子の海のリントヴルム","Real","13.2","12.7","-0.5","하향",""
"Basic S","2095","量子の海のリントヴルム (BEMANI SYMPHONY NOSTALGIA mix)","Normal","4.0","4.1","0.1","상향",""
"Basic S","2096","量子の海のリントヴルム (BEMANI SYMPHONY NOSTALGIA mix)","Hard","6.9","7.4","0.5","상향",""
"Basic S","2097","量子の海のリントヴルム (BEMANI SYMPHONY NOSTALGIA mix)","Expert","11.3","11.4","0.1","상향",""
"Basic S","2098","量子の海のリントヴルム (BEMANI SYMPHONY NOSTALGIA mix)","Real","12.7","12.5","-0.2","하향",""
"Basic S","2099","鋳鉄の檻","Normal","3.0","2.6","-0.4","하향",""
"Basic S","2100","鋳鉄の檻","Hard","6.9","6.6","-0.3","하향",""
"Basic S","2101","鋳鉄の檻","Expert","11.2","10.9","-0.3","하향",""
"Basic S","2102","鋳鉄の檻","Real","12.7","12.5","-0.2","하향",""
"Basic S","2103","防人恋歌","Normal","4.0","3.9","-0.1","하향",""
"Basic S","2104","防人恋歌","Hard","5.9","5.8","-0.1","하향",""
"Basic S","2105","防人恋歌","Expert","9.9","9.8","-0.1","하향",""
"Basic S","2107","隅田川夏恋歌","Normal","4.0","4.2","0.2","상향",""
"Basic S","2108","隅田川夏恋歌","Hard","8.1","8.3","0.2","상향",""
"Basic S","2109","隅田川夏恋歌","Expert","12.3","11.6","-0.7","하향",""
"Basic S","2110","隅田川夏恋歌","Real","12.3","12.1","-0.2","하향",""
"Basic S","2111","雫","Normal","4.0","4.4","0.4","상향",""
"Basic S","2112","雫","Hard","8.0","8.4","0.4","상향",""
"Basic S","2113","雫","Expert","12.2","11.8","-0.4","하향",""
"Basic S","2114","零と弌の鍵の唄","Normal","4.0","3.8","-0.2","하향",""
"Basic S","2116","零と弌の鍵の唄","Expert","12.2","11.6","-0.6","하향",""
"Basic S","2117","零と弌の鍵の唄","Real","13.2","12.7","-0.5","하향",""
"Basic S","2118","霖が哭く","Normal","5.0","5.3","0.3","상향",""
"Basic S","2119","霖が哭く","Hard","8.9","9.2","0.3","상향",""
"Basic S","2120","霖が哭く","Expert","12.2","11.7","-0.5","하향",""
"Basic S","2121","静謐なる揺籃","Normal","3.0","3.2","0.2","상향",""
"Basic S","2122","静謐なる揺籃","Hard","6.0","6.3","0.3","상향",""
"Basic S","2123","静謐なる揺籃","Expert","10.0","10.4","0.4","상향",""
"Basic S","2124","静謐なる揺籃","Real","12.8","12.2","-0.6","하향",""
"Basic S","2125","面影橋","Normal","4.0","4.5","0.5","상향",""
"Basic S","2126","面影橋","Hard","5.9","6.4","0.5","상향",""
"Basic S","2127","面影橋","Expert","9.9","10.4","0.5","상향",""
"Basic S","2128","面影橋","Real","12.2","12.1","-0.1","하향",""
"Basic S","2129","革命","Normal","6.0","6.4","0.4","상향",""
"Basic S","2130","革命","Hard","9.1","9.5","0.4","상향",""
"Basic S","2131","革命","Expert","12.3","12.2","-0.1","하향",""
"Basic S","2132","革命","Real","14.1","14.0","-0.1","하향",""
"Basic S","2133","風の丘の東","Normal","3.0","3.4","0.4","상향",""
"Basic S","2135","風の丘の東","Expert","10.0","10.2","0.2","상향",""
"Basic S","2136","風の丘の東","Real","10.7","11.4","0.7","상향",""
"Basic S","2138","風鈴花火","Hard","6.1","5.9","-0.2","하향",""
"Basic S","2140","飽和世界","Normal","3.0","3.4","0.4","상향",""
"Basic S","2141","飽和世界","Hard","6.1","6.4","0.3","상향",""
"Basic S","2142","飽和世界","Expert","7.1","6.5","-0.6","하향",""
"Basic S","2143","飽和世界","Real","10.0","10.4","0.4","상향",""
"Basic S","2144","魔王","Normal","3.0","3.5","0.5","상향",""
"Basic S","2145","魔王","Hard","7.0","7.5","0.5","상향",""
"Basic S","2147","魔王","Real","12.2","13.3","1.1","상향",""
"Basic S","2148","魔笛より夜の女王のアリア","Normal","4.0","3.8","-0.2","하향",""
"Basic S","2149","魔笛より夜の女王のアリア","Hard","6.9","6.8","-0.1","하향",""
"Basic S","2150","魔笛より夜の女王のアリア","Expert","11.3","11.1","-0.2","하향",""
"Basic S","2151","魔笛より夜の女王のアリア","Real","12.8","12.6","-0.2","하향",""
"Basic S","2155","黒緋の白鳥座","Real","12.2","11.7","-0.5","하향",""
"Basic S","2156","４つの音の終止点によるimpromptu","Normal","4.0","4.1","0.1","상향",""
"Basic S","2158","４つの音の終止点によるimpromptu","Expert","12.1","11.6","-0.5","하향",""
"Basic S","2159","４つの音の終止点によるimpromptu","Real","12.9","12.6","-0.3","하향",""
"Basic S","2167","ピアノ協奏曲第1番“蠍火”","Real","14.2","14.1","-0.1","하향",""
"Basic S","2243","Pink Rose","Real","10.7","10.9","0.2","상향",""
"Basic S","2472","Towards the TOWER","Real","12.8","12.5","-0.3","하향",""
"Basic S","3878","音楽","Normal","","6.0","","신규",""
"Basic S","3879","音楽","Hard","9.9","10.4","0.5","상향",""
"Basic S","3880","音楽","Expert","12.3","11.8","-0.5","하향",""
"Basic S","3881","音楽","Real","13.7","13.4","-0.3","하향",""
"Basic S","3885","Just Be Friends","Real","10.7","10.6","-0.1","하향",""
"Basic S","3934","Somebody Stole My Gal","Normal","","2.6","","신규",""
"Basic S","3935","Somebody Stole My Gal","Hard","5.9","5.6","-0.3","하향",""
"Basic S","3936","Somebody Stole My Gal","Expert","9.0","8.5","-0.5","하향",""
"Basic S","3937","Somebody Stole My Gal","Real","10.0","9.7","-0.3","하향",""
"Basic S","4337","月の光","Real","","10.5","","신규","공식 상수 미확인, 분석용 임시 기준 11.0 사용"
"Basic 990k","1","24の前奏曲より｢雨だれ｣","Normal","1.0","1.5","0.5","상향",""
"Basic 990k","2","24の前奏曲より｢雨だれ｣","Hard","4.0","4.5","0.5","상향",""
"Basic 990k","3","24の前奏曲より｢雨だれ｣","Expert","6.8","6.5","-0.3","하향",""
"Basic 990k","4","3 A.M. ディテクティブ・ゲーム","Normal","3.0","2.9","-0.1","하향",""
"Basic 990k","5","3 A.M. ディテクティブ・ゲーム","Hard","6.8","6.7","-0.1","하향",""
"Basic 990k","6","3 A.M. ディテクティブ・ゲーム","Expert","10.9","11.1","0.2","상향",""
"Basic 990k","8","3人の王女と進め","Normal","4.0","4.1","0.1","상향",""
"Basic 990k","9","3人の王女と進め","Hard","5.8","6.2","0.4","상향",""
"Basic 990k","11","50th Memorial Songs -Beginning Story-","Normal","3.0","3.3","0.3","상향",""
"Basic 990k","12","50th Memorial Songs -Beginning Story-","Hard","5.8","6.3","0.5","상향",""
"Basic 990k","13","50th Memorial Songs -Beginning Story-","Expert","9.9","10.2","0.3","상향",""
"Basic 990k","14","50th Memorial Songs -Flagship medley-","Normal","3.0","2.5","-0.5","하향",""
"Basic 990k","16","50th Memorial Songs -Flagship medley-","Expert","10.7","10.8","0.1","상향",""
"Basic 990k","18","50th Memorial Songs -The BEMANI History-","Hard","6.8","7.1","0.3","상향",""
"Basic 990k","19","50th Memorial Songs -The BEMANI History-","Expert","11.0","11.3","0.3","상향",""
"Basic 990k","20","50th Memorial Songs -二人の時 ～under the cherry blossoms～-","Normal","4.0","3.5","-0.5","하향",""
"Basic 990k","21","50th Memorial Songs -二人の時 ～under the cherry blossoms～-","Hard","5.9","6.2","0.3","상향",""
"Basic 990k","22","50th Memorial Songs -二人の時 ～under the cherry blossoms～-","Expert","9.8","9.9","0.1","상향",""
"Basic 990k","23","Afterimage d'automne","Normal","4.0","3.9","-0.1","하향",""
"Basic 990k","24","Afterimage d'automne","Hard","7.0","7.3","0.3","상향",""
"Basic 990k","25","Afterimage d'automne","Expert","10.9","10.8","-0.1","하향",""
"Basic 990k","27","Aftermath","Hard","6.8","6.7","-0.1","하향",""
"Basic 990k","28","Aftermath","Expert","11.0","11.3","0.3","상향",""
"Basic 990k","29","Aftermath","Real","12.2","12.3","0.1","상향",""
"Basic 990k","30","Altale","Normal","5.0","5.1","0.1","상향",""
"Basic 990k","32","Altale","Expert","10.9","11.2","0.3","상향",""
"Basic 990k","33","Altale","Real","12.0","12.2","0.2","상향",""
"Basic 990k","35","Ater Regis","Hard","8.9","9.3","0.4","상향",""
"Basic 990k","36","Ater Regis","Expert","11.9","11.5","-0.4","하향",""
"Basic 990k","37","Ater Regis","Real","12.3","12.4","0.1","상향",""
"Basic 990k","38","Audite Nostalgia","Normal","3.0","2.7","-0.3","하향",""
"Basic 990k","39","Audite Nostalgia","Hard","5.8","5.7","-0.1","하향",""
"Basic 990k","40","Audite Nostalgia","Expert","8.9","8.7","-0.2","하향",""
"Basic 990k","41","Audite Nostalgia","Real","10.8","10.6","-0.2","하향",""
"Basic 990k","43","Ave","Hard","7.8","8.0","0.2","상향",""
"Basic 990k","44","Ave","Expert","12.2","12.1","-0.1","하향",""
"Basic 990k","45","Ave","Real","13.1","12.9","-0.2","하향",""
"Basic 990k","46","Awakening Wings(NOSTALGIA Style)","Normal","3.0","2.8","-0.2","하향",""
"Basic 990k","47","Awakening Wings(NOSTALGIA Style)","Hard","5.8","5.9","0.1","상향",""
"Basic 990k","48","Awakening Wings(NOSTALGIA Style)","Expert","9.9","10.0","0.1","상향",""
"Basic 990k","49","Awakening Wings(NOSTALGIA Style)","Real","10.9","10.8","-0.1","하향",""
"Basic 990k","50","BIG SHOT / [[BIG]]の力","Normal","3.0","2.9","-0.1","하향",""
"Basic 990k","51","BIG SHOT / [[BIG]]の力","Hard","5.8","5.6","-0.2","하향",""
"Basic 990k","53","BIG SHOT / [[BIG]]の力","Real","12.5","12.6","0.1","상향",""
"Basic 990k","54","BLACK JACKAL(NOSTALGIA Style)","Normal","5.0","4.7","-0.3","하향",""
"Basic 990k","55","BLACK JACKAL(NOSTALGIA Style)","Hard","6.8","7.1","0.3","상향",""
"Basic 990k","56","BLACK JACKAL(NOSTALGIA Style)","Expert","10.9","11.1","0.2","상향",""
"Basic 990k","57","Bad Apple!! feat. nomico","Normal","4.0","4.3","0.3","상향",""
"Basic 990k","58","Bad Apple!! feat. nomico","Hard","6.9","7.3","0.4","상향",""
"Basic 990k","59","Bad Apple!! feat. nomico","Expert","9.9","10.4","0.5","상향",""
"Basic 990k","60","Barbara","Normal","4.0","3.9","-0.1","하향",""
"Basic 990k","61","Barbara","Hard","6.8","7.0","0.2","상향",""
"Basic 990k","62","Barbara","Expert","11.8","11.9","0.1","상향",""
"Basic 990k","63","Barbara","Real","12.4","12.5","0.1","상향",""
"Basic 990k","64","Battle Against a True Hero / 本物のヒーローとの戦い","Normal","4.0","4.1","0.1","상향",""
"Basic 990k","65","Battle Against a True Hero / 本物のヒーローとの戦い","Hard","6.8","7.2","0.4","상향",""
"Basic 990k","66","Battle Against a True Hero / 本物のヒーローとの戦い","Expert","11.9","11.8","-0.1","하향",""
"Basic 990k","68","Be a Hero!","Normal","5.0","4.6","-0.4","하향",""
"Basic 990k","69","Be a Hero!","Hard","8.9","9.3","0.4","상향",""
"Basic 990k","70","Be a Hero!","Expert","11.9","12.0","0.1","상향",""
"Basic 990k","71","Beyond the Ocean","Normal","3.0","2.8","-0.2","하향",""
"Basic 990k","72","Beyond the Ocean","Hard","5.8","6.4","0.6","상향",""
"Basic 990k","73","Beyond the Ocean","Expert","9.8","10.0","0.2","상향",""
"Basic 990k","74","Blind Justice ～Torn souls,Hurt Faiths～","Normal","5.0","5.2","0.2","상향",""
"Basic 990k","75","Blind Justice ～Torn souls,Hurt Faiths～","Hard","6.8","7.3","0.5","상향",""
"Basic 990k","76","Blind Justice ～Torn souls,Hurt Faiths～","Expert","10.2","10.4","0.2","상향",""
"Basic 990k","77","Blind Justice ～Torn souls,Hurt Faiths～","Real","11.1","11.4","0.3","상향",""
"Basic 990k","78","Bonetrousle","Normal","4.0","4.2","0.2","상향",""
"Basic 990k","79","Bonetrousle","Hard","6.8","7.0","0.2","상향",""
"Basic 990k","80","Bonetrousle","Expert","11.6","11.5","-0.1","하향",""
"Basic 990k","81","Bonetrousle","Real","12.2","12.4","0.2","상향",""
"Basic 990k","82","CHOCOLATE PHILOSOPHY","Normal","4.0","4.1","0.1","상향",""
"Basic 990k","83","CHOCOLATE PHILOSOPHY","Hard","5.9","6.1","0.2","상향",""
"Basic 990k","84","CHOCOLATE PHILOSOPHY","Expert","11.0","11.1","0.1","상향",""
"Basic 990k","85","CHOCOLATE PHILOSOPHY","Real","11.8","12.0","0.2","상향",""
"Basic 990k","86","COSMIC SYMPHONY","Normal","4.0","3.6","-0.4","하향",""
"Basic 990k","87","COSMIC SYMPHONY","Hard","7.8","7.9","0.1","상향",""
"Basic 990k","88","COSMIC SYMPHONY","Expert","10.9","11.0","0.1","상향",""
"Basic 990k","90","CandyPop★Showcase","Normal","4.0","3.8","-0.2","하향",""
"Basic 990k","91","CandyPop★Showcase","Hard","7.3","7.2","-0.1","하향",""
"Basic 990k","92","CandyPop★Showcase","Expert","9.9","10.1","0.2","상향",""
"Basic 990k","93","CandyPop★Showcase","Real","11.7","11.6","-0.1","하향",""
"Basic 990k","94","CaptivAte ～浄化～","Normal","5.0","5.2","0.2","상향",""
"Basic 990k","95","CaptivAte ～浄化～","Hard","8.1","8.4","0.3","상향",""
"Basic 990k","96","CaptivAte ～浄化～","Expert","9.1","9.2","0.1","상향",""
"Basic 990k","97","CaptivAte ～浄化～","Real","11.1","11.4","0.3","상향",""
"Basic 990k","98","Carezza","Normal","4.0","4.4","0.4","상향",""
"Basic 990k","99","Carezza","Hard","10.0","10.5","0.5","상향",""
"Basic 990k","102","Catapulted Arch","Hard","7.9","8.2","0.3","상향",""
"Basic 990k","103","Catapulted Arch","Expert","11.2","11.4","0.2","상향",""
"Basic 990k","104","Catapulted Arch","Real","12.3","12.4","0.1","상향",""
"Basic 990k","105","Catch Our Fire!","Normal","5.0","4.9","-0.1","하향",""
"Basic 990k","106","Catch Our Fire!","Hard","7.8","8.2","0.4","상향",""
"Basic 990k","107","Catch Our Fire!","Expert","12.0","12.1","0.1","상향",""
"Basic 990k","108","Celsus","Normal","3.0","3.1","0.1","상향",""
"Basic 990k","111","Celsus","Real","12.4","12.5","0.1","상향",""
"Basic 990k","112","Chronos","Normal","4.0","4.3","0.3","상향",""
"Basic 990k","113","Chronos","Hard","6.8","7.4","0.6","상향",""
"Basic 990k","114","Chronos","Expert","10.8","11.1","0.3","상향",""
"Basic 990k","115","City of Mirrors","Normal","3.0","2.6","-0.4","하향",""
"Basic 990k","116","City of Mirrors","Hard","5.8","5.9","0.1","상향",""
"Basic 990k","117","City of Mirrors","Expert","8.0","7.6","-0.4","하향",""
"Basic 990k","119","Claustra","Normal","4.0","4.3","0.3","상향",""
"Basic 990k","120","Claustra","Hard","7.8","8.3","0.5","상향",""
"Basic 990k","121","Claustra","Expert","11.2","11.4","0.2","상향",""
"Basic 990k","122","Claustra","Real","12.9","13.0","0.1","상향",""
"Basic 990k","123","Colorful Cookie (BEMANI SYMPHONY NOSTALGIA mix)","Normal","3.0","2.8","-0.2","하향",""
"Basic 990k","124","Colorful Cookie (BEMANI SYMPHONY NOSTALGIA mix)","Hard","5.9","6.1","0.2","상향",""
"Basic 990k","125","Colorful Cookie (BEMANI SYMPHONY NOSTALGIA mix)","Expert","9.8","9.5","-0.3","하향",""
"Basic 990k","126","Colorful Cookie (BEMANI SYMPHONY NOSTALGIA mix)","Real","12.6","12.7","0.1","상향",""
"Basic 990k","127","Concertino in Blue","Normal","6.0","5.9","-0.1","하향",""
"Basic 990k","128","Concertino in Blue","Hard","9.2","9.5","0.3","상향",""
"Basic 990k","129","Concertino in Blue","Expert","11.9","12.1","0.2","상향",""
"Basic 990k","130","Concertino in Blue","Real","12.5","12.9","0.4","상향",""
"Basic 990k","131","Corridor of Reminiscence","Normal","3.0","2.6","-0.4","하향",""
"Basic 990k","132","Corridor of Reminiscence","Hard","5.8","5.5","-0.3","하향",""
"Basic 990k","133","Corridor of Reminiscence","Expert","9.9","9.7","-0.2","하향",""
"Basic 990k","134","Corridor of Reminiscence","Real","11.6","11.5","-0.1","하향",""
"Basic 990k","136","DUAL STRIKER","Hard","6.8","6.7","-0.1","하향",""
"Basic 990k","137","DUAL STRIKER","Expert","10.8","10.7","-0.1","하향",""
"Basic 990k","138","DUAL STRIKER","Real","11.9","11.7","-0.2","하향",""
"Basic 990k","139","Danza Pantera","Normal","4.0","4.1","0.1","상향",""
"Basic 990k","140","Danza Pantera","Hard","7.9","8.2","0.3","상향",""
"Basic 990k","142","Datte! Brand-New Me!!","Normal","3.0","2.8","-0.2","하향",""
"Basic 990k","143","Datte! Brand-New Me!!","Hard","6.8","6.6","-0.2","하향",""
"Basic 990k","144","Datte! Brand-New Me!!","Expert","9.8","9.6","-0.2","하향",""
"Basic 990k","145","Dream of You","Normal","4.0","4.5","0.5","상향",""
"Basic 990k","146","Dream of You","Hard","6.8","7.3","0.5","상향",""
"Basic 990k","147","Dream of You","Expert","9.8","10.2","0.4","상향",""
"Basic 990k","148","Dream of You","Real","10.8","11.2","0.4","상향",""
"Basic 990k","149","Drive in Sunday","Normal","4.0","3.9","-0.1","하향",""
"Basic 990k","150","Drive in Sunday","Hard","5.8","6.3","0.5","상향",""
"Basic 990k","151","Drive in Sunday","Expert","10.9","11.1","0.2","상향",""
"Basic 990k","152","Dust In The World","Normal","5.0","4.7","-0.3","하향",""
"Basic 990k","153","Dust In The World","Hard","6.8","7.3","0.5","상향",""
"Basic 990k","154","Dust In The World","Expert","11.9","12.0","0.1","상향",""
"Basic 990k","155","Dust In The World","Real","12.8","12.7","-0.1","하향",""
"Basic 990k","156","EBONY & IVORY","Normal","4.0","3.7","-0.3","하향",""
"Basic 990k","158","EBONY & IVORY","Expert","11.8","11.7","-0.1","하향",""
"Basic 990k","160","Echoes of Oblivion","Normal","3.0","3.4","0.4","상향",""
"Basic 990k","161","Echoes of Oblivion","Hard","5.8","6.3","0.5","상향",""
"Basic 990k","162","Echoes of Oblivion","Expert","8.9","9.1","0.2","상향",""
"Basic 990k","163","Echoes of Oblivion","Real","10.9","11.4","0.5","상향",""
"Basic 990k","164","Eine Haube ～聖地の果てにあるもの～","Normal","3.0","3.1","0.1","상향",""
"Basic 990k","166","Eine Haube ～聖地の果てにあるもの～","Expert","10.9","11.1","0.2","상향",""
"Basic 990k","168","Element of SPADA","Normal","2.0","1.9","-0.1","하향",""
"Basic 990k","169","Element of SPADA","Hard","4.9","5.4","0.5","상향",""
"Basic 990k","170","Element of SPADA","Expert","7.9","7.7","-0.2","하향",""
"Basic 990k","171","Element of SPADA","Real","11.8","11.6","-0.2","하향",""
"Basic 990k","172","Element of SPADA (BEMANI SYMPHONY NOSTALGIA mix)","Normal","4.0","4.1","0.1","상향",""
"Basic 990k","174","Element of SPADA (BEMANI SYMPHONY NOSTALGIA mix)","Expert","9.8","9.6","-0.2","하향",""
"Basic 990k","175","Element of SPADA (BEMANI SYMPHONY NOSTALGIA mix)","Real","11.9","11.8","-0.1","하향",""
"Basic 990k","176","Elemental Creation","Normal","5.0","4.7","-0.3","하향",""
"Basic 990k","177","Elemental Creation","Hard","8.6","9.1","0.5","상향",""
"Basic 990k","178","Elemental Creation","Expert","11.9","12.0","0.1","상향",""
"Basic 990k","179","Elemental Creation","Real","13.3","13.1","-0.2","하향",""
"Basic 990k","180","Empathetic","Normal","4.0","3.7","-0.3","하향",""
"Basic 990k","181","Empathetic","Hard","7.8","7.9","0.1","상향",""
"Basic 990k","182","Empathetic","Expert","10.7","10.6","-0.1","하향",""
"Basic 990k","183","Empathetic","Real","12.0","12.1","0.1","상향",""
"Basic 990k","184","Endless Chain ～2人でトリガーをひこう～","Normal","3.0","3.2","0.2","상향",""
"Basic 990k","185","Endless Chain ～2人でトリガーをひこう～","Hard","5.8","6.0","0.2","상향",""
"Basic 990k","186","Endless Chain ～2人でトリガーをひこう～","Expert","9.8","9.7","-0.1","하향",""
"Basic 990k","187","Endless Chain ～2人でトリガーをひこう～","Real","10.7","10.8","0.1","상향",""
"Basic 990k","189","Enigmatic Synchronization","Hard","8.2","8.3","0.1","상향",""
"Basic 990k","190","Enigmatic Synchronization","Expert","11.9","11.5","-0.4","하향",""
"Basic 990k","192","Ensemble Forecast 3/28","Normal","3.0","3.2","0.2","상향",""
"Basic 990k","193","Ensemble Forecast 3/28","Hard","7.0","7.2","0.2","상향",""
"Basic 990k","194","Ensemble Forecast 3/28","Expert","9.9","10.1","0.2","상향",""
"Basic 990k","196","Eurasian Journey","Normal","4.0","3.8","-0.2","하향",""
"Basic 990k","198","Eurasian Journey","Expert","9.9","10.3","0.4","상향",""
"Basic 990k","200","Evans","Normal","6.0","6.1","0.1","상향",""
"Basic 990k","201","Evans","Hard","10.2","10.5","0.3","상향",""
"Basic 990k","202","Evans","Expert","11.7","11.6","-0.1","하향",""
"Basic 990k","203","Evans","Real","12.2","12.3","0.1","상향",""
"Basic 990k","204","Everlasting Message (BEMANI SYMPHONY NOSTALGIA mix)","Normal","5.0","4.8","-0.2","하향",""
"Basic 990k","205","Everlasting Message (BEMANI SYMPHONY NOSTALGIA mix)","Hard","6.8","7.0","0.2","상향",""
"Basic 990k","206","Everlasting Message (BEMANI SYMPHONY NOSTALGIA mix)","Expert","11.0","11.3","0.3","상향",""
"Basic 990k","208","FLOWER (BEMANI SYMPHONY NOSTALGIA mix)","Normal","3.0","3.2","0.2","상향",""
"Basic 990k","210","FLOWER (BEMANI SYMPHONY NOSTALGIA mix)","Expert","10.9","11.1","0.2","상향",""
"Basic 990k","211","FLOWER (BEMANI SYMPHONY NOSTALGIA mix)","Real","12.3","12.5","0.2","상향",""
"Basic 990k","212","FLOWER ～live pf addition～","Normal","4.0","3.7","-0.3","하향",""
"Basic 990k","213","FLOWER ～live pf addition～","Hard","7.6","7.5","-0.1","하향",""
"Basic 990k","215","FLOWER ～live pf addition～","Real","13.7","13.5","-0.2","하향",""
"Basic 990k","216","Far east nightbird","Normal","4.0","3.7","-0.3","하향",""
"Basic 990k","217","Far east nightbird","Hard","6.9","7.1","0.2","상향",""
"Basic 990k","218","Far east nightbird","Expert","10.8","11.0","0.2","상향",""
"Basic 990k","219","Far east nightbird","Real","11.8","11.7","-0.1","하향",""
"Basic 990k","220","Fear the Merry","Normal","4.0","4.2","0.2","상향",""
"Basic 990k","221","Fear the Merry","Hard","7.8","8.1","0.3","상향",""
"Basic 990k","222","Fear the Merry","Expert","12.2","12.1","-0.1","하향",""
"Basic 990k","223","Field of Hopes and Dreams / 夢と希望の平原","Normal","4.0","3.7","-0.3","하향",""
"Basic 990k","224","Field of Hopes and Dreams / 夢と希望の平原","Hard","5.8","5.9","0.1","상향",""
"Basic 990k","227","Fly far bounce","Normal","4.0","4.4","0.4","상향",""
"Basic 990k","228","Fly far bounce","Hard","6.9","7.3","0.4","상향",""
"Basic 990k","229","Fly far bounce","Expert","9.8","10.1","0.3","상향",""
"Basic 990k","230","Fly far bounce","Real","11.9","12.1","0.2","상향",""
"Basic 990k","231","Forgery","Normal","3.0","2.7","-0.3","하향",""
"Basic 990k","232","Forgery","Hard","6.8","6.7","-0.1","하향",""
"Basic 990k","233","Forgery","Expert","11.9","11.7","-0.2","하향",""
"Basic 990k","234","Forgery","Real","12.5","12.6","0.1","상향",""
"Basic 990k","235","Fortuna ～フォルトゥーナ～","Normal","2.0","1.6","-0.4","하향",""
"Basic 990k","236","Fortuna ～フォルトゥーナ～","Hard","4.8","5.2","0.4","상향",""
"Basic 990k","237","Fortuna ～フォルトゥーナ～","Expert","9.0","8.8","-0.2","하향",""
"Basic 990k","238","Frozen Ray -nostal mix-","Normal","3.0","2.9","-0.1","하향",""
"Basic 990k","239","Frozen Ray -nostal mix-","Hard","5.9","6.3","0.4","상향",""
"Basic 990k","240","Frozen Ray -nostal mix-","Expert","9.9","10.0","0.1","상향",""
"Basic 990k","241","Fuego","Normal","4.0","3.9","-0.1","하향",""
"Basic 990k","242","Fuego","Hard","7.8","8.2","0.4","상향",""
"Basic 990k","243","Fuego","Expert","11.1","11.4","0.3","상향",""
"Basic 990k","244","Fuego","Real","13.0","12.9","-0.1","하향",""
"Basic 990k","245","GAIA","Normal","3.0","2.7","-0.3","하향",""
"Basic 990k","249","GHOST KINGDOM","Normal","4.0","4.2","0.2","상향",""
"Basic 990k","250","GHOST KINGDOM","Hard","7.8","7.9","0.1","상향",""
"Basic 990k","251","GHOST KINGDOM","Expert","10.8","10.6","-0.2","하향",""
"Basic 990k","252","GHOST KINGDOM","Real","11.7","11.6","-0.1","하향",""
"Basic 990k","253","Gamja Dog","Normal","4.0","3.9","-0.1","하향",""
"Basic 990k","254","Gamja Dog","Hard","6.8","6.7","-0.1","하향",""
"Basic 990k","255","Gamja Dog","Expert","11.0","11.2","0.2","상향",""
"Basic 990k","256","Gamja Dog","Real","12.3","12.5","0.2","상향",""
"Basic 990k","257","Globe Glitter","Normal","4.0","3.9","-0.1","하향",""
"Basic 990k","258","Globe Glitter","Hard","7.8","8.0","0.2","상향",""
"Basic 990k","259","Globe Glitter","Expert","11.7","11.6","-0.1","하향",""
"Basic 990k","260","Globe Glitter","Real","12.3","12.4","0.1","상향",""
"Basic 990k","261","Good bye, Summer～さよならは言わない～","Normal","3.0","2.9","-0.1","하향",""
"Basic 990k","263","Good bye, Summer～さよならは言わない～","Expert","9.8","9.6","-0.2","하향",""
"Basic 990k","264","Good bye, Summer～さよならは言わない～","Real","11.8","11.6","-0.2","하향",""
"Basic 990k","265","Groovin' Keys","Normal","4.0","3.5","-0.5","하향",""
"Basic 990k","267","Groovin' Keys","Expert","10.9","11.0","0.1","상향",""
"Basic 990k","268","Groovin' Keys","Real","11.9","12.0","0.1","상향",""
"Basic 990k","269","Happy Birthday to You","Normal","3.0","3.4","0.4","상향",""
"Basic 990k","270","Happy Birthday to You","Hard","7.3","7.5","0.2","상향",""
"Basic 990k","271","Happy Birthday to You","Expert","9.9","10.4","0.5","상향",""
"Basic 990k","272","Happy Birthday to You","Real","11.0","11.4","0.4","상향",""
"Basic 990k","273","Harmonia","Normal","5.0","4.8","-0.2","하향",""
"Basic 990k","274","Harmonia","Hard","6.9","7.4","0.5","상향",""
"Basic 990k","275","Harmonia","Expert","10.9","11.2","0.3","상향",""
"Basic 990k","276","Harmonia","Real","11.9","12.1","0.2","상향",""
"Basic 990k","277","Ha・lle・lu・jah","Normal","3.0","2.8","-0.2","하향",""
"Basic 990k","278","Ha・lle・lu・jah","Hard","5.8","6.1","0.3","상향",""
"Basic 990k","279","Ha・lle・lu・jah","Expert","9.8","10.1","0.3","상향",""
"Basic 990k","281","Holy Snow","Normal","3.0","3.2","0.2","상향",""
"Basic 990k","282","Holy Snow","Hard","6.8","7.4","0.6","상향",""
"Basic 990k","283","Holy Snow","Expert","11.9","11.7","-0.2","하향",""
"Basic 990k","284","Homesick Pt.2&3 (Nostalgia Edition)","Normal","3.0","3.2","0.2","상향",""
"Basic 990k","285","Homesick Pt.2&3 (Nostalgia Edition)","Hard","5.8","5.9","0.1","상향",""
"Basic 990k","286","Homesick Pt.2&3 (Nostalgia Edition)","Expert","8.9","8.7","-0.2","하향",""
"Basic 990k","287","Homesick Pt.2&3 (Nostalgia Edition)","Real","10.7","10.8","0.1","상향",""
"Basic 990k","288","Hopes and Dreams / 夢と希望","Normal","3.0","3.2","0.2","상향",""
"Basic 990k","289","Hopes and Dreams / 夢と希望","Hard","5.9","6.2","0.3","상향",""
"Basic 990k","290","Hopes and Dreams / 夢と希望","Expert","10.9","10.6","-0.3","하향",""
"Basic 990k","291","Hopes and Dreams / 夢と希望","Real","12.0","12.1","0.1","상향",""
"Basic 990k","292","I","Normal","2.0","2.3","0.3","상향",""
"Basic 990k","293","I","Hard","4.9","5.4","0.5","상향",""
"Basic 990k","294","I","Expert","6.8","6.5","-0.3","하향",""
"Basic 990k","295","I","Real","9.8","10.0","0.2","상향",""
"Basic 990k","296","I and I","Normal","4.0","3.8","-0.2","하향",""
"Basic 990k","297","I and I","Hard","6.8","7.1","0.3","상향",""
"Basic 990k","298","I and I","Expert","11.8","11.6","-0.2","하향",""
"Basic 990k","299","I and I","Real","12.5","12.6","0.1","상향",""
"Basic 990k","300","I'm so Happy","Normal","4.0","3.6","-0.4","하향",""
"Basic 990k","301","I'm so Happy","Hard","6.8","6.7","-0.1","하향",""
"Basic 990k","302","I'm so Happy","Expert","11.9","11.7","-0.2","하향",""
"Basic 990k","304","IX","Normal","4.0","3.8","-0.2","하향",""
"Basic 990k","305","IX","Hard","8.8","9.2","0.4","상향",""
"Basic 990k","306","IX","Expert","11.8","11.6","-0.2","하향",""
"Basic 990k","308","Idola","Normal","5.0","4.7","-0.3","하향",""
"Basic 990k","309","Idola","Hard","7.8","7.9","0.1","상향",""
"Basic 990k","310","Idola","Expert","11.9","12.0","0.1","상향",""
"Basic 990k","311","Illegal Harmony","Normal","4.0","3.7","-0.3","하향",""
"Basic 990k","312","Illegal Harmony","Hard","6.8","7.0","0.2","상향",""
"Basic 990k","313","Illegal Harmony","Expert","11.9","11.8","-0.1","하향",""
"Basic 990k","314","Illegal Harmony","Real","12.4","12.5","0.1","상향",""
"Basic 990k","315","Indigo Nocturne","Normal","4.0","3.5","-0.5","하향",""
"Basic 990k","316","Indigo Nocturne","Hard","6.8","6.6","-0.2","하향",""
"Basic 990k","317","Indigo Nocturne","Expert","11.7","11.6","-0.1","하향",""
"Basic 990k","318","Indigo Nocturne","Real","13.1","12.9","-0.2","하향",""
"Basic 990k","320","JOMANDA (BEMANI SYMPHONY NOSTALGIA mix)","Hard","6.8","6.9","0.1","상향",""
"Basic 990k","321","JOMANDA (BEMANI SYMPHONY NOSTALGIA mix)","Expert","10.7","10.5","-0.2","하향",""
"Basic 990k","323","Je te veux","Normal","3.0","3.5","0.5","상향",""
"Basic 990k","324","Je te veux","Hard","5.9","6.4","0.5","상향",""
"Basic 990k","325","Je te veux","Expert","7.8","7.7","-0.1","하향",""
"Basic 990k","326","Jetcoaster Windy","Normal","4.0","3.7","-0.3","하향",""
"Basic 990k","327","Jetcoaster Windy","Hard","6.8","6.9","0.1","상향",""
"Basic 990k","328","Jetcoaster Windy","Expert","10.8","10.6","-0.2","하향",""
"Basic 990k","329","Jetcoaster Windy","Real","12.2","12.3","0.1","상향",""
"Basic 990k","330","Just Be Friends","Normal","2.0","1.9","-0.1","하향",""
"Basic 990k","331","Just Be Friends","Hard","7.2","7.4","0.2","상향",""
"Basic 990k","333","KETER","Normal","4.0","4.2","0.2","상향",""
"Basic 990k","334","KETER","Hard","6.8","7.2","0.4","상향",""
"Basic 990k","335","KETER","Expert","10.8","11.0","0.2","상향",""
"Basic 990k","337","KOUYOU","Normal","3.0","3.2","0.2","상향",""
"Basic 990k","338","KOUYOU","Hard","5.8","6.1","0.3","상향",""
"Basic 990k","339","KOUYOU","Expert","8.9","9.0","0.1","상향",""
"Basic 990k","340","LIKE A VAMPIRE","Normal","3.0","2.5","-0.5","하향",""
"Basic 990k","341","LIKE A VAMPIRE","Hard","5.8","5.7","-0.1","하향",""
"Basic 990k","342","LIKE A VAMPIRE","Expert","9.8","9.6","-0.2","하향",""
"Basic 990k","343","LIKE A VAMPIRE","Real","11.9","11.6","-0.3","하향",""
"Basic 990k","344","La fame di Adria","Normal","4.0","3.8","-0.2","하향",""
"Basic 990k","345","La fame di Adria","Hard","7.8","8.3","0.5","상향",""
"Basic 990k","346","La fame di Adria","Expert","11.9","11.5","-0.4","하향",""
"Basic 990k","347","La fame di Adria","Real","12.4","12.5","0.1","상향",""
"Basic 990k","348","Lachryma《Re:Queen’M》 (BEMANI SYMPHONY NOSTALGIA mix)","Normal","4.0","4.1","0.1","상향",""
"Basic 990k","349","Lachryma《Re:Queen’M》 (BEMANI SYMPHONY NOSTALGIA mix)","Hard","7.7","7.8","0.1","상향",""
"Basic 990k","351","Lachryma《Re:Queen’M》 (BEMANI SYMPHONY NOSTALGIA mix)","Real","13.3","13.1","-0.2","하향",""
"Basic 990k","353","Last Twilight","Hard","6.8","7.3","0.5","상향",""
"Basic 990k","354","Last Twilight","Expert","12.0","12.1","0.1","상향",""
"Basic 990k","355","Le Vent","Normal","5.0","4.8","-0.2","하향",""
"Basic 990k","356","Le Vent","Hard","7.9","8.4","0.5","상향",""
"Basic 990k","357","Le Vent","Expert","10.8","11.1","0.3","상향",""
"Basic 990k","358","Le Vent","Real","12.2","12.4","0.2","상향",""
"Basic 990k","359","Leviathan","Normal","4.0","4.1","0.1","상향",""
"Basic 990k","360","Leviathan","Hard","6.9","6.8","-0.1","하향",""
"Basic 990k","361","Leviathan","Expert","11.3","11.4","0.1","상향",""
"Basic 990k","364","Life is beautiful","Hard","7.9","8.2","0.3","상향",""
"Basic 990k","365","Life is beautiful","Expert","10.9","11.3","0.4","상향",""
"Basic 990k","367","Limitation","Hard","5.8","6.3","0.5","상향",""
"Basic 990k","368","Limitation","Expert","11.0","11.1","0.1","상향",""
"Basic 990k","369","Lisa-RICCIA (BEMANI SYMPHONY NOSTALGIA mix)","Normal","3.0","3.3","0.3","상향",""
"Basic 990k","370","Lisa-RICCIA (BEMANI SYMPHONY NOSTALGIA mix)","Hard","7.7","7.8","0.1","상향",""
"Basic 990k","373","Little Prayer","Normal","4.0","3.8","-0.2","하향",""
"Basic 990k","374","Little Prayer","Hard","6.8","7.1","0.3","상향",""
"Basic 990k","375","Little Prayer","Expert","11.8","11.7","-0.1","하향",""
"Basic 990k","376","Little Prayer","Real","12.7","12.8","0.1","상향",""
"Basic 990k","377","Lord=Crossight","Normal","3.0","3.2","0.2","상향",""
"Basic 990k","378","Lord=Crossight","Hard","7.8","8.1","0.3","상향",""
"Basic 990k","379","Lord=Crossight","Expert","11.0","11.3","0.3","상향",""
"Basic 990k","382","MAGICAL SUMMER SMILE","Hard","6.8","7.1","0.3","상향",""
"Basic 990k","383","MAGICAL SUMMER SMILE","Expert","10.9","11.0","0.1","상향",""
"Basic 990k","384","MAGICAL SUMMER SMILE","Real","12.4","12.5","0.1","상향",""
"Basic 990k","385","MEGALOVANIA","Normal","4.0","3.7","-0.3","하향",""
"Basic 990k","386","MEGALOVANIA","Hard","7.9","8.2","0.3","상향",""
"Basic 990k","387","MEGALOVANIA","Expert","11.8","11.6","-0.2","하향",""
"Basic 990k","388","MEGALOVANIA","Real","12.6","12.7","0.1","상향",""
"Basic 990k","389","MONOLITH","Normal","4.0","3.6","-0.4","하향",""
"Basic 990k","390","MONOLITH","Hard","7.0","7.4","0.4","상향",""
"Basic 990k","391","MONOLITH","Expert","11.1","11.3","0.2","상향",""
"Basic 990k","392","Manhattan","Normal","4.0","4.3","0.3","상향",""
"Basic 990k","393","Manhattan","Hard","7.2","7.4","0.2","상향",""
"Basic 990k","394","Manhattan","Expert","9.9","10.2","0.3","상향",""
"Basic 990k","395","Marigold (Jazzy Hip-Hop Remix)","Normal","3.0","2.5","-0.5","하향",""
"Basic 990k","396","Marigold (Jazzy Hip-Hop Remix)","Hard","5.8","5.6","-0.2","하향",""
"Basic 990k","397","Marigold (Jazzy Hip-Hop Remix)","Expert","10.7","10.5","-0.2","하향",""
"Basic 990k","398","Marigold (Jazzy Hip-Hop Remix)","Real","11.7","11.5","-0.2","하향",""
"Basic 990k","399","Metamorphic","Normal","4.0","3.5","-0.5","하향",""
"Basic 990k","400","Metamorphic","Hard","6.7","6.6","-0.1","하향",""
"Basic 990k","401","Metamorphic","Expert","11.6","11.5","-0.1","하향",""
"Basic 990k","403","Mighty Guy","Normal","3.0","2.6","-0.4","하향",""
"Basic 990k","405","Mighty Guy","Expert","9.9","9.8","-0.1","하향",""
"Basic 990k","406","Milky Way Star(Extended Ver.)","Normal","3.0","3.1","0.1","상향",""
"Basic 990k","407","Milky Way Star(Extended Ver.)","Hard","5.8","6.0","0.2","상향",""
"Basic 990k","408","Milky Way Star(Extended Ver.)","Expert","9.8","9.9","0.1","상향",""
"Basic 990k","409","Milky Way Star(Extended Ver.)","Real","11.8","11.6","-0.2","하향",""
"Basic 990k","410","Miroir Riorim","Normal","5.0","5.3","0.3","상향",""
"Basic 990k","411","Miroir Riorim","Hard","9.3","9.5","0.2","상향",""
"Basic 990k","413","Missing in the snow","Normal","2.0","2.1","0.1","상향",""
"Basic 990k","414","Missing in the snow","Hard","5.9","6.3","0.4","상향",""
"Basic 990k","415","Missing in the snow","Expert","9.9","10.4","0.5","상향",""
"Basic 990k","416","Missing in the snow","Real","11.9","12.1","0.2","상향",""
"Basic 990k","417","Moonstone","Normal","3.0","3.2","0.2","상향",""
"Basic 990k","418","Moonstone","Hard","6.8","6.6","-0.2","하향",""
"Basic 990k","419","Moonstone","Expert","10.9","11.0","0.1","상향",""
"Basic 990k","420","Moonstone","Real","12.6","12.8","0.2","상향",""
"Basic 990k","421","My Little Snowman","Normal","3.0","2.7","-0.3","하향",""
"Basic 990k","422","My Little Snowman","Hard","4.9","5.0","0.1","상향",""
"Basic 990k","423","My Little Snowman","Expert","8.9","8.8","-0.1","하향",""
"Basic 990k","424","My Little Snowman","Real","10.9","11.0","0.1","상향",""
"Basic 990k","425","My dear child, mother's arm","Normal","3.0","3.2","0.2","상향",""
"Basic 990k","426","My dear child, mother's arm","Hard","4.9","5.4","0.5","상향",""
"Basic 990k","429","NEGAI","Hard","6.8","7.0","0.2","상향",""
"Basic 990k","430","NEGAI","Expert","10.9","11.0","0.1","상향",""
"Basic 990k","432","Noah's song","Normal","3.0","3.3","0.3","상향",""
"Basic 990k","433","Noah's song","Hard","7.0","7.4","0.4","상향",""
"Basic 990k","434","Noah's song","Expert","9.3","9.2","-0.1","하향",""
"Basic 990k","435","Noah's song","Real","10.9","11.0","0.1","상향",""
"Basic 990k","436","Noah's song of collapse","Normal","4.0","4.4","0.4","상향",""
"Basic 990k","437","Noah's song of collapse","Hard","8.3","8.4","0.1","상향",""
"Basic 990k","438","Noah's song of collapse","Expert","12.1","12.0","-0.1","하향",""
"Basic 990k","439","Noah's song of collapse","Real","13.3","13.1","-0.2","하향",""
"Basic 990k","440","Northern Cross","Normal","5.0","4.8","-0.2","하향",""
"Basic 990k","441","Northern Cross","Hard","7.8","8.2","0.4","상향",""
"Basic 990k","442","Northern Cross","Expert","11.8","11.9","0.1","상향",""
"Basic 990k","443","Northern Cross","Real","12.5","12.6","0.1","상향",""
"Basic 990k","444","Note d'Azur","Normal","4.0","3.6","-0.4","하향",""
"Basic 990k","446","Note d'Azur","Expert","11.9","11.7","-0.2","하향",""
"Basic 990k","447","On top of the world","Normal","4.0","3.7","-0.3","하향",""
"Basic 990k","448","On top of the world","Hard","7.0","7.1","0.1","상향",""
"Basic 990k","449","On top of the world","Expert","11.9","11.8","-0.1","하향",""
"Basic 990k","450","On top of the world","Real","12.3","12.4","0.1","상향",""
"Basic 990k","451","Once Upon a Time / むかしむかし…","Normal","1.0","1.3","0.3","상향",""
"Basic 990k","452","Once Upon a Time / むかしむかし…","Hard","4.9","5.3","0.4","상향",""
"Basic 990k","453","Once Upon a Time / むかしむかし…","Expert","9.8","9.7","-0.1","하향",""
"Basic 990k","454","Once Upon a Time / むかしむかし…","Real","12.5","12.2","-0.3","하향",""
"Basic 990k","455","Owls","Normal","4.0","3.6","-0.4","하향",""
"Basic 990k","456","Owls","Hard","6.8","6.9","0.1","상향",""
"Basic 990k","457","Owls","Expert","9.9","10.1","0.2","상향",""
"Basic 990k","458","Owls","Real","11.8","11.7","-0.1","하향",""
"Basic 990k","459","PF flowing","Normal","4.0","4.3","0.3","상향",""
"Basic 990k","460","PF flowing","Hard","8.2","8.5","0.3","상향",""
"Basic 990k","461","PF flowing","Expert","10.9","11.1","0.2","상향",""
"Basic 990k","463","PLEASURE STREAM","Normal","5.0","4.8","-0.2","하향",""
"Basic 990k","464","PLEASURE STREAM","Hard","8.2","8.4","0.2","상향",""
"Basic 990k","465","PLEASURE STREAM","Expert","9.8","10.0","0.2","상향",""
"Basic 990k","466","PLEASURE STREAM","Real","11.1","11.4","0.3","상향",""
"Basic 990k","468","PON☆PON☆PARADE","Hard","6.8","6.6","-0.2","하향",""
"Basic 990k","469","PON☆PON☆PARADE","Expert","11.8","11.5","-0.3","하향",""
"Basic 990k","470","PON☆PON☆PARADE","Real","12.2","12.4","0.2","상향",""
"Basic 990k","471","PUNISHER","Normal","4.0","3.5","-0.5","하향",""
"Basic 990k","472","PUNISHER","Hard","6.8","6.6","-0.2","하향",""
"Basic 990k","473","PUNISHER","Expert","9.8","9.7","-0.1","하향",""
"Basic 990k","474","PUNISHER","Real","12.2","12.3","0.1","상향",""
"Basic 990k","475","Pee-wee Boogie","Normal","5.0","5.2","0.2","상향",""
"Basic 990k","476","Pee-wee Boogie","Hard","8.0","8.4","0.4","상향",""
"Basic 990k","477","Pee-wee Boogie","Expert","11.0","11.4","0.4","상향",""
"Basic 990k","478","Pee-wee Boogie","Real","12.3","12.6","0.3","상향",""
"Basic 990k","479","Petite Queen","Normal","4.0","4.2","0.2","상향",""
"Basic 990k","480","Petite Queen","Hard","6.8","7.2","0.4","상향",""
"Basic 990k","481","Petite Queen","Expert","10.8","11.0","0.2","상향",""
"Basic 990k","482","Petite Queen","Real","12.1","12.4","0.3","상향",""
"Basic 990k","483","Philsomia","Normal","4.0","4.4","0.4","상향",""
"Basic 990k","484","Philsomia","Hard","6.9","7.4","0.5","상향",""
"Basic 990k","485","Philsomia","Expert","11.9","12.1","0.2","상향",""
"Basic 990k","486","Ping×Pong×Dash","Normal","3.0","3.2","0.2","상향",""
"Basic 990k","487","Ping×Pong×Dash","Hard","4.8","5.1","0.3","상향",""
"Basic 990k","488","Ping×Pong×Dash","Expert","7.8","7.5","-0.3","하향",""
"Basic 990k","489","Ping×Pong×Dash","Real","10.8","11.1","0.3","상향",""
"Basic 990k","490","Pink Rose","Normal","4.0","4.2","0.2","상향",""
"Basic 990k","491","Pink Rose","Hard","6.8","7.1","0.3","상향",""
"Basic 990k","492","Pink Rose","Expert","8.9","8.8","-0.1","하향",""
"Basic 990k","494","Preserved Valkyria","Hard","9.3","9.5","0.2","상향",""
"Basic 990k","495","Preserved Valkyria","Expert","10.8","11.3","0.5","상향",""
"Basic 990k","496","Preserved Valkyria","Real","12.5","12.8","0.3","상향",""
"Basic 990k","497","Presto","Normal","4.0","3.9","-0.1","하향",""
"Basic 990k","498","Presto","Hard","7.2","7.5","0.3","상향",""
"Basic 990k","499","Presto","Expert","11.9","11.8","-0.1","하향",""
"Basic 990k","500","Prey","Normal","5.0","4.9","-0.1","하향",""
"Basic 990k","501","Prey","Hard","9.3","9.4","0.1","상향",""
"Basic 990k","503","Puberty Dysthymia","Normal","4.0","4.4","0.4","상향",""
"Basic 990k","504","Puberty Dysthymia","Hard","6.8","7.2","0.4","상향",""
"Basic 990k","505","Puberty Dysthymia","Expert","10.8","11.3","0.5","상향",""
"Basic 990k","506","REcorrection","Normal","3.0","2.6","-0.4","하향",""
"Basic 990k","507","REcorrection","Hard","5.8","5.7","-0.1","하향",""
"Basic 990k","508","REcorrection","Expert","10.6","10.5","-0.1","하향",""
"Basic 990k","509","REcorrection","Real","11.8","11.6","-0.2","하향",""
"Basic 990k","511","ROOM","Hard","5.8","6.2","0.4","상향",""
"Basic 990k","512","ROOM","Expert","9.9","10.1","0.2","상향",""
"Basic 990k","513","Rampage☆Rag","Normal","4.0","3.6","-0.4","하향",""
"Basic 990k","514","Rampage☆Rag","Hard","7.9","8.0","0.1","상향",""
"Basic 990k","515","Rampage☆Rag","Expert","11.9","11.7","-0.2","하향",""
"Basic 990k","516","Rampage☆Rag","Real","12.6","12.8","0.2","상향",""
"Basic 990k","517","Rapunzel","Normal","4.0","4.2","0.2","상향",""
"Basic 990k","518","Rapunzel","Hard","5.8","6.2","0.4","상향",""
"Basic 990k","519","Rapunzel","Expert","8.8","8.7","-0.1","하향",""
"Basic 990k","520","Rapunzel","Real","10.8","11.0","0.2","상향",""
"Basic 990k","521","Red Cape Theorem","Normal","4.0","4.3","0.3","상향",""
"Basic 990k","522","Red Cape Theorem","Hard","6.8","7.0","0.2","상향",""
"Basic 990k","523","Red Cape Theorem","Expert","10.8","11.2","0.4","상향",""
"Basic 990k","524","Red Cape Theorem","Real","11.9","12.0","0.1","상향",""
"Basic 990k","525","Rejoin","Normal","4.0","4.3","0.3","상향",""
"Basic 990k","526","Rejoin","Hard","6.8","7.0","0.2","상향",""
"Basic 990k","527","Rejoin","Expert","10.9","11.2","0.3","상향",""
"Basic 990k","528","Replica","Normal","5.0","4.6","-0.4","하향",""
"Basic 990k","529","Replica","Hard","6.9","7.3","0.4","상향",""
"Basic 990k","531","Replica","Real","10.7","10.6","-0.1","하향",""
"Basic 990k","532","Ride on the Light","Normal","4.0","3.6","-0.4","하향",""
"Basic 990k","533","Ride on the Light","Hard","5.9","6.4","0.5","상향",""
"Basic 990k","534","Ride on the Light","Expert","8.9","9.0","0.1","상향",""
"Basic 990k","535","SAMBA DE NISHI-NIPPON","Normal","3.0","3.3","0.3","상향",""
"Basic 990k","536","SAMBA DE NISHI-NIPPON","Hard","7.0","7.3","0.3","상향",""
"Basic 990k","537","SAMBA DE NISHI-NIPPON","Expert","11.9","12.1","0.2","상향",""
"Basic 990k","538","SHION","Normal","3.0","2.6","-0.4","하향",""
"Basic 990k","539","SHION","Hard","6.8","6.6","-0.2","하향",""
"Basic 990k","540","SHION","Expert","9.9","9.7","-0.2","하향",""
"Basic 990k","541","SHION","Real","12.2","12.3","0.1","상향",""
"Basic 990k","542","STULTI","Normal","4.0","4.2","0.2","상향",""
"Basic 990k","543","STULTI","Hard","7.7","7.9","0.2","상향",""
"Basic 990k","546","SUPER SUMMER SALE","Normal","3.0","3.1","0.1","상향",""
"Basic 990k","547","SUPER SUMMER SALE","Hard","6.9","7.3","0.4","상향",""
"Basic 990k","550","Sakura Sunrise","Hard","8.9","9.4","0.5","상향",""
"Basic 990k","551","Sakura Sunrise","Expert","11.9","12.0","0.1","상향",""
"Basic 990k","552","Scandal","Normal","4.0","4.2","0.2","상향",""
"Basic 990k","553","Scandal","Hard","6.9","7.2","0.3","상향",""
"Basic 990k","554","Scandal","Expert","11.0","11.2","0.2","상향",""
"Basic 990k","556","Seyana.～何でも言うことを聞いてくれるアカネチャン～","Hard","6.8","7.1","0.3","상향",""
"Basic 990k","557","Seyana.～何でも言うことを聞いてくれるアカネチャン～","Expert","10.8","11.2","0.4","상향",""
"Basic 990k","559","She Is On The Lemon Tree","Normal","3.0","3.3","0.3","상향",""
"Basic 990k","560","She Is On The Lemon Tree","Hard","4.9","5.5","0.6","상향",""
"Basic 990k","561","She Is On The Lemon Tree","Expert","7.9","7.6","-0.3","하향",""
"Basic 990k","562","She Is On The Lemon Tree","Real","10.9","11.3","0.4","상향",""
"Basic 990k","563","Shoot the Moon","Normal","3.0","3.1","0.1","상향",""
"Basic 990k","564","Shoot the Moon","Hard","5.9","6.1","0.2","상향",""
"Basic 990k","565","Shoot the Moon","Expert","10.8","10.9","0.1","상향",""
"Basic 990k","567","Six String Proof(NOSTALGIA Style)","Hard","7.8","8.1","0.3","상향",""
"Basic 990k","568","Six String Proof(NOSTALGIA Style)","Expert","11.9","11.5","-0.4","하향",""
"Basic 990k","569","Somnio","Normal","2.0","2.4","0.4","상향",""
"Basic 990k","570","Somnio","Hard","5.8","6.3","0.5","상향",""
"Basic 990k","572","Somnio","Real","10.8","10.9","0.1","상향",""
"Basic 990k","573","Sparkle Smilin'","Normal","3.0","2.9","-0.1","하향",""
"Basic 990k","574","Sparkle Smilin'","Hard","5.8","6.1","0.3","상향",""
"Basic 990k","575","Sparkle Smilin'","Expert","9.9","9.7","-0.2","하향",""
"Basic 990k","576","Sparkle Smilin'","Real","11.3","11.4","0.1","상향",""
"Basic 990k","577","Spica","Normal","5.0","4.7","-0.3","하향",""
"Basic 990k","578","Spica","Hard","6.9","7.2","0.3","상향",""
"Basic 990k","579","Spica","Expert","11.8","11.7","-0.1","하향",""
"Basic 990k","580","Spica","Real","12.6","12.7","0.1","상향",""
"Basic 990k","581","Starlight Fantasia","Normal","5.0","5.1","0.1","상향",""
"Basic 990k","582","Starlight Fantasia","Hard","7.3","7.4","0.1","상향",""
"Basic 990k","583","Starlight Fantasia","Expert","9.9","10.3","0.4","상향",""
"Basic 990k","584","Starlight Fantasia","Real","11.7","11.9","0.2","상향",""
"Basic 990k","585","Stella Sinistra","Normal","4.0","3.5","-0.5","하향",""
"Basic 990k","586","Stella Sinistra","Hard","5.8","5.7","-0.1","하향",""
"Basic 990k","587","Stella Sinistra","Expert","10.8","10.6","-0.2","하향",""
"Basic 990k","588","Stella Sinistra","Real","12.0","11.8","-0.2","하향",""
"Basic 990k","589","Storm of Suspicion","Normal","3.0","2.8","-0.2","하향",""
"Basic 990k","590","Storm of Suspicion","Hard","6.8","6.7","-0.1","하향",""
"Basic 990k","591","Storm of Suspicion","Expert","10.9","11.0","0.1","상향",""
"Basic 990k","593","Surf on the Light","Normal","4.0","4.4","0.4","상향",""
"Basic 990k","594","Surf on the Light","Hard","6.8","7.3","0.5","상향",""
"Basic 990k","595","Surf on the Light","Expert","8.8","9.0","0.2","상향",""
"Basic 990k","596","Surf on the Light","Real","11.8","11.7","-0.1","하향",""
"Basic 990k","597","Sweet tea","Normal","3.0","2.8","-0.2","하향",""
"Basic 990k","598","Sweet tea","Hard","6.8","7.2","0.4","상향",""
"Basic 990k","599","Sweet tea","Expert","10.8","10.9","0.1","상향",""
"Basic 990k","600","Synergy For Angels Forever","Normal","3.0","2.7","-0.3","하향",""
"Basic 990k","601","Synergy For Angels Forever","Hard","6.8","6.7","-0.1","하향",""
"Basic 990k","602","Synergy For Angels Forever","Expert","10.7","10.6","-0.1","하향",""
"Basic 990k","603","Synergy For Angels Forever","Real","11.9","11.8","-0.1","하향",""
"Basic 990k","604","TAKUMI／匠","Normal","2.0","2.4","0.4","상향",""
"Basic 990k","605","TAKUMI／匠","Hard","6.1","6.4","0.3","상향",""
"Basic 990k","607","THE WORLD REVOLVING","Normal","4.0","4.1","0.1","상향",""
"Basic 990k","608","THE WORLD REVOLVING","Hard","6.8","7.0","0.2","상향",""
"Basic 990k","609","THE WORLD REVOLVING","Expert","11.8","11.7","-0.1","하향",""
"Basic 990k","610","THE WORLD REVOLVING","Real","12.3","12.5","0.2","상향",""
"Basic 990k","611","TRUTH behind U","Normal","4.0","4.2","0.2","상향",""
"Basic 990k","612","TRUTH behind U","Hard","7.0","7.5","0.5","상향",""
"Basic 990k","613","TRUTH behind U","Expert","12.0","12.1","0.1","상향",""
"Basic 990k","614","Tapioca","Normal","4.0","3.5","-0.5","하향",""
"Basic 990k","615","Tapioca","Hard","5.9","6.1","0.2","상향",""
"Basic 990k","616","Tapioca","Expert","10.8","10.7","-0.1","하향",""
"Basic 990k","617","Tapioca","Real","12.0","11.9","-0.1","하향",""
"Basic 990k","618","Tea for Two","Normal","3.0","2.9","-0.1","하향",""
"Basic 990k","619","Tea for Two","Hard","5.8","5.6","-0.2","하향",""
"Basic 990k","620","Tea for Two","Expert","8.9","8.6","-0.3","하향",""
"Basic 990k","621","Tea for Two","Real","10.7","10.6","-0.1","하향",""
"Basic 990k","622","Terminus of Reminiscence","Normal","3.0","2.5","-0.5","하향",""
"Basic 990k","623","Terminus of Reminiscence","Hard","5.8","5.6","-0.2","하향",""
"Basic 990k","624","Terminus of Reminiscence","Expert","11.0","10.6","-0.4","하향",""
"Basic 990k","625","Terminus of Reminiscence","Real","11.8","11.5","-0.3","하향",""
"Basic 990k","626","The Dynamics of an Asteroid","Normal","4.0","3.8","-0.2","하향",""
"Basic 990k","630","The Entertainer","Normal","4.0","4.5","0.5","상향",""
"Basic 990k","631","The Entertainer","Hard","5.9","6.4","0.5","상향",""
"Basic 990k","632","The Entertainer","Expert","7.8","7.7","-0.1","하향",""
"Basic 990k","634","The Least 100sec","Hard","6.8","7.2","0.4","상향",""
"Basic 990k","635","The Least 100sec","Expert","12.2","12.1","-0.1","하향",""
"Basic 990k","636","The Nameless","Normal","4.0","3.9","-0.1","하향",""
"Basic 990k","637","The Nameless","Hard","6.8","7.1","0.3","상향",""
"Basic 990k","638","The Nameless","Expert","11.9","12.0","0.1","상향",""
"Basic 990k","639","The Nameless","Real","12.9","12.7","-0.2","하향",""
"Basic 990k","640","The Pinnacle","Normal","4.0","3.6","-0.4","하향",""
"Basic 990k","641","The Pinnacle","Hard","5.8","5.7","-0.1","하향",""
"Basic 990k","642","The Pinnacle","Expert","11.9","11.6","-0.3","하향",""
"Basic 990k","644","The Splendid Expression","Normal","4.0","4.1","0.1","상향",""
"Basic 990k","646","The Splendid Expression","Expert","11.8","11.7","-0.1","하향",""
"Basic 990k","647","The Splendid Expression","Real","13.3","13.2","-0.1","하향",""
"Basic 990k","648","The way to the castle","Normal","4.0","3.7","-0.3","하향",""
"Basic 990k","649","The way to the castle","Hard","6.8","6.6","-0.2","하향",""
"Basic 990k","650","The way to the castle","Expert","11.0","11.2","0.2","상향",""
"Basic 990k","651","The way to the castle","Real","12.5","12.6","0.1","상향",""
"Basic 990k","652","Theme of Ricerca","Normal","5.0","5.2","0.2","상향",""
"Basic 990k","653","Theme of Ricerca","Hard","7.0","7.4","0.4","상향",""
"Basic 990k","654","Theme of Ricerca","Expert","8.9","9.1","0.2","상향",""
"Basic 990k","655","Timepiece phase II","Normal","5.0","4.9","-0.1","하향",""
"Basic 990k","657","Timepiece phase II","Expert","12.1","12.0","-0.1","하향",""
"Basic 990k","658","Towards the TOWER","Normal","3.0","3.1","0.1","상향",""
"Basic 990k","659","Towards the TOWER","Hard","6.9","7.4","0.5","상향",""
"Basic 990k","660","Towards the TOWER","Expert","11.2","11.4","0.2","상향",""
"Basic 990k","661","Trill auf G(NOSTALGIA Style)","Normal","4.0","4.1","0.1","상향",""
"Basic 990k","662","Trill auf G(NOSTALGIA Style)","Hard","6.9","7.2","0.3","상향",""
"Basic 990k","663","Trill auf G(NOSTALGIA Style)","Expert","12.0","11.5","-0.5","하향",""
"Basic 990k","664","Triple Cross","Normal","3.0","2.9","-0.1","하향",""
"Basic 990k","665","Triple Cross","Hard","6.8","6.9","0.1","상향",""
"Basic 990k","666","Triple Cross","Expert","10.8","11.0","0.2","상향",""
"Basic 990k","668","True Blue","Normal","5.0","4.5","-0.5","하향",""
"Basic 990k","670","True Blue","Expert","10.9","11.2","0.3","상향",""
"Basic 990k","672","Turn the story","Normal","4.0","4.3","0.3","상향",""
"Basic 990k","673","Turn the story","Hard","6.8","6.9","0.1","상향",""
"Basic 990k","674","Turn the story","Expert","11.9","11.5","-0.4","하향",""
"Basic 990k","675","Turn the story","Real","12.6","12.7","0.1","상향",""
"Basic 990k","676","Twinkle Wonderland","Normal","5.0","4.7","-0.3","하향",""
"Basic 990k","677","Twinkle Wonderland","Hard","6.9","7.2","0.3","상향",""
"Basic 990k","678","Twinkle Wonderland","Expert","9.2","9.0","-0.2","하향",""
"Basic 990k","679","Twinkle Wonderland","Real","11.6","11.5","-0.1","하향",""
"Basic 990k","680","U.N.オーエンは彼女なのか？","Normal","3.0","3.3","0.3","상향",""
"Basic 990k","681","U.N.オーエンは彼女なのか？","Hard","8.0","8.4","0.4","상향",""
"Basic 990k","682","U.N.オーエンは彼女なのか？","Expert","12.0","12.1","0.1","상향",""
"Basic 990k","683","U.N.オーエンは彼女なのか？","Real","12.8","12.7","-0.1","하향",""
"Basic 990k","684","Ubertreffen","Normal","5.0","5.3","0.3","상향",""
"Basic 990k","685","Ubertreffen","Hard","9.8","10.5","0.7","상향",""
"Basic 990k","687","Ubertreffen","Real","13.9","14.0","0.1","상향",""
"Basic 990k","689","Un Happy Heart","Hard","5.8","6.1","0.3","상향",""
"Basic 990k","690","Un Happy Heart","Expert","9.1","9.2","0.1","상향",""
"Basic 990k","691","Un Happy Heart","Real","10.8","11.1","0.3","상향",""
"Basic 990k","692","Urban Life","Normal","4.0","4.2","0.2","상향",""
"Basic 990k","693","Urban Life","Hard","5.8","6.4","0.6","상향",""
"Basic 990k","694","Urban Life","Expert","9.0","9.1","0.1","상향",""
"Basic 990k","696","VALKYRIAS -英雄誕生-","Hard","7.8","8.0","0.2","상향",""
"Basic 990k","697","VALKYRIAS -英雄誕生-","Expert","10.8","11.0","0.2","상향",""
"Basic 990k","698","VALKYRIAS -英雄誕生-","Real","12.3","12.4","0.1","상향",""
"Basic 990k","699","VALLIS-NERIA (BEMANI SYMPHONY NOSTALGIA mix)","Normal","3.0","3.2","0.2","상향",""
"Basic 990k","700","VALLIS-NERIA (BEMANI SYMPHONY NOSTALGIA mix)","Hard","6.8","7.0","0.2","상향",""
"Basic 990k","701","VALLIS-NERIA (BEMANI SYMPHONY NOSTALGIA mix)","Expert","10.8","10.9","0.1","상향",""
"Basic 990k","703","VOLAQUAS","Normal","5.0","4.7","-0.3","하향",""
"Basic 990k","704","VOLAQUAS","Hard","7.7","7.6","-0.1","하향",""
"Basic 990k","705","VOLAQUAS","Expert","11.9","11.8","-0.1","하향",""
"Basic 990k","706","VOLAQUAS","Real","13.3","13.1","-0.2","하향",""
"Basic 990k","707","Vide Nostalgia","Normal","4.0","4.5","0.5","상향",""
"Basic 990k","708","Vide Nostalgia","Hard","7.9","8.5","0.6","상향",""
"Basic 990k","709","Vide Nostalgia","Expert","11.9","12.2","0.3","상향",""
"Basic 990k","710","Vide Nostalgia","Real","12.9","12.7","-0.2","하향",""
"Basic 990k","711","Vinculum stellarum","Normal","4.0","4.2","0.2","상향",""
"Basic 990k","712","Vinculum stellarum","Hard","7.8","7.9","0.1","상향",""
"Basic 990k","713","Vinculum stellarum","Expert","11.9","11.8","-0.1","하향",""
"Basic 990k","714","Vinculum stellarum","Real","13.5","13.2","-0.3","하향",""
"Basic 990k","715","Voca Nostalgia","Normal","3.0","3.5","0.5","상향",""
"Basic 990k","716","Voca Nostalgia","Hard","6.8","7.2","0.4","상향",""
"Basic 990k","717","Voca Nostalgia","Expert","11.9","12.2","0.3","상향",""
"Basic 990k","718","Volcanos","Normal","4.0","3.7","-0.3","하향",""
"Basic 990k","719","Volcanos","Hard","6.9","7.3","0.4","상향",""
"Basic 990k","720","Volcanos","Expert","11.2","11.4","0.2","상향",""
"Basic 990k","721","Volcanos","Real","12.3","12.6","0.3","상향",""
"Basic 990k","722","Votum Stellarum","Normal","5.0","4.8","-0.2","하향",""
"Basic 990k","723","Votum Stellarum","Hard","7.8","8.1","0.3","상향",""
"Basic 990k","726","Voyager","Normal","3.0","3.3","0.3","상향",""
"Basic 990k","727","Voyager","Hard","7.2","7.4","0.2","상향",""
"Basic 990k","728","Voyager","Expert","9.9","10.1","0.2","상향",""
"Basic 990k","730","WHITEOUT","Normal","4.0","3.7","-0.3","하향",""
"Basic 990k","732","WHITEOUT","Expert","11.7","11.5","-0.2","하향",""
"Basic 990k","733","WHITEOUT","Real","12.7","12.8","0.1","상향",""
"Basic 990k","734","WONDERLAND","Normal","3.0","2.8","-0.2","하향",""
"Basic 990k","735","WONDERLAND","Hard","4.8","5.2","0.4","상향",""
"Basic 990k","736","WONDERLAND","Expert","8.8","8.6","-0.2","하향",""
"Basic 990k","738","Welcome to pop'n fantasy","Normal","4.0","3.7","-0.3","하향",""
"Basic 990k","739","Welcome to pop'n fantasy","Hard","6.9","7.1","0.2","상향",""
"Basic 990k","741","Welcome to pop'n fantasy","Real","11.9","12.0","0.1","상향",""
"Basic 990k","742","Windy Fairy","Normal","4.0","4.2","0.2","상향",""
"Basic 990k","743","Windy Fairy","Hard","7.8","8.1","0.3","상향",""
"Basic 990k","744","Windy Fairy","Expert","11.0","11.3","0.3","상향",""
"Basic 990k","746","Yum Yum Sweetie","Hard","7.9","8.3","0.4","상향",""
"Basic 990k","747","Yum Yum Sweetie","Expert","11.8","11.7","-0.1","하향",""
"Basic 990k","748","Yum Yum Sweetie","Real","12.7","12.8","0.1","상향",""
"Basic 990k","749","ambages","Normal","6.0","5.7","-0.3","하향",""
"Basic 990k","750","ambages","Hard","9.0","9.4","0.4","상향",""
"Basic 990k","751","ambages","Expert","12.5","12.2","-0.3","하향",""
"Basic 990k","753","break through the clouds","Normal","3.0","2.8","-0.2","하향",""
"Basic 990k","754","break through the clouds","Hard","6.9","6.8","-0.1","하향",""
"Basic 990k","757","chaplet","Normal","4.0","3.8","-0.2","하향",""
"Basic 990k","758","chaplet","Hard","7.8","7.9","0.1","상향",""
"Basic 990k","759","chaplet","Expert","11.9","11.7","-0.2","하향",""
"Basic 990k","760","chaplet","Real","12.7","12.8","0.1","상향",""
"Basic 990k","761","concon ～live pf addition～","Normal","4.0","3.9","-0.1","하향",""
"Basic 990k","762","concon ～live pf addition～","Hard","6.8","7.1","0.3","상향",""
"Basic 990k","763","concon ～live pf addition～","Expert","10.8","10.9","0.1","상향",""
"Basic 990k","764","crAtus","Normal","6.0","5.6","-0.4","하향",""
"Basic 990k","765","crAtus","Hard","8.8","9.3","0.5","상향",""
"Basic 990k","766","crAtus","Expert","12.6","12.2","-0.4","하향",""
"Basic 990k","767","crAtus","Real","13.7","13.8","0.1","상향",""
"Basic 990k","768","fallen leaves","Normal","5.0","4.7","-0.3","하향",""
"Basic 990k","769","fallen leaves","Hard","7.8","8.2","0.4","상향",""
"Basic 990k","770","fallen leaves","Expert","12.2","12.1","-0.1","하향",""
"Basic 990k","772","felys","Hard","6.9","7.3","0.4","상향",""
"Basic 990k","774","felys","Real","12.2","12.3","0.1","상향",""
"Basic 990k","775","flee for free!!","Normal","4.0","4.3","0.3","상향",""
"Basic 990k","776","flee for free!!","Hard","5.9","6.3","0.4","상향",""
"Basic 990k","778","flee for free!!","Real","11.8","12.3","0.5","상향",""
"Basic 990k","779","garden","Normal","5.0","4.6","-0.4","하향",""
"Basic 990k","780","garden","Hard","6.8","7.1","0.3","상향",""
"Basic 990k","781","garden","Expert","10.9","10.7","-0.2","하향",""
"Basic 990k","783","insist","Hard","7.0","7.4","0.4","상향",""
"Basic 990k","784","insist","Expert","9.8","10.0","0.2","상향",""
"Basic 990k","785","ivy of rutiles","Normal","5.0","4.6","-0.4","하향",""
"Basic 990k","786","ivy of rutiles","Hard","8.3","8.4","0.1","상향",""
"Basic 990k","787","ivy of rutiles","Expert","12.0","11.9","-0.1","하향",""
"Basic 990k","788","ivy of rutiles","Real","13.3","13.1","-0.2","하향",""
"Basic 990k","789","little runaway","Normal","3.0","2.9","-0.1","하향",""
"Basic 990k","790","little runaway","Hard","6.1","6.2","0.1","상향",""
"Basic 990k","791","little runaway","Expert","9.0","9.1","0.1","상향",""
"Basic 990k","792","little runaway","Real","11.2","11.3","0.1","상향",""
"Basic 990k","793","mariposa","Normal","4.0","3.6","-0.4","하향",""
"Basic 990k","794","mariposa","Hard","6.8","6.6","-0.2","하향",""
"Basic 990k","795","mariposa","Expert","10.7","10.5","-0.2","하향",""
"Basic 990k","796","mariposa","Real","11.6","11.5","-0.1","하향",""
"Basic 990k","797","minne","Normal","3.0","3.4","0.4","상향",""
"Basic 990k","798","minne","Hard","5.8","6.1","0.3","상향",""
"Basic 990k","800","minne","Real","11.3","11.4","0.1","상향",""
"Basic 990k","801","mint candy ☆ citrus drop","Normal","3.0","2.9","-0.1","하향",""
"Basic 990k","802","mint candy ☆ citrus drop","Hard","4.9","5.3","0.4","상향",""
"Basic 990k","803","mint candy ☆ citrus drop","Expert","8.9","9.1","0.2","상향",""
"Basic 990k","804","mint candy ☆ citrus drop","Real","11.7","11.6","-0.1","하향",""
"Basic 990k","805","morning music","Normal","4.0","4.3","0.3","상향",""
"Basic 990k","806","morning music","Hard","6.8","7.2","0.4","상향",""
"Basic 990k","807","morning music","Expert","7.8","7.6","-0.2","하향",""
"Basic 990k","808","morning music","Real","10.8","10.7","-0.1","하향",""
"Basic 990k","809","murmur twins","Normal","5.0","4.6","-0.4","하향",""
"Basic 990k","810","murmur twins","Hard","7.8","8.0","0.2","상향",""
"Basic 990k","811","murmur twins","Expert","10.8","10.7","-0.1","하향",""
"Basic 990k","812","murmur twins","Real","12.3","12.4","0.1","상향",""
"Basic 990k","813","nalca","Normal","3.0","3.1","0.1","상향",""
"Basic 990k","814","nalca","Hard","6.9","7.2","0.3","상향",""
"Basic 990k","815","nalca","Expert","10.8","10.9","0.1","상향",""
"Basic 990k","816","nalca","Real","12.3","12.4","0.1","상향",""
"Basic 990k","817","neko fun jitter","Normal","4.0","4.2","0.2","상향",""
"Basic 990k","818","neko fun jitter","Hard","5.9","6.3","0.4","상향",""
"Basic 990k","819","neko fun jitter","Expert","7.9","7.7","-0.2","하향",""
"Basic 990k","820","neko fun jitter","Real","11.9","12.1","0.2","상향",""
"Basic 990k","822","neko*neko","Hard","5.8","5.9","0.1","상향",""
"Basic 990k","825","neu","Normal","5.0","4.7","-0.3","하향",""
"Basic 990k","826","neu","Hard","6.8","7.2","0.4","상향",""
"Basic 990k","827","neu","Expert","7.8","7.6","-0.2","하향",""
"Basic 990k","828","neu","Real","9.7","9.5","-0.2","하향",""
"Basic 990k","829","neu*","Normal","5.0","5.1","0.1","상향",""
"Basic 990k","830","neu*","Hard","8.8","9.2","0.4","상향",""
"Basic 990k","831","neu*","Expert","11.8","11.7","-0.1","하향",""
"Basic 990k","832","neu*","Real","13.6","13.8","0.2","상향",""
"Basic 990k","833","nostos","Normal","5.0","5.2","0.2","상향",""
"Basic 990k","834","nostos","Hard","8.2","8.4","0.2","상향",""
"Basic 990k","835","nostos","Expert","11.3","11.5","0.2","상향",""
"Basic 990k","836","nostos","Real","12.4","12.5","0.1","상향",""
"Basic 990k","837","nostos algos","Normal","3.0","2.6","-0.4","하향",""
"Basic 990k","838","nostos algos","Hard","5.8","6.0","0.2","상향",""
"Basic 990k","839","nostos algos","Expert","10.9","11.0","0.1","상향",""
"Basic 990k","840","nostos algos","Real","12.3","12.4","0.1","상향",""
"Basic 990k","841","n番目の女","Normal","3.0","3.2","0.2","상향",""
"Basic 990k","842","n番目の女","Hard","6.9","7.1","0.2","상향",""
"Basic 990k","843","n番目の女","Expert","9.9","10.1","0.2","상향",""
"Basic 990k","844","perditus†paradisus (BEMANI SYMPHONY NOSTALGIA mix)","Normal","5.0","4.8","-0.2","하향",""
"Basic 990k","845","perditus†paradisus (BEMANI SYMPHONY NOSTALGIA mix)","Hard","8.8","9.2","0.4","상향",""
"Basic 990k","847","perditus†paradisus (BEMANI SYMPHONY NOSTALGIA mix)","Real","13.9","13.7","-0.2","하향",""
"Basic 990k","848","phantasmagoria","Normal","5.0","4.9","-0.1","하향",""
"Basic 990k","849","phantasmagoria","Hard","7.8","7.9","0.1","상향",""
"Basic 990k","850","phantasmagoria","Expert","10.0","10.2","0.2","상향",""
"Basic 990k","851","phantasmagoria","Real","12.2","12.1","-0.1","하향",""
"Basic 990k","852","printemps","Normal","4.0","3.9","-0.1","하향",""
"Basic 990k","853","printemps","Hard","6.8","7.0","0.2","상향",""
"Basic 990k","856","robotip phactory","Normal","4.0","4.3","0.3","상향",""
"Basic 990k","857","robotip phactory","Hard","6.8","7.3","0.5","상향",""
"Basic 990k","858","robotip phactory","Expert","10.9","11.2","0.3","상향",""
"Basic 990k","859","robotip phactory","Real","12.1","12.2","0.1","상향",""
"Basic 990k","860","say...but in vain","Normal","4.0","4.3","0.3","상향",""
"Basic 990k","861","say...but in vain","Hard","8.2","8.3","0.1","상향",""
"Basic 990k","862","say...but in vain","Expert","11.1","11.4","0.3","상향",""
"Basic 990k","863","say...but in vain","Real","12.3","12.5","0.2","상향",""
"Basic 990k","864","smooooch・∀・ (BEMANI SYMPHONY NOSTALGIA mix)","Normal","3.0","2.8","-0.2","하향",""
"Basic 990k","865","smooooch・∀・ (BEMANI SYMPHONY NOSTALGIA mix)","Hard","6.8","6.7","-0.1","하향",""
"Basic 990k","866","smooooch・∀・ (BEMANI SYMPHONY NOSTALGIA mix)","Expert","10.6","10.5","-0.1","하향",""
"Basic 990k","868","starmine (BEMANI SYMPHONY NOSTALGIA mix)","Normal","4.0","4.2","0.2","상향",""
"Basic 990k","869","starmine (BEMANI SYMPHONY NOSTALGIA mix)","Hard","6.8","7.0","0.2","상향",""
"Basic 990k","870","starmine (BEMANI SYMPHONY NOSTALGIA mix)","Expert","9.8","9.6","-0.2","하향",""
"Basic 990k","871","starmine (BEMANI SYMPHONY NOSTALGIA mix)","Real","11.8","11.9","0.1","상향",""
"Basic 990k","872","storia","Normal","4.0","3.9","-0.1","하향",""
"Basic 990k","874","storia","Expert","10.9","10.6","-0.3","하향",""
"Basic 990k","875","storia","Real","11.8","11.6","-0.2","하향",""
"Basic 990k","876","tears proof masquerade","Normal","5.0","4.9","-0.1","하향",""
"Basic 990k","877","tears proof masquerade","Hard","8.3","8.5","0.2","상향",""
"Basic 990k","878","tears proof masquerade","Expert","11.9","12.0","0.1","상향",""
"Basic 990k","879","toy boxer(NOSTALGIA Style)","Normal","4.0","3.9","-0.1","하향",""
"Basic 990k","880","toy boxer(NOSTALGIA Style)","Hard","6.9","7.3","0.4","상향",""
"Basic 990k","881","toy boxer(NOSTALGIA Style)","Expert","10.1","10.4","0.3","상향",""
"Basic 990k","882","turn into white","Normal","3.0","2.8","-0.2","하향",""
"Basic 990k","883","turn into white","Hard","5.8","5.9","0.1","상향",""
"Basic 990k","885","turn into white","Real","10.0","10.3","0.3","상향",""
"Basic 990k","886","viator in vitro","Normal","5.0","4.9","-0.1","하향",""
"Basic 990k","887","viator in vitro","Hard","6.8","6.9","0.1","상향",""
"Basic 990k","889","viator in vitro","Real","13.5","13.2","-0.3","하향",""
"Basic 990k","890","virkatoの主題によるperson09風超絶技巧変奏曲","Normal","5.0","5.2","0.2","상향",""
"Basic 990k","891","virkatoの主題によるperson09風超絶技巧変奏曲","Hard","6.9","7.3","0.4","상향",""
"Basic 990k","892","virkatoの主題によるperson09風超絶技巧変奏曲","Expert","12.0","12.1","0.1","상향",""
"Basic 990k","893","virkatoの主題によるperson09風超絶技巧変奏曲","Real","13.5","13.4","-0.1","하향",""
"Basic 990k","894","voltississimo(NOSTALGIA Style)","Normal","5.0","4.7","-0.3","하향",""
"Basic 990k","895","voltississimo(NOSTALGIA Style)","Hard","8.1","8.3","0.2","상향",""
"Basic 990k","897","you","Normal","2.0","2.1","0.1","상향",""
"Basic 990k","898","you","Hard","5.0","5.4","0.4","상향",""
"Basic 990k","899","you","Expert","7.8","7.6","-0.2","하향",""
"Basic 990k","901","zeeros","Hard","8.8","9.3","0.5","상향",""
"Basic 990k","904","†渚のリベンジΣ脈あり!?バケェ～ション†","Normal","4.0","4.2","0.2","상향",""
"Basic 990k","905","†渚のリベンジΣ脈あり!?バケェ～ション†","Hard","6.8","7.0","0.2","상향",""
"Basic 990k","906","†渚のリベンジΣ脈あり!?バケェ～ション†","Expert","11.8","12.0","0.2","상향",""
"Basic 990k","908","†渚の小悪魔ラヴリィ～レイディオ†","Normal","5.0","4.8","-0.2","하향",""
"Basic 990k","909","†渚の小悪魔ラヴリィ～レイディオ†","Hard","7.8","8.1","0.3","상향",""
"Basic 990k","910","†渚の小悪魔ラヴリィ～レイディオ†","Expert","11.8","11.7","-0.1","하향",""
"Basic 990k","911","†渚の小悪魔ラヴリィ～レイディオ†","Real","12.4","12.6","0.2","상향",""
"Basic 990k","912","「6つのメヌエット」より第2番ト長調","Normal","2.0","1.8","-0.2","하향",""
"Basic 990k","913","「6つのメヌエット」より第2番ト長調","Hard","3.9","4.4","0.5","상향",""
"Basic 990k","914","「6つのメヌエット」より第2番ト長調","Expert","7.8","7.5","-0.3","하향",""
"Basic 990k","915","「6つのメヌエット」より第2番ト長調","Real","9.8","9.5","-0.3","하향",""
"Basic 990k","916","「交錯する使命」","Normal","4.0","3.8","-0.2","하향",""
"Basic 990k","917","「交錯する使命」","Hard","6.8","6.7","-0.1","하향",""
"Basic 990k","918","「交錯する使命」","Expert","11.8","11.6","-0.2","하향",""
"Basic 990k","919","「交錯する使命」","Real","13.3","13.1","-0.2","하향",""
"Basic 990k","920","うそつき","Normal","3.0","2.9","-0.1","하향",""
"Basic 990k","921","うそつき","Hard","5.8","6.0","0.2","상향",""
"Basic 990k","923","おおきなこえで","Normal","3.0","3.1","0.1","상향",""
"Basic 990k","924","おおきなこえで","Hard","6.8","6.9","0.1","상향",""
"Basic 990k","925","おおきなこえで","Expert","9.9","10.0","0.1","상향",""
"Basic 990k","926","おおきなこえで","Real","10.9","11.2","0.3","상향",""
"Basic 990k","927","おもちゃの兵隊の行進","Normal","3.0","2.9","-0.1","하향",""
"Basic 990k","928","おもちゃの兵隊の行進","Hard","4.9","5.3","0.4","상향",""
"Basic 990k","929","おもちゃの兵隊の行進","Expert","7.9","7.6","-0.3","하향",""
"Basic 990k","930","おもちゃの兵隊の行進","Real","11.8","11.6","-0.2","하향",""
"Basic 990k","932","おーまい！らぶりー！すうぃーてぃ！だーりん！","Hard","5.9","6.2","0.3","상향",""
"Basic 990k","933","おーまい！らぶりー！すうぃーてぃ！だーりん！","Expert","11.0","11.3","0.3","상향",""
"Basic 990k","934","お米の美味しい炊き方、そしてお米を食べることによるその効果。","Normal","4.0","3.8","-0.2","하향",""
"Basic 990k","935","お米の美味しい炊き方、そしてお米を食べることによるその効果。","Hard","6.8","6.9","0.1","상향",""
"Basic 990k","936","お米の美味しい炊き方、そしてお米を食べることによるその効果。","Expert","11.8","11.6","-0.2","하향",""
"Basic 990k","938","かぞへうたヴァリエーシォン","Normal","4.0","3.6","-0.4","하향",""
"Basic 990k","939","かぞへうたヴァリエーシォン","Hard","6.8","6.6","-0.2","하향",""
"Basic 990k","940","かぞへうたヴァリエーシォン","Expert","10.9","10.6","-0.3","하향",""
"Basic 990k","941","かぞへうたヴァリエーシォン","Real","11.8","11.6","-0.2","하향",""
"Basic 990k","942","からくりピエロ","Normal","3.0","3.1","0.1","상향",""
"Basic 990k","943","からくりピエロ","Hard","5.9","6.4","0.5","상향",""
"Basic 990k","944","からくりピエロ","Expert","8.7","8.6","-0.1","하향",""
"Basic 990k","945","きらきら星変奏曲","Normal","4.0","3.8","-0.2","하향",""
"Basic 990k","946","きらきら星変奏曲","Hard","5.8","5.7","-0.1","하향",""
"Basic 990k","947","きらきら星変奏曲","Expert","10.9","10.7","-0.2","하향",""
"Basic 990k","948","きらきら星変奏曲","Real","12.6","12.5","-0.1","하향",""
"Basic 990k","949","くるみ割り人形よりトレパック","Normal","3.0","3.3","0.3","상향",""
"Basic 990k","950","くるみ割り人形よりトレパック","Hard","7.2","7.5","0.3","상향",""
"Basic 990k","951","くるみ割り人形よりトレパック","Expert","9.8","10.0","0.2","상향",""
"Basic 990k","952","くるみ割り人形より小序曲","Normal","3.0","3.4","0.4","상향",""
"Basic 990k","954","くるみ割り人形より小序曲","Expert","9.9","10.2","0.3","상향",""
"Basic 990k","955","くるみ割り人形より花のワルツ","Normal","2.0","2.3","0.3","상향",""
"Basic 990k","956","くるみ割り人形より花のワルツ","Hard","5.8","6.4","0.6","상향",""
"Basic 990k","957","くるみ割り人形より花のワルツ","Expert","10.8","11.4","0.6","상향",""
"Basic 990k","958","くるみ割り人形より行進曲","Normal","3.0","3.3","0.3","상향",""
"Basic 990k","959","くるみ割り人形より行進曲","Hard","7.4","7.5","0.1","상향",""
"Basic 990k","960","くるみ割り人形より行進曲","Expert","9.8","10.0","0.2","상향",""
"Basic 990k","961","くるみ割り人形より金平糖の踊り","Normal","3.0","3.5","0.5","상향",""
"Basic 990k","962","くるみ割り人形より金平糖の踊り","Hard","5.8","6.4","0.6","상향",""
"Basic 990k","963","くるみ割り人形より金平糖の踊り","Expert","8.9","9.2","0.3","상향",""
"Basic 990k","964","ここからよろしく大作戦143","Normal","2.0","1.7","-0.3","하향",""
"Basic 990k","966","ここからよろしく大作戦143","Expert","9.9","10.2","0.3","상향",""
"Basic 990k","967","ここからよろしく大作戦143","Real","10.9","11.1","0.2","상향",""
"Basic 990k","968","さよならトリップ","Normal","4.0","3.9","-0.1","하향",""
"Basic 990k","971","さよならトリップ","Real","12.5","12.2","-0.3","하향",""
"Basic 990k","974","さよなら世界 (BEMANI SYMPHONY Arr.)","Expert","9.8","9.6","-0.2","하향",""
"Basic 990k","975","さよなら世界 (BEMANI SYMPHONY Arr.)","Real","11.8","11.6","-0.2","하향",""
"Basic 990k","976","すなおな心","Normal","2.0","1.7","-0.3","하향",""
"Basic 990k","977","すなおな心","Hard","3.8","4.3","0.5","상향",""
"Basic 990k","978","すなおな心","Expert","6.0","5.5","-0.5","하향",""
"Basic 990k","979","すなおな心","Real","8.9","8.8","-0.1","하향",""
"Basic 990k","980","だから僕は音楽を辞めた","Normal","3.0","2.6","-0.4","하향",""
"Basic 990k","981","だから僕は音楽を辞めた","Hard","5.8","5.7","-0.1","하향",""
"Basic 990k","982","だから僕は音楽を辞めた","Expert","11.0","10.9","-0.1","하향",""
"Basic 990k","983","だから僕は音楽を辞めた","Real","12.0","11.7","-0.3","하향",""
"Basic 990k","984","だんだん早くなる -arranged by 事務員G-","Normal","3.0","3.4","0.4","상향",""
"Basic 990k","985","だんだん早くなる -arranged by 事務員G-","Hard","5.8","6.3","0.5","상향",""
"Basic 990k","986","だんだん早くなる -arranged by 事務員G-","Expert","7.8","7.6","-0.2","하향",""
"Basic 990k","987","ちくわパフェだよ☆ＣＫＰ","Normal","5.0","4.6","-0.4","하향",""
"Basic 990k","989","ちくわパフェだよ☆ＣＫＰ","Expert","11.8","11.6","-0.2","하향",""
"Basic 990k","990","ちくわパフェだよ☆ＣＫＰ","Real","12.3","12.5","0.2","상향",""
"Basic 990k","991","とこにゃつ☆トロピカル","Normal","2.0","2.1","0.1","상향",""
"Basic 990k","992","とこにゃつ☆トロピカル","Hard","7.0","7.4","0.4","상향",""
"Basic 990k","994","なつやすみのぼうけん","Normal","4.0","4.3","0.3","상향",""
"Basic 990k","995","なつやすみのぼうけん","Hard","5.8","6.1","0.3","상향",""
"Basic 990k","996","なつやすみのぼうけん","Expert","10.8","10.9","0.1","상향",""
"Basic 990k","997","なつやすみのぼうけん","Real","12.4","12.6","0.2","상향",""
"Basic 990k","998","なまいきプリンセス","Normal","3.0","2.7","-0.3","하향",""
"Basic 990k","999","なまいきプリンセス","Hard","5.9","5.8","-0.1","하향",""
"Basic 990k","1000","なまいきプリンセス","Expert","8.9","8.7","-0.2","하향",""
"Basic 990k","1001","なまいきプリンセス","Real","11.8","11.6","-0.2","하향",""
"Basic 990k","1002","にゃんだふる55 marble version","Normal","3.0","2.6","-0.4","하향",""
"Basic 990k","1003","にゃんだふる55 marble version","Hard","6.8","6.7","-0.1","하향",""
"Basic 990k","1004","にゃんだふる55 marble version","Expert","9.9","9.8","-0.1","하향",""
"Basic 990k","1005","にゃんだふる55 marble version","Real","11.7","11.6","-0.1","하향",""
"Basic 990k","1007","はなまるぴっぴはよいこだけ","Hard","5.8","6.2","0.4","상향",""
"Basic 990k","1008","はなまるぴっぴはよいこだけ","Expert","8.8","8.7","-0.1","하향",""
"Basic 990k","1009","はなまるぴっぴはよいこだけ","Real","10.9","11.2","0.3","상향",""
"Basic 990k","1011","ぽかぽかレトロード ～Home Sweet Home edition～","Hard","5.8","5.9","0.1","상향",""
"Basic 990k","1012","ぽかぽかレトロード ～Home Sweet Home edition～","Expert","9.8","9.6","-0.2","하향",""
"Basic 990k","1013","ぽかぽかレトロード ～Home Sweet Home edition～","Real","10.8","11.1","0.3","상향",""
"Basic 990k","1014","めうめうぺったんたん！！","Normal","3.0","2.9","-0.1","하향",""
"Basic 990k","1015","めうめうぺったんたん！！","Hard","6.9","6.8","-0.1","하향",""
"Basic 990k","1017","めうめうぺったんたん！！","Real","12.3","12.6","0.3","상향",""
"Basic 990k","1018","アイネ・クライネ・ナハトムジク第1楽章","Normal","2.0","2.3","0.3","상향",""
"Basic 990k","1019","アイネ・クライネ・ナハトムジク第1楽章","Hard","5.9","6.2","0.3","상향",""
"Basic 990k","1020","アイネ・クライネ・ナハトムジク第1楽章","Expert","7.8","7.6","-0.2","하향",""
"Basic 990k","1021","アクアリウム ブルー","Normal","3.0","2.7","-0.3","하향",""
"Basic 990k","1022","アクアリウム ブルー","Hard","5.9","5.7","-0.2","하향",""
"Basic 990k","1023","アクアリウム ブルー","Expert","9.8","9.6","-0.2","하향",""
"Basic 990k","1024","アクアリウム ブルー","Real","11.7","11.5","-0.2","하향",""
"Basic 990k","1025","アスノヨゾラ哨戒班","Normal","2.0","1.9","-0.1","하향",""
"Basic 990k","1026","アスノヨゾラ哨戒班","Hard","5.9","6.1","0.2","상향",""
"Basic 990k","1027","アスノヨゾラ哨戒班","Expert","10.8","10.6","-0.2","하향",""
"Basic 990k","1028","アゼルバイジャニカアルメニアンカ","Normal","4.0","4.4","0.4","상향",""
"Basic 990k","1029","アゼルバイジャニカアルメニアンカ","Hard","6.9","7.4","0.5","상향",""
"Basic 990k","1030","アゼルバイジャニカアルメニアンカ","Expert","9.9","10.3","0.4","상향",""
"Basic 990k","1031","アゼルバイジャニカアルメニアンカ","Real","11.9","12.1","0.2","상향",""
"Basic 990k","1032","アラベスク","Normal","3.0","3.4","0.4","상향",""
"Basic 990k","1033","アラベスク","Hard","4.8","5.4","0.6","상향",""
"Basic 990k","1034","アラベスク","Expert","7.8","7.6","-0.2","하향",""
"Basic 990k","1035","アラベスク第1番","Normal","6.0","6.3","0.3","상향",""
"Basic 990k","1036","アラベスク第1番","Hard","8.3","8.5","0.2","상향",""
"Basic 990k","1037","アラベスク第1番","Expert","11.1","11.4","0.3","상향",""
"Basic 990k","1038","アラベスク第1番","Real","11.9","12.1","0.2","상향",""
"Basic 990k","1039","アリスサイド・キャスリング","Normal","4.0","4.2","0.2","상향",""
"Basic 990k","1040","アリスサイド・キャスリング","Hard","6.8","7.0","0.2","상향",""
"Basic 990k","1041","アリスサイド・キャスリング","Expert","10.8","11.1","0.3","상향",""
"Basic 990k","1042","アリスサイド・キャスリング","Real","12.2","12.4","0.2","상향",""
"Basic 990k","1044","アルストロメリア","Hard","8.8","9.3","0.5","상향",""
"Basic 990k","1045","アルストロメリア","Expert","9.9","10.3","0.4","상향",""
"Basic 990k","1046","アルストロメリア","Real","12.9","12.7","-0.2","하향",""
"Basic 990k","1047","アルルの女第二組曲よりファランドール","Normal","3.0","3.1","0.1","상향",""
"Basic 990k","1048","アルルの女第二組曲よりファランドール","Hard","5.8","5.9","0.1","상향",""
"Basic 990k","1049","アルルの女第二組曲よりファランドール","Expert","10.9","11.0","0.1","상향",""
"Basic 990k","1051","アルルの女第二組曲よりメヌエット","Normal","2.0","1.6","-0.4","하향",""
"Basic 990k","1052","アルルの女第二組曲よりメヌエット","Hard","4.9","5.0","0.1","상향",""
"Basic 990k","1053","アルルの女第二組曲よりメヌエット","Expert","7.8","7.5","-0.3","하향",""
"Basic 990k","1055","アヴェ・マリア","Normal","2.0","1.5","-0.5","하향",""
"Basic 990k","1056","アヴェ・マリア","Hard","5.7","5.6","-0.1","하향",""
"Basic 990k","1057","アヴェ・マリア","Expert","8.9","8.5","-0.4","하향",""
"Basic 990k","1058","アヴェ・マリア","Real","12.2","11.7","-0.5","하향",""
"Basic 990k","1059","アーカーシャの碑文","Normal","2.0","2.5","0.5","상향",""
"Basic 990k","1060","アーカーシャの碑文","Hard","5.4","5.5","0.1","상향",""
"Basic 990k","1061","アーカーシャの碑文","Expert","7.9","7.7","-0.2","하향",""
"Basic 990k","1062","アーカーシャの碑文","Real","10.0","10.4","0.4","상향",""
"Basic 990k","1063","イタリア風ポルカ","Normal","5.0","4.7","-0.3","하향",""
"Basic 990k","1064","イタリア風ポルカ","Hard","6.8","6.9","0.1","상향",""
"Basic 990k","1065","イタリア風ポルカ","Expert","10.7","10.6","-0.1","하향",""
"Basic 990k","1066","イタリア風ポルカ","Real","12.0","12.3","0.3","상향",""
"Basic 990k","1067","イノセントバイブル","Normal","3.0","3.1","0.1","상향",""
"Basic 990k","1068","イノセントバイブル","Hard","5.8","6.0","0.2","상향",""
"Basic 990k","1069","イノセントバイブル","Expert","9.1","9.0","-0.1","하향",""
"Basic 990k","1070","イノセントバイブル","Real","10.7","10.9","0.2","상향",""
"Basic 990k","1071","イブの時代っ！","Normal","3.0","2.6","-0.4","하향",""
"Basic 990k","1073","イブの時代っ！","Expert","10.8","10.7","-0.1","하향",""
"Basic 990k","1075","イマココ！この瞬間","Normal","4.0","3.8","-0.2","하향",""
"Basic 990k","1076","イマココ！この瞬間","Hard","5.8","5.7","-0.1","하향",""
"Basic 990k","1078","イマココ！この瞬間","Real","10.8","10.7","-0.1","하향",""
"Basic 990k","1079","インベンション第13番","Normal","4.0","4.5","0.5","상향",""
"Basic 990k","1080","インベンション第13番","Hard","5.9","6.4","0.5","상향",""
"Basic 990k","1081","インベンション第13番","Expert","6.8","6.5","-0.3","하향",""
"Basic 990k","1082","インベンション第1番","Normal","3.0","3.4","0.4","상향",""
"Basic 990k","1083","インベンション第1番","Hard","4.9","5.5","0.6","상향",""
"Basic 990k","1084","インベンション第1番","Expert","6.9","6.5","-0.4","하향",""
"Basic 990k","1085","インベンション第4番","Normal","3.0","3.4","0.4","상향",""
"Basic 990k","1086","インベンション第4番","Hard","4.9","5.5","0.6","상향",""
"Basic 990k","1087","インベンション第4番","Expert","6.9","6.5","-0.4","하향",""
"Basic 990k","1091","ウィリアム・テル序曲","Real","12.6","12.7","0.1","상향",""
"Basic 990k","1092","ウソツキ横丁は雨模様","Normal","3.0","2.8","-0.2","하향",""
"Basic 990k","1093","ウソツキ横丁は雨模様","Hard","6.8","6.7","-0.1","하향",""
"Basic 990k","1094","ウソツキ横丁は雨模様","Expert","10.7","10.6","-0.1","하향",""
"Basic 990k","1095","ウソツキ横丁は雨模様","Real","11.8","11.7","-0.1","하향",""
"Basic 990k","1096","ウミユリ海底譚","Normal","2.0","1.8","-0.2","하향",""
"Basic 990k","1097","ウミユリ海底譚","Hard","5.9","6.1","0.2","상향",""
"Basic 990k","1098","ウミユリ海底譚","Expert","7.9","7.6","-0.3","하향",""
"Basic 990k","1099","ウミユリ海底譚","Real","10.8","10.7","-0.1","하향",""
"Basic 990k","1100","エイリアンエイリアン","Normal","2.0","1.9","-0.1","하향",""
"Basic 990k","1101","エイリアンエイリアン","Hard","6.8","7.3","0.5","상향",""
"Basic 990k","1102","エイリアンエイリアン","Expert","9.9","10.2","0.3","상향",""
"Basic 990k","1103","エチュード Op.10-1","Normal","3.0","2.6","-0.4","하향",""
"Basic 990k","1104","エチュード Op.10-1","Hard","6.8","6.6","-0.2","하향",""
"Basic 990k","1105","エチュード Op.10-1","Expert","12.0","11.7","-0.3","하향",""
"Basic 990k","1106","エチュード Op.10-1","Real","12.6","12.5","-0.1","하향",""
"Basic 990k","1107","エチュード Op.10-2","Normal","3.0","2.6","-0.4","하향",""
"Basic 990k","1108","エチュード Op.10-2","Hard","6.8","6.9","0.1","상향",""
"Basic 990k","1109","エチュード Op.10-2","Expert","11.9","11.8","-0.1","하향",""
"Basic 990k","1110","エチュード Op.10-2","Real","12.5","12.8","0.3","상향",""
"Basic 990k","1111","エチュード Op.10-4","Normal","5.0","4.9","-0.1","하향",""
"Basic 990k","1112","エチュード Op.10-4","Hard","7.8","8.2","0.4","상향",""
"Basic 990k","1114","エチュード Op.10-4","Real","14.3","14.4","0.1","상향",""
"Basic 990k","1115","エチュード Op.10-5 「黒鍵」","Normal","4.0","3.8","-0.2","하향",""
"Basic 990k","1116","エチュード Op.10-5 「黒鍵」","Hard","5.8","6.0","0.2","상향",""
"Basic 990k","1119","エチュード Op.25-5","Normal","4.0","3.6","-0.4","하향",""
"Basic 990k","1120","エチュード Op.25-5","Hard","6.8","7.0","0.2","상향",""
"Basic 990k","1121","エチュード Op.25-5","Expert","12.5","12.2","-0.3","하향",""
"Basic 990k","1122","エチュード Op.25-5","Real","13.4","13.0","-0.4","하향",""
"Basic 990k","1123","エチュード「鵲」","Normal","4.0","3.7","-0.3","하향",""
"Basic 990k","1124","エチュード「鵲」","Hard","5.8","6.0","0.2","상향",""
"Basic 990k","1127","エリーゼのために","Normal","3.0","3.4","0.4","상향",""
"Basic 990k","1128","エリーゼのために","Hard","5.8","6.4","0.6","상향",""
"Basic 990k","1129","エリーゼのために","Expert","6.9","6.7","-0.2","하향",""
"Basic 990k","1130","エリーゼのために","Real","10.1","10.4","0.3","상향",""
"Basic 990k","1131","カヨワキコイノウタ","Normal","3.0","2.8","-0.2","하향",""
"Basic 990k","1132","カヨワキコイノウタ","Hard","5.8","5.9","0.1","상향",""
"Basic 990k","1133","カヨワキコイノウタ","Expert","8.9","8.8","-0.1","하향",""
"Basic 990k","1134","カヨワキコイノウタ","Real","10.8","10.7","-0.1","하향",""
"Basic 990k","1135","ガボット","Normal","4.0","4.3","0.3","상향",""
"Basic 990k","1136","ガボット","Hard","5.8","6.2","0.4","상향",""
"Basic 990k","1137","ガボット","Expert","8.8","8.9","0.1","상향",""
"Basic 990k","1138","クシコス・ポスト","Normal","3.0","2.8","-0.2","하향",""
"Basic 990k","1139","クシコス・ポスト","Hard","6.9","7.4","0.5","상향",""
"Basic 990k","1140","クシコス・ポスト","Expert","10.8","10.9","0.1","상향",""
"Basic 990k","1141","クープランの墓よりプレリュード","Normal","6.0","5.5","-0.5","하향",""
"Basic 990k","1143","クープランの墓よりプレリュード","Expert","12.6","12.2","-0.4","하향",""
"Basic 990k","1144","クープランの墓よりプレリュード","Real","13.5","13.2","-0.3","하향",""
"Basic 990k","1145","コキュトス","Normal","3.0","2.9","-0.1","하향",""
"Basic 990k","1146","コキュトス","Hard","6.8","6.7","-0.1","하향",""
"Basic 990k","1148","コキュトス","Real","12.2","12.3","0.1","상향",""
"Basic 990k","1149","コルドバの女","Normal","4.0","4.1","0.1","상향",""
"Basic 990k","1150","コルドバの女","Hard","8.0","8.3","0.3","상향",""
"Basic 990k","1151","コルドバの女","Expert","11.2","11.3","0.1","상향",""
"Basic 990k","1152","コルドバの女","Real","12.6","12.7","0.1","상향",""
"Basic 990k","1153","ゴリウォーグのケークウォーク","Normal","3.0","2.8","-0.2","하향",""
"Basic 990k","1154","ゴリウォーグのケークウォーク","Hard","5.9","5.8","-0.1","하향",""
"Basic 990k","1155","ゴリウォーグのケークウォーク","Expert","9.9","9.8","-0.1","하향",""
"Basic 990k","1156","ゴリウォーグのケークウォーク","Real","11.2","11.4","0.2","상향",""
"Basic 990k","1158","サムイウワサ","Hard","5.8","6.0","0.2","상향",""
"Basic 990k","1159","サムイウワサ","Expert","10.9","11.2","0.3","상향",""
"Basic 990k","1161","サヨナラ・ヘヴン","Hard","5.8","5.9","0.1","상향",""
"Basic 990k","1163","サヨナラ・ヘヴン","Real","11.9","12.0","0.1","상향",""
"Basic 990k","1164","シシリエンヌ","Normal","3.0","2.7","-0.3","하향",""
"Basic 990k","1165","シシリエンヌ","Hard","5.8","5.7","-0.1","하향",""
"Basic 990k","1166","シシリエンヌ","Expert","8.8","8.7","-0.1","하향",""
"Basic 990k","1167","シャルル","Normal","3.0","3.3","0.3","상향",""
"Basic 990k","1169","シャルル","Expert","10.0","10.4","0.4","상향",""
"Basic 990k","1170","シャルル","Real","10.8","11.0","0.2","상향",""
"Basic 990k","1171","シュレーディンガーの猫","Normal","5.0","4.9","-0.1","하향",""
"Basic 990k","1172","シュレーディンガーの猫","Hard","7.8","8.1","0.3","상향",""
"Basic 990k","1173","シュレーディンガーの猫","Expert","12.0","12.1","0.1","상향",""
"Basic 990k","1174","シュレーディンガーの猫","Real","13.8","13.9","0.1","상향",""
"Basic 990k","1175","ジムノペディ第1番","Normal","1.0","1.1","0.1","상향",""
"Basic 990k","1176","ジムノペディ第1番","Hard","2.8","3.5","0.7","상향",""
"Basic 990k","1177","ジムノペディ第1番","Expert","6.8","6.5","-0.3","하향",""
"Basic 990k","1178","ジムノペディ第1番","Real","9.8","9.6","-0.2","하향",""
"Basic 990k","1179","ジャンキーナイトタウンオーケストラ","Normal","4.0","4.3","0.3","상향",""
"Basic 990k","1180","ジャンキーナイトタウンオーケストラ","Hard","6.8","6.7","-0.1","하향",""
"Basic 990k","1181","ジャンキーナイトタウンオーケストラ","Expert","10.8","10.7","-0.1","하향",""
"Basic 990k","1183","スケルツォ第2番 Op.31","Normal","4.0","3.6","-0.4","하향",""
"Basic 990k","1184","スケルツォ第2番 Op.31","Hard","6.8","7.1","0.3","상향",""
"Basic 990k","1185","スケルツォ第2番 Op.31","Expert","11.9","11.7","-0.2","하향",""
"Basic 990k","1188","ストレイ・マーチ","Hard","7.8","8.0","0.2","상향",""
"Basic 990k","1190","ストレイ・マーチ","Real","12.6","12.8","0.2","상향",""
"Basic 990k","1192","スーパー戦湯ババンバーン","Hard","7.8","8.1","0.3","상향",""
"Basic 990k","1193","スーパー戦湯ババンバーン","Expert","11.9","11.7","-0.2","하향",""
"Basic 990k","1194","スーパー戦湯ババンバーン","Real","12.3","12.5","0.2","상향",""
"Basic 990k","1195","セツナトリップ","Normal","3.0","3.2","0.2","상향",""
"Basic 990k","1196","セツナトリップ","Hard","7.8","8.0","0.2","상향",""
"Basic 990k","1197","セツナトリップ","Expert","9.9","10.3","0.4","상향",""
"Basic 990k","1198","ソナチネ Op.20－1","Normal","4.0","4.1","0.1","상향",""
"Basic 990k","1199","ソナチネ Op.20－1","Hard","5.0","5.5","0.5","상향",""
"Basic 990k","1201","ソナチネ Op.36－1","Normal","3.0","3.1","0.1","상향",""
"Basic 990k","1202","ソナチネ Op.36－1","Hard","4.9","5.4","0.5","상향",""
"Basic 990k","1203","ソナチネ Op.36－1","Expert","7.8","7.5","-0.3","하향",""
"Basic 990k","1204","ソナチネ ト長調 第1楽章","Normal","1.0","1.3","0.3","상향",""
"Basic 990k","1205","ソナチネ ト長調 第1楽章","Hard","5.0","5.2","0.2","상향",""
"Basic 990k","1206","ソナチネ ト長調 第1楽章","Expert","6.9","6.5","-0.4","하향",""
"Basic 990k","1207","ソナチネ ト長調 第1楽章","Real","9.7","9.5","-0.2","하향",""
"Basic 990k","1208","タランテラ","Normal","3.0","2.9","-0.1","하향",""
"Basic 990k","1209","タランテラ","Hard","6.8","6.6","-0.2","하향",""
"Basic 990k","1210","タランテラ","Expert","11.1","11.0","-0.1","하향",""
"Basic 990k","1212","チュッチュ♪マチュピチュ","Normal","2.0","1.9","-0.1","하향",""
"Basic 990k","1213","チュッチュ♪マチュピチュ","Hard","6.8","6.9","0.1","상향",""
"Basic 990k","1215","チュッチュ♪マチュピチュ","Real","11.0","11.3","0.3","상향",""
"Basic 990k","1216","チョコレートスマイル","Normal","2.0","1.8","-0.2","하향",""
"Basic 990k","1217","チョコレートスマイル","Hard","5.9","6.2","0.3","상향",""
"Basic 990k","1218","チョコレートスマイル","Expert","8.8","8.9","0.1","상향",""
"Basic 990k","1219","チョコレートスマイル","Real","10.8","10.9","0.1","상향",""
"Basic 990k","1220","テンションコードにくちづけを","Normal","4.0","3.9","-0.1","하향",""
"Basic 990k","1221","テンションコードにくちづけを","Hard","6.2","6.4","0.2","상향",""
"Basic 990k","1223","デッドボヲルdeホームラン","Normal","3.0","2.6","-0.4","하향",""
"Basic 990k","1224","デッドボヲルdeホームラン","Hard","6.8","6.9","0.1","상향",""
"Basic 990k","1225","デッドボヲルdeホームラン","Expert","10.7","10.6","-0.1","하향",""
"Basic 990k","1226","デッドボヲルdeホームラン","Real","12.2","12.3","0.1","상향",""
"Basic 990k","1227","トッカータとフーガ ニ短調","Normal","5.0","5.3","0.3","상향",""
"Basic 990k","1228","トッカータとフーガ ニ短調","Hard","7.1","7.5","0.4","상향",""
"Basic 990k","1229","トッカータとフーガ ニ短調","Expert","10.1","10.5","0.4","상향",""
"Basic 990k","1230","トッカータとフーガ ニ短調","Real","11.9","12.2","0.3","상향",""
"Basic 990k","1231","トリッチ・トラッチ・ポルカ","Normal","4.0","3.9","-0.1","하향",""
"Basic 990k","1233","トリッチ・トラッチ・ポルカ","Expert","11.8","11.6","-0.2","하향",""
"Basic 990k","1235","トリノコシティ -arranged by 事務員G-","Normal","3.0","3.2","0.2","상향",""
"Basic 990k","1236","トリノコシティ -arranged by 事務員G-","Hard","4.9","5.5","0.6","상향",""
"Basic 990k","1237","トリノコシティ -arranged by 事務員G-","Expert","6.9","6.5","-0.4","하향",""
"Basic 990k","1238","トルコ行進曲","Normal","6.0","6.2","0.2","상향",""
"Basic 990k","1239","トルコ行進曲","Hard","8.8","9.4","0.6","상향",""
"Basic 990k","1240","トルコ行進曲","Expert","10.9","11.4","0.5","상향",""
"Basic 990k","1243","トルコ行進曲","Hard","4.9","5.3","0.4","상향",""
"Basic 990k","1245","トルコ行進曲","Real","11.2","11.5","0.3","상향",""
"Basic 990k","1246","トロイメライ","Normal","3.0","3.5","0.5","상향",""
"Basic 990k","1247","トロイメライ","Hard","3.9","4.5","0.6","상향",""
"Basic 990k","1248","トロイメライ","Expert","5.0","4.5","-0.5","하향",""
"Basic 990k","1249","ナイト・オブ・ナイツ","Normal","4.0","4.3","0.3","상향",""
"Basic 990k","1250","ナイト・オブ・ナイツ","Hard","8.8","9.3","0.5","상향",""
"Basic 990k","1251","ナイト・オブ・ナイツ","Expert","10.7","10.8","0.1","상향",""
"Basic 990k","1252","ナイト・オブ・ナイツ","Real","12.2","12.4","0.2","상향",""
"Basic 990k","1253","ニコラウスさんの出来心","Normal","5.0","4.8","-0.2","하향",""
"Basic 990k","1254","ニコラウスさんの出来心","Hard","7.9","8.2","0.3","상향",""
"Basic 990k","1255","ニコラウスさんの出来心","Expert","11.9","12.0","0.1","상향",""
"Basic 990k","1256","ニコラウスさんの出来心","Real","12.3","12.5","0.2","상향",""
"Basic 990k","1257","ニルスのコイン","Normal","3.0","2.8","-0.2","하향",""
"Basic 990k","1258","ニルスのコイン","Hard","6.8","6.6","-0.2","하향",""
"Basic 990k","1259","ニルスのコイン","Expert","11.8","11.6","-0.2","하향",""
"Basic 990k","1260","ニルスのコイン","Real","12.4","12.5","0.1","상향",""
"Basic 990k","1261","ネイティブフェイス","Normal","2.0","2.2","0.2","상향",""
"Basic 990k","1262","ネイティブフェイス","Hard","7.8","8.1","0.3","상향",""
"Basic 990k","1263","ネイティブフェイス","Expert","10.9","11.1","0.2","상향",""
"Basic 990k","1264","ネイティブフェイス","Real","12.4","12.5","0.1","상향",""
"Basic 990k","1265","ネリと琥珀糖","Normal","4.0","4.1","0.1","상향",""
"Basic 990k","1266","ネリと琥珀糖","Hard","6.9","7.4","0.5","상향",""
"Basic 990k","1267","ネリと琥珀糖","Expert","11.8","11.6","-0.2","하향",""
"Basic 990k","1269","ハイドンの名によるメヌエット","Normal","3.0","2.8","-0.2","하향",""
"Basic 990k","1270","ハイドンの名によるメヌエット","Hard","5.8","5.6","-0.2","하향",""
"Basic 990k","1271","ハイドンの名によるメヌエット","Expert","8.8","8.5","-0.3","하향",""
"Basic 990k","1272","ハイドンの名によるメヌエット","Real","11.0","10.8","-0.2","하향",""
"Basic 990k","1273","ハッピーシンセサイザ","Normal","2.0","2.2","0.2","상향",""
"Basic 990k","1274","ハッピーシンセサイザ","Hard","6.9","7.1","0.2","상향",""
"Basic 990k","1275","ハッピーシンセサイザ","Expert","9.9","10.0","0.1","상향",""
"Basic 990k","1276","ハッピーシンセサイザ","Real","10.9","11.1","0.2","상향",""
"Basic 990k","1277","ハテノサキ","Normal","3.0","2.6","-0.4","하향",""
"Basic 990k","1279","ハテノサキ","Expert","9.8","9.6","-0.2","하향",""
"Basic 990k","1280","ハテノサキ","Real","11.8","11.5","-0.3","하향",""
"Basic 990k","1282","ハラショー！おにぎりサーカス団☆","Hard","7.7","7.9","0.2","상향",""
"Basic 990k","1284","ハラショー！おにぎりサーカス団☆","Real","12.4","12.6","0.2","상향",""
"Basic 990k","1285","ハンガリー狂詩曲第2番","Normal","6.0","5.5","-0.5","하향",""
"Basic 990k","1286","ハンガリー狂詩曲第2番","Hard","7.8","8.0","0.2","상향",""
"Basic 990k","1287","ハンガリー狂詩曲第2番","Expert","11.7","11.6","-0.1","하향",""
"Basic 990k","1288","ハンガリー狂詩曲第2番","Real","12.8","12.9","0.1","상향",""
"Basic 990k","1289","ハンガリー舞曲第5番","Normal","4.0","3.7","-0.3","하향",""
"Basic 990k","1290","ハンガリー舞曲第5番","Hard","6.8","6.6","-0.2","하향",""
"Basic 990k","1292","ハンガリー舞曲第5番","Real","11.9","12.0","0.1","상향",""
"Basic 990k","1293","ハンガリー舞曲第6番","Normal","4.0","4.1","0.1","상향",""
"Basic 990k","1294","ハンガリー舞曲第6番","Hard","6.9","7.2","0.3","상향",""
"Basic 990k","1295","ハンガリー舞曲第6番","Expert","10.9","11.0","0.1","상향",""
"Basic 990k","1296","ハンガリー舞曲第6番","Real","12.1","12.3","0.2","상향",""
"Basic 990k","1297","バッドエンド・シンドローム","Normal","4.0","4.1","0.1","상향",""
"Basic 990k","1298","バッドエンド・シンドローム","Hard","6.8","7.1","0.3","상향",""
"Basic 990k","1299","バッドエンド・シンドローム","Expert","11.8","11.7","-0.1","하향",""
"Basic 990k","1300","バラード第1番","Normal","4.0","4.4","0.4","상향",""
"Basic 990k","1301","バラード第1番","Hard","7.4","7.5","0.1","상향",""
"Basic 990k","1302","バラード第1番","Expert","10.8","11.3","0.5","상향",""
"Basic 990k","1303","バラード第1番","Real","13.0","13.2","0.2","상향",""
"Basic 990k","1304","バルベリア・タンゴ","Normal","4.0","3.8","-0.2","하향",""
"Basic 990k","1305","バルベリア・タンゴ","Hard","7.7","7.9","0.2","상향",""
"Basic 990k","1306","バルベリア・タンゴ","Expert","11.9","11.7","-0.2","하향",""
"Basic 990k","1308","バンブーソード・ガール","Normal","4.0","3.8","-0.2","하향",""
"Basic 990k","1309","バンブーソード・ガール","Hard","7.8","8.1","0.3","상향",""
"Basic 990k","1310","バンブーソード・ガール","Expert","10.8","11.0","0.2","상향",""
"Basic 990k","1311","パイナップル・ラグ","Normal","2.0","1.8","-0.2","하향",""
"Basic 990k","1312","パイナップル・ラグ","Hard","5.8","5.6","-0.2","하향",""
"Basic 990k","1313","パイナップル・ラグ","Expert","8.8","8.7","-0.1","하향",""
"Basic 990k","1314","パイナップル・ラグ","Real","10.7","10.6","-0.1","하향",""
"Basic 990k","1315","パガニーニによる大練習曲第6番「主題と変奏」","Normal","5.0","5.3","0.3","상향",""
"Basic 990k","1316","パガニーニによる大練習曲第6番「主題と変奏」","Hard","7.9","8.4","0.5","상향",""
"Basic 990k","1317","パガニーニによる大練習曲第6番「主題と変奏」","Expert","11.9","12.2","0.3","상향",""
"Basic 990k","1318","パガニーニによる大練習曲第6番「主題と変奏」","Real","13.3","13.7","0.4","상향",""
"Basic 990k","1319","パヴァーヌ","Normal","3.0","2.5","-0.5","하향",""
"Basic 990k","1320","パヴァーヌ","Hard","4.8","4.9","0.1","상향",""
"Basic 990k","1321","パヴァーヌ","Expert","10.0","9.7","-0.3","하향",""
"Basic 990k","1322","パヴァーヌ","Real","10.8","10.6","-0.2","하향",""
"Basic 990k","1323","パーフェクトイーター","Normal","5.0","4.9","-0.1","하향",""
"Basic 990k","1324","パーフェクトイーター","Hard","7.7","8.0","0.3","상향",""
"Basic 990k","1325","パーフェクトイーター","Expert","11.8","11.7","-0.1","하향",""
"Basic 990k","1326","パーフェクトイーター","Real","12.2","12.5","0.3","상향",""
"Basic 990k","1327","ピアノソナタ「テンペスト」第３楽章","Normal","4.0","3.8","-0.2","하향",""
"Basic 990k","1330","ピアノソナタ「テンペスト」第３楽章","Real","13.5","13.2","-0.3","하향",""
"Basic 990k","1331","ピアノソナタ「ヴァルトシュタイン」第１楽章","Normal","4.0","4.1","0.1","상향",""
"Basic 990k","1332","ピアノソナタ「ヴァルトシュタイン」第１楽章","Hard","7.8","7.9","0.1","상향",""
"Basic 990k","1333","ピアノソナタ「ヴァルトシュタイン」第１楽章","Expert","12.0","11.8","-0.2","하향",""
"Basic 990k","1334","ピアノソナタ「ヴァルトシュタイン」第１楽章","Real","13.1","12.7","-0.4","하향",""
"Basic 990k","1335","ピアノソナタ「悲愴」第２楽章","Normal","2.0","2.1","0.1","상향",""
"Basic 990k","1336","ピアノソナタ「悲愴」第２楽章","Hard","6.3","6.5","0.2","상향",""
"Basic 990k","1337","ピアノソナタ「悲愴」第２楽章","Expert","7.8","7.7","-0.1","하향",""
"Basic 990k","1338","ピアノソナタ「月光」第１楽章","Normal","2.0","1.5","-0.5","하향",""
"Basic 990k","1339","ピアノソナタ「月光」第１楽章","Hard","3.9","4.3","0.4","상향",""
"Basic 990k","1340","ピアノソナタ「月光」第１楽章","Expert","10.6","10.5","-0.1","하향",""
"Basic 990k","1341","ピアノソナタ「月光」第３楽章","Normal","4.0","4.4","0.4","상향",""
"Basic 990k","1342","ピアノソナタ「月光」第３楽章","Hard","8.8","9.4","0.6","상향",""
"Basic 990k","1343","ピアノソナタ「月光」第３楽章","Expert","10.9","11.3","0.4","상향",""
"Basic 990k","1345","ピアノソナタ「熱情」第３楽章","Normal","3.0","3.3","0.3","상향",""
"Basic 990k","1346","ピアノソナタ「熱情」第３楽章","Hard","8.3","8.4","0.1","상향",""
"Basic 990k","1347","ピアノソナタ「熱情」第３楽章","Expert","11.9","12.1","0.2","상향",""
"Basic 990k","1348","ピアノソナタ「熱情」第３楽章","Real","13.9","14.2","0.3","상향",""
"Basic 990k","1349","ピアノソナタ第15番第1楽章","Normal","4.0","4.4","0.4","상향",""
"Basic 990k","1350","ピアノソナタ第15番第1楽章","Hard","7.9","8.4","0.5","상향",""
"Basic 990k","1351","ピアノソナタ第15番第1楽章","Expert","12.4","12.2","-0.2","하향",""
"Basic 990k","1352","ピアノソナタ第15番第1楽章","Real","12.3","12.4","0.1","상향",""
"Basic 990k","1353","ピアノソナタ第2番「葬送」第2楽章","Normal","4.0","3.9","-0.1","하향",""
"Basic 990k","1354","ピアノソナタ第2番「葬送」第2楽章","Hard","6.8","7.0","0.2","상향",""
"Basic 990k","1355","ピアノソナタ第2番「葬送」第2楽章","Expert","10.9","11.0","0.1","상향",""
"Basic 990k","1357","ピアノ体操第一","Normal","6.0","5.7","-0.3","하향",""
"Basic 990k","1358","ピアノ体操第一","Hard","9.9","10.5","0.6","상향",""
"Basic 990k","1359","ピアノ体操第一","Expert","12.0","12.1","0.1","상향",""
"Basic 990k","1360","ピアノ体操第一","Real","13.8","14.1","0.3","상향",""
"Basic 990k","1361","ピアノ協奏曲第1楽章","Normal","3.0","2.7","-0.3","하향",""
"Basic 990k","1362","ピアノ協奏曲第1楽章","Hard","6.8","6.6","-0.2","하향",""
"Basic 990k","1363","ピアノ協奏曲第1楽章","Expert","11.9","11.8","-0.1","하향",""
"Basic 990k","1366","ピアノ協奏曲第1番“蠍火”","Hard","8.9","9.4","0.5","상향",""
"Basic 990k","1367","ピアノ協奏曲第1番“蠍火”","Expert","12.6","12.2","-0.4","하향",""
"Basic 990k","1368","ピアノ協奏曲第1番第1楽章","Normal","5.0","4.5","-0.5","하향",""
"Basic 990k","1369","ピアノ協奏曲第1番第1楽章","Hard","6.8","6.6","-0.2","하향",""
"Basic 990k","1370","ピアノ協奏曲第1番第1楽章","Expert","12.1","11.7","-0.4","하향",""
"Basic 990k","1371","ピアノ協奏曲第1番第1楽章","Real","12.8","12.7","-0.1","하향",""
"Basic 990k","1372","ピアノ協奏曲第2番第1楽章","Normal","3.0","2.6","-0.4","하향",""
"Basic 990k","1373","ピアノ協奏曲第2番第1楽章","Hard","6.8","6.5","-0.3","하향",""
"Basic 990k","1374","ピアノ協奏曲第2番第1楽章","Expert","12.0","11.9","-0.1","하향",""
"Basic 990k","1375","ピアノ協奏曲第2番第1楽章","Real","13.0","12.7","-0.3","하향",""
"Basic 990k","1376","ピアノ独奏無言歌 ""灰燼""","Normal","7.0","6.5","-0.5","하향",""
"Basic 990k","1377","ピアノ独奏無言歌 ""灰燼""","Hard","9.8","10.4","0.6","상향",""
"Basic 990k","1378","ピアノ独奏無言歌 ""灰燼""","Expert","12.4","12.2","-0.2","하향",""
"Basic 990k","1379","ピアノ独奏無言歌 ""灰燼""","Real","14.0","14.2","0.2","상향",""
"Basic 990k","1380","フィガロの結婚序曲","Normal","3.0","3.1","0.1","상향",""
"Basic 990k","1381","フィガロの結婚序曲","Hard","6.8","6.9","0.1","상향",""
"Basic 990k","1383","フィガロの結婚序曲","Real","13.5","13.2","-0.3","하향",""
"Basic 990k","1384","ボロディン風に","Normal","3.0","2.7","-0.3","하향",""
"Basic 990k","1385","ボロディン風に","Hard","5.8","5.6","-0.2","하향",""
"Basic 990k","1386","ボロディン風に","Expert","9.9","9.6","-0.3","하향",""
"Basic 990k","1387","ボロディン風に","Real","10.8","10.7","-0.1","하향",""
"Basic 990k","1388","ポラリスノウタ","Normal","4.0","4.1","0.1","상향",""
"Basic 990k","1390","ポラリスノウタ","Expert","11.8","11.6","-0.2","하향",""
"Basic 990k","1391","ポラリスノウタ","Real","12.2","12.3","0.1","상향",""
"Basic 990k","1392","ミッドナイト☆WAR(NOSTALGIA Style)","Normal","3.0","3.3","0.3","상향",""
"Basic 990k","1393","ミッドナイト☆WAR(NOSTALGIA Style)","Hard","5.8","6.2","0.4","상향",""
"Basic 990k","1394","ミッドナイト☆WAR(NOSTALGIA Style)","Expert","11.0","11.2","0.2","상향",""
"Basic 990k","1395","ミッドナイト☆WAR(NOSTALGIA Style)","Real","12.4","12.6","0.2","상향",""
"Basic 990k","1396","メイプルリーフ・ラグ","Normal","3.0","2.7","-0.3","하향",""
"Basic 990k","1397","メイプルリーフ・ラグ","Hard","5.8","5.9","0.1","상향",""
"Basic 990k","1398","メイプルリーフ・ラグ","Expert","9.9","10.0","0.1","상향",""
"Basic 990k","1399","メイプルリーフ・ラグ","Real","10.8","10.9","0.1","상향",""
"Basic 990k","1400","メヌエット","Normal","1.0","1.4","0.4","상향",""
"Basic 990k","1401","メヌエット","Hard","3.1","3.5","0.4","상향",""
"Basic 990k","1402","メヌエット","Expert","4.9","4.5","-0.4","하향",""
"Basic 990k","1403","メヌエット","Real","8.7","8.6","-0.1","하향",""
"Basic 990k","1405","メヌエット","Hard","5.8","5.6","-0.2","하향",""
"Basic 990k","1406","メヌエット","Expert","9.9","9.6","-0.3","하향",""
"Basic 990k","1408","メヌエット イ短調","Normal","1.0","1.1","0.1","상향",""
"Basic 990k","1409","メヌエット イ短調","Hard","2.8","3.4","0.6","상향",""
"Basic 990k","1410","メヌエット イ短調","Expert","5.2","4.5","-0.7","하향",""
"Basic 990k","1411","メヌエット ト短調","Normal","1.0","1.4","0.4","상향",""
"Basic 990k","1412","メヌエット ト短調","Hard","2.8","3.5","0.7","상향",""
"Basic 990k","1413","メヌエット ト短調","Expert","6.0","5.5","-0.5","하향",""
"Basic 990k","1414","メヌエット ト短調","Real","9.8","9.9","0.1","상향",""
"Basic 990k","1415","モノクロモーメント","Normal","3.0","3.1","0.1","상향",""
"Basic 990k","1416","モノクロモーメント","Hard","7.1","7.3","0.2","상향",""
"Basic 990k","1417","モノクロモーメント","Expert","9.9","10.2","0.3","상향",""
"Basic 990k","1418","モノクロモーメント","Real","12.3","12.5","0.2","상향",""
"Basic 990k","1419","ユメイロムスビ","Normal","5.0","5.1","0.1","상향",""
"Basic 990k","1420","ユメイロムスビ","Hard","7.9","8.3","0.4","상향",""
"Basic 990k","1421","ユメイロムスビ","Expert","11.1","11.3","0.2","상향",""
"Basic 990k","1422","ユメイロムスビ","Real","11.9","11.8","-0.1","하향",""
"Basic 990k","1423","ユモレスク","Normal","3.0","3.4","0.4","상향",""
"Basic 990k","1424","ユモレスク","Hard","6.2","6.5","0.3","상향",""
"Basic 990k","1425","ユモレスク","Expert","8.9","9.1","0.2","상향",""
"Basic 990k","1426","ラキラキ","Normal","4.0","3.8","-0.2","하향",""
"Basic 990k","1428","ラキラキ","Expert","9.9","10.1","0.2","상향",""
"Basic 990k","1429","ラキラキ","Real","11.9","12.0","0.1","상향",""
"Basic 990k","1430","ラグトレイン","Normal","3.0","2.9","-0.1","하향",""
"Basic 990k","1431","ラグトレイン","Hard","5.8","5.7","-0.1","하향",""
"Basic 990k","1432","ラグトレイン","Expert","8.8","8.6","-0.2","하향",""
"Basic 990k","1433","ラグトレイン","Real","11.6","11.5","-0.1","하향",""
"Basic 990k","1434","ラデツキー行進曲","Normal","4.0","4.4","0.4","상향",""
"Basic 990k","1435","ラデツキー行進曲","Hard","6.8","7.2","0.4","상향",""
"Basic 990k","1436","ラデツキー行進曲","Expert","10.3","10.4","0.1","상향",""
"Basic 990k","1437","ラデツキー行進曲","Real","10.9","11.4","0.5","상향",""
"Basic 990k","1438","ラブキラ☆スプラッシュ","Normal","3.0","3.1","0.1","상향",""
"Basic 990k","1439","ラブキラ☆スプラッシュ","Hard","6.8","6.9","0.1","상향",""
"Basic 990k","1440","ラブキラ☆スプラッシュ","Expert","9.9","10.0","0.1","상향",""
"Basic 990k","1442","ラプソディ・イン・ブルー","Normal","4.0","4.4","0.4","상향",""
"Basic 990k","1443","ラプソディ・イン・ブルー","Hard","5.8","6.3","0.5","상향",""
"Basic 990k","1444","ラプソディ・イン・ブルー","Expert","9.8","9.9","0.1","상향",""
"Basic 990k","1445","ラプソディ・イン・ブルー","Real","11.8","11.9","0.1","상향",""
"Basic 990k","1447","ランカーキラーガール","Hard","7.8","7.9","0.1","상향",""
"Basic 990k","1449","ラ・カンパネラ","Normal","2.0","2.5","0.5","상향",""
"Basic 990k","1450","ラ・カンパネラ","Hard","8.1","8.5","0.4","상향",""
"Basic 990k","1451","ラ・カンパネラ","Expert","11.9","12.2","0.3","상향",""
"Basic 990k","1452","リメンバーリメンバー (BEMANI SYMPHONY Arr.)","Normal","4.0","4.4","0.4","상향",""
"Basic 990k","1454","リメンバーリメンバー (BEMANI SYMPHONY Arr.)","Expert","9.8","9.7","-0.1","하향",""
"Basic 990k","1456","ルスランとリュドミラ序曲","Normal","4.0","4.1","0.1","상향",""
"Basic 990k","1457","ルスランとリュドミラ序曲","Hard","6.8","7.0","0.2","상향",""
"Basic 990k","1458","ルスランとリュドミラ序曲","Expert","11.8","11.6","-0.2","하향",""
"Basic 990k","1460","ルミナスデイズ","Normal","3.0","2.7","-0.3","하향",""
"Basic 990k","1461","ルミナスデイズ","Hard","5.0","5.4","0.4","상향",""
"Basic 990k","1462","ルミナスデイズ","Expert","9.1","9.0","-0.1","하향",""
"Basic 990k","1463","レクイエムより「怒りの日」","Normal","4.0","3.6","-0.4","하향",""
"Basic 990k","1465","レクイエムより「怒りの日」","Expert","11.8","11.6","-0.2","하향",""
"Basic 990k","1466","レクイエムより「怒りの日」","Real","13.0","12.9","-0.1","하향",""
"Basic 990k","1468","レグルス αβ","Hard","7.0","7.3","0.3","상향",""
"Basic 990k","1469","レグルス αβ","Expert","11.1","11.3","0.2","상향",""
"Basic 990k","1474","ロストワンの号哭","Normal","3.0","3.2","0.2","상향",""
"Basic 990k","1475","ロストワンの号哭","Hard","7.9","8.3","0.4","상향",""
"Basic 990k","1476","ロストワンの号哭","Expert","11.0","11.3","0.3","상향",""
"Basic 990k","1477","ロストワンの号哭","Real","11.8","12.0","0.2","상향",""
"Basic 990k","1479","ロボット☆ライフ","Hard","5.8","6.2","0.4","상향",""
"Basic 990k","1481","ロマンシングエスケープ","Normal","3.0","2.7","-0.3","하향",""
"Basic 990k","1482","ロマンシングエスケープ","Hard","6.8","6.7","-0.1","하향",""
"Basic 990k","1483","ロマンシングエスケープ","Expert","10.7","10.5","-0.2","하향",""
"Basic 990k","1485","ロミとロボの宇宙飛行","Normal","4.0","3.5","-0.5","하향",""
"Basic 990k","1486","ロミとロボの宇宙飛行","Hard","7.8","7.7","-0.1","하향",""
"Basic 990k","1487","ロミとロボの宇宙飛行","Expert","10.8","10.7","-0.1","하향",""
"Basic 990k","1489","ワルキューレの騎行","Normal","4.0","3.6","-0.4","하향",""
"Basic 990k","1490","ワルキューレの騎行","Hard","7.8","8.1","0.3","상향",""
"Basic 990k","1491","ワルキューレの騎行","Expert","12.2","12.1","-0.1","하향",""
"Basic 990k","1492","ワルキューレの騎行","Real","13.2","13.0","-0.2","하향",""
"Basic 990k","1493","ワルツ第14番","Normal","4.0","3.6","-0.4","하향",""
"Basic 990k","1494","ワルツ第14番","Hard","7.9","8.0","0.1","상향",""
"Basic 990k","1495","ワルツ第14番","Expert","11.9","11.8","-0.1","하향",""
"Basic 990k","1496","ワルツ第17番 ト短調”大犬のワルツ”","Normal","6.0","5.6","-0.4","하향",""
"Basic 990k","1497","ワルツ第17番 ト短調”大犬のワルツ”","Hard","8.7","9.2","0.5","상향",""
"Basic 990k","1498","ワルツ第17番 ト短調”大犬のワルツ”","Expert","12.4","12.2","-0.2","하향",""
"Basic 990k","1499","ワルツ第17番 ト短調”大犬のワルツ”","Real","13.8","14.0","0.2","상향",""
"Basic 990k","1500","ヴァイオリンソナタ第5番「春」第1楽章","Normal","3.0","2.7","-0.3","하향",""
"Basic 990k","1501","ヴァイオリンソナタ第5番「春」第1楽章","Hard","5.9","5.8","-0.1","하향",""
"Basic 990k","1502","ヴァイオリンソナタ第5番「春」第1楽章","Expert","9.9","9.7","-0.2","하향",""
"Basic 990k","1503","ヴァイオリンソナタ第5番「春」第1楽章","Real","12.1","12.0","-0.1","하향",""
"Basic 990k","1504","ヴォカリーズ","Normal","3.0","2.6","-0.4","하향",""
"Basic 990k","1505","ヴォカリーズ","Hard","5.8","5.6","-0.2","하향",""
"Basic 990k","1506","ヴォカリーズ","Expert","7.8","7.5","-0.3","하향",""
"Basic 990k","1507","ヴォカリーズ","Real","9.8","9.5","-0.3","하향",""
"Basic 990k","1509","一夜の恋","Hard","8.1","8.2","0.1","상향",""
"Basic 990k","1510","一夜の恋","Expert","9.9","10.2","0.3","상향",""
"Basic 990k","1511","世界の果てに約束の凱歌を","Normal","5.0","4.8","-0.2","하향",""
"Basic 990k","1512","世界の果てに約束の凱歌を","Hard","7.7","8.0","0.3","상향",""
"Basic 990k","1513","世界の果てに約束の凱歌を","Expert","11.8","11.6","-0.2","하향",""
"Basic 990k","1514","世界の果てに約束の凱歌を","Real","12.2","12.4","0.2","상향",""
"Basic 990k","1515","主よ、人の望みの喜びよ","Normal","5.0","5.3","0.3","상향",""
"Basic 990k","1516","主よ、人の望みの喜びよ","Hard","5.9","6.5","0.6","상향",""
"Basic 990k","1517","主よ、人の望みの喜びよ","Expert","6.9","6.7","-0.2","하향",""
"Basic 990k","1518","主よ、人の望みの喜びよ","Real","10.8","11.1","0.3","상향",""
"Basic 990k","1520","久遠の空 ft. 小林まな","Hard","5.8","5.9","0.1","상향",""
"Basic 990k","1521","久遠の空 ft. 小林まな","Expert","11.0","11.1","0.1","상향",""
"Basic 990k","1522","乙女の祈り","Normal","2.0","1.6","-0.4","하향",""
"Basic 990k","1523","乙女の祈り","Hard","6.2","6.1","-0.1","하향",""
"Basic 990k","1525","乙女繚乱 舞い咲き誇れ","Normal","4.0","3.6","-0.4","하향",""
"Basic 990k","1526","乙女繚乱 舞い咲き誇れ","Hard","6.8","7.0","0.2","상향",""
"Basic 990k","1527","乙女繚乱 舞い咲き誇れ","Expert","10.8","10.6","-0.2","하향",""
"Basic 990k","1528","乙女繚乱 舞い咲き誇れ","Real","11.8","11.7","-0.1","하향",""
"Basic 990k","1529","亜麻色の髪の乙女","Normal","3.0","3.4","0.4","상향",""
"Basic 990k","1530","亜麻色の髪の乙女","Hard","6.9","7.3","0.4","상향",""
"Basic 990k","1532","亡き王女のためのパヴァーヌ","Normal","3.0","2.5","-0.5","하향",""
"Basic 990k","1534","亡き王女のためのパヴァーヌ","Expert","9.9","9.8","-0.1","하향",""
"Basic 990k","1535","亡き王女の為のセプテット","Normal","2.0","2.3","0.3","상향",""
"Basic 990k","1536","亡き王女の為のセプテット","Hard","7.8","8.1","0.3","상향",""
"Basic 990k","1537","亡き王女の為のセプテット","Expert","12.0","12.1","0.1","상향",""
"Basic 990k","1538","亡き王女の為のセプテット","Real","12.5","12.6","0.1","상향",""
"Basic 990k","1539","交響曲第5番第1楽章""運命""","Normal","3.0","2.6","-0.4","하향",""
"Basic 990k","1540","交響曲第5番第1楽章""運命""","Hard","5.8","6.0","0.2","상향",""
"Basic 990k","1541","交響曲第5番第1楽章""運命""","Expert","9.9","10.2","0.3","상향",""
"Basic 990k","1544","交響曲第5番第4楽章","Hard","5.9","6.0","0.1","상향",""
"Basic 990k","1545","交響曲第5番第4楽章","Expert","11.2","11.3","0.1","상향",""
"Basic 990k","1546","交響曲第5番第4楽章","Real","11.9","12.1","0.2","상향",""
"Basic 990k","1547","交響曲第7番第1楽章","Normal","3.0","2.8","-0.2","하향",""
"Basic 990k","1549","交響曲第7番第1楽章","Expert","11.0","11.1","0.1","상향",""
"Basic 990k","1550","交響曲第7番第1楽章","Real","12.3","12.5","0.2","상향",""
"Basic 990k","1551","交響曲第9番""新世界より""第4楽章","Normal","4.0","3.9","-0.1","하향",""
"Basic 990k","1552","交響曲第9番""新世界より""第4楽章","Hard","5.8","5.9","0.1","상향",""
"Basic 990k","1553","交響曲第9番""新世界より""第4楽章","Expert","10.8","10.7","-0.1","하향",""
"Basic 990k","1554","交響曲第9番""新世界より""第4楽章","Real","12.3","12.4","0.1","상향",""
"Basic 990k","1555","交響曲第9番第4楽章""歓喜の歌""","Normal","3.0","2.9","-0.1","하향",""
"Basic 990k","1556","交響曲第9番第4楽章""歓喜の歌""","Hard","6.8","7.1","0.3","상향",""
"Basic 990k","1557","交響曲第9番第4楽章""歓喜の歌""","Expert","11.8","11.7","-0.1","하향",""
"Basic 990k","1558","交響曲第9番第4楽章""歓喜の歌""","Real","12.6","12.8","0.2","상향",""
"Basic 990k","1559","交響詩 「魔女狩り」","Normal","5.0","4.6","-0.4","하향",""
"Basic 990k","1560","交響詩 「魔女狩り」","Hard","8.6","9.1","0.5","상향",""
"Basic 990k","1561","交響詩 「魔女狩り」","Expert","12.0","11.9","-0.1","하향",""
"Basic 990k","1562","交響詩 「魔女狩り」","Real","13.6","13.2","-0.4","하향",""
"Basic 990k","1564","交響詩「はげ山の一夜」","Hard","6.9","7.1","0.2","상향",""
"Basic 990k","1566","交響詩「はげ山の一夜」","Real","12.6","12.7","0.1","상향",""
"Basic 990k","1567","交響詩「悪魔の誕生」","Normal","8.0","7.7","-0.3","하향",""
"Basic 990k","1568","交響詩「悪魔の誕生」","Hard","10.8","11.4","0.6","상향",""
"Basic 990k","1569","交響詩「悪魔の誕生」","Expert","12.5","12.2","-0.3","하향",""
"Basic 990k","1571","交響詩「死の舞踏」","Normal","4.0","3.8","-0.2","하향",""
"Basic 990k","1572","交響詩「死の舞踏」","Hard","6.8","7.0","0.2","상향",""
"Basic 990k","1573","交響詩「死の舞踏」","Expert","11.8","11.7","-0.1","하향",""
"Basic 990k","1574","交響詩「死の舞踏」","Real","12.5","12.6","0.1","상향",""
"Basic 990k","1575","人形の夢と目覚め","Normal","2.0","1.7","-0.3","하향",""
"Basic 990k","1576","人形の夢と目覚め","Hard","5.0","5.3","0.3","상향",""
"Basic 990k","1577","人形の夢と目覚め","Expert","8.8","8.6","-0.2","하향",""
"Basic 990k","1578","僕の飛行機","Normal","2.0","2.1","0.1","상향",""
"Basic 990k","1579","僕の飛行機","Hard","4.9","5.4","0.5","상향",""
"Basic 990k","1580","僕の飛行機","Expert","8.8","8.7","-0.1","하향",""
"Basic 990k","1581","冥 (BEMANI SYMPHONY NOSTALGIA mix)","Normal","4.0","3.6","-0.4","하향",""
"Basic 990k","1582","冥 (BEMANI SYMPHONY NOSTALGIA mix)","Hard","6.8","6.9","0.1","상향",""
"Basic 990k","1585","凛として咲く花の如く","Normal","4.0","3.7","-0.3","하향",""
"Basic 990k","1586","凛として咲く花の如く","Hard","5.9","6.2","0.3","상향",""
"Basic 990k","1587","凛として咲く花の如く","Expert","8.9","9.0","0.1","상향",""
"Basic 990k","1588","凛として咲く花の如く","Real","10.8","10.9","0.1","상향",""
"Basic 990k","1589","凛として咲く花の如く ～ひなビタ♪ edition～","Normal","3.0","3.3","0.3","상향",""
"Basic 990k","1590","凛として咲く花の如く ～ひなビタ♪ edition～","Hard","6.8","7.0","0.2","상향",""
"Basic 990k","1591","凛として咲く花の如く ～ひなビタ♪ edition～","Expert","10.8","11.0","0.2","상향",""
"Basic 990k","1592","凛として咲く花の如く ～ひなビタ♪ edition～","Real","11.9","12.0","0.1","상향",""
"Basic 990k","1593","凪を穿つ","Normal","5.0","5.1","0.1","상향",""
"Basic 990k","1594","凪を穿つ","Hard","7.9","8.3","0.4","상향",""
"Basic 990k","1595","凪を穿つ","Expert","11.9","12.0","0.1","상향",""
"Basic 990k","1596","凪を穿つ","Real","12.8","12.7","-0.1","하향",""
"Basic 990k","1597","初音ミクの消失","Normal","2.0","2.3","0.3","상향",""
"Basic 990k","1598","初音ミクの消失","Hard","6.9","7.4","0.5","상향",""
"Basic 990k","1600","別れのワルツ","Normal","3.0","2.6","-0.4","하향",""
"Basic 990k","1601","別れのワルツ","Hard","5.8","5.7","-0.1","하향",""
"Basic 990k","1602","別れのワルツ","Expert","7.9","7.5","-0.4","하향",""
"Basic 990k","1603","別れのワルツ","Real","8.9","8.8","-0.1","하향",""
"Basic 990k","1604","別れの曲","Normal","3.0","3.4","0.4","상향",""
"Basic 990k","1605","別れの曲","Hard","6.1","6.4","0.3","상향",""
"Basic 990k","1606","別れの曲","Expert","8.3","7.7","-0.6","하향",""
"Basic 990k","1607","別れの曲","Real","10.8","10.6","-0.2","하향",""
"Basic 990k","1608","前奏曲 Op.23-5","Normal","4.0","3.6","-0.4","하향",""
"Basic 990k","1609","前奏曲 Op.23-5","Hard","7.7","7.8","0.1","상향",""
"Basic 990k","1611","前奏曲 Op.23-5","Real","12.2","12.4","0.2","상향",""
"Basic 990k","1612","前奏曲 Op.23-9","Normal","3.0","2.7","-0.3","하향",""
"Basic 990k","1613","前奏曲 Op.23-9","Hard","6.9","6.7","-0.2","하향",""
"Basic 990k","1614","前奏曲 Op.23-9","Expert","11.8","11.7","-0.1","하향",""
"Basic 990k","1616","前奏曲 Op.3-2 「鐘」","Normal","3.0","2.5","-0.5","하향",""
"Basic 990k","1617","前奏曲 Op.3-2 「鐘」","Hard","6.9","6.6","-0.3","하향",""
"Basic 990k","1618","前奏曲 Op.3-2 「鐘」","Expert","9.9","9.6","-0.3","하향",""
"Basic 990k","1619","前奏曲 Op.3-2 「鐘」","Real","12.1","12.3","0.2","상향",""
"Basic 990k","1620","創世ノート","Normal","5.0","4.6","-0.4","하향",""
"Basic 990k","1621","創世ノート","Hard","7.7","7.8","0.1","상향",""
"Basic 990k","1622","創世ノート","Expert","11.7","11.5","-0.2","하향",""
"Basic 990k","1623","創世ノート","Real","12.3","12.4","0.1","상향",""
"Basic 990k","1624","動物の謝肉祭より第13曲「白鳥」","Normal","3.0","2.5","-0.5","하향",""
"Basic 990k","1625","動物の謝肉祭より第13曲「白鳥」","Hard","5.8","5.6","-0.2","하향",""
"Basic 990k","1626","動物の謝肉祭より第13曲「白鳥」","Expert","10.0","9.7","-0.3","하향",""
"Basic 990k","1627","動物の謝肉祭より第13曲「白鳥」","Real","12.2","12.3","0.1","상향",""
"Basic 990k","1628","動物の謝肉祭より第7曲「水族館」","Normal","2.0","1.7","-0.3","하향",""
"Basic 990k","1629","動物の謝肉祭より第7曲「水族館」","Hard","4.9","5.2","0.3","상향",""
"Basic 990k","1630","動物の謝肉祭より第7曲「水族館」","Expert","12.3","12.2","-0.1","하향",""
"Basic 990k","1631","動物の謝肉祭より第7曲「水族館」","Real","12.8","12.7","-0.1","하향",""
"Basic 990k","1632","千年ノ理","Normal","3.0","3.3","0.3","상향",""
"Basic 990k","1633","千年ノ理","Hard","7.8","8.2","0.4","상향",""
"Basic 990k","1634","千年ノ理","Expert","11.9","11.8","-0.1","하향",""
"Basic 990k","1635","千本桜","Normal","4.0","3.8","-0.2","하향",""
"Basic 990k","1636","千本桜","Hard","7.8","8.0","0.2","상향",""
"Basic 990k","1638","千本桜","Real","11.8","11.6","-0.2","하향",""
"Basic 990k","1639","半音階的大ギャロップ","Normal","5.0","4.8","-0.2","하향",""
"Basic 990k","1640","半音階的大ギャロップ","Hard","8.8","9.3","0.5","상향",""
"Basic 990k","1641","半音階的大ギャロップ","Expert","12.4","12.2","-0.2","하향",""
"Basic 990k","1643","協奏曲「世界の果てに約束の凱歌を」～28の鍵盤のための～","Normal","4.0","4.4","0.4","상향",""
"Basic 990k","1644","協奏曲「世界の果てに約束の凱歌を」～28の鍵盤のための～","Hard","7.8","8.2","0.4","상향",""
"Basic 990k","1646","協奏曲「世界の果てに約束の凱歌を」～28の鍵盤のための～","Real","12.4","12.6","0.2","상향",""
"Basic 990k","1647","協奏曲第1番ホ長調 RV 269「春」より第一楽章","Normal","4.0","3.6","-0.4","하향",""
"Basic 990k","1648","協奏曲第1番ホ長調 RV 269「春」より第一楽章","Hard","6.8","6.7","-0.1","하향",""
"Basic 990k","1649","協奏曲第1番ホ長調 RV 269「春」より第一楽章","Expert","10.8","10.7","-0.1","하향",""
"Basic 990k","1650","協奏曲第1番ホ長調 RV 269「春」より第一楽章","Real","11.9","11.8","-0.1","하향",""
"Basic 990k","1651","協奏曲第2番ト短調 RV 315「夏」より第三楽章","Normal","3.0","3.4","0.4","상향",""
"Basic 990k","1652","協奏曲第2番ト短調 RV 315「夏」より第三楽章","Hard","7.1","7.5","0.4","상향",""
"Basic 990k","1653","協奏曲第2番ト短調 RV 315「夏」より第三楽章","Expert","12.7","12.2","-0.5","하향",""
"Basic 990k","1654","協奏曲第2番ト短調 RV 315「夏」より第三楽章","Real","13.6","13.2","-0.4","하향",""
"Basic 990k","1655","協奏曲第3番ヘ長調 RV 293「秋」より第一楽章","Normal","3.0","2.7","-0.3","하향",""
"Basic 990k","1656","協奏曲第3番ヘ長調 RV 293「秋」より第一楽章","Hard","5.8","6.0","0.2","상향",""
"Basic 990k","1657","協奏曲第3番ヘ長調 RV 293「秋」より第一楽章","Expert","10.7","10.5","-0.2","하향",""
"Basic 990k","1658","協奏曲第3番ヘ長調 RV 293「秋」より第一楽章","Real","11.9","12.0","0.1","상향",""
"Basic 990k","1659","協奏曲第4番ヘ短調 RV 297「冬」より第一楽章","Normal","4.0","4.5","0.5","상향",""
"Basic 990k","1660","協奏曲第4番ヘ短調 RV 297「冬」より第一楽章","Hard","6.9","7.4","0.5","상향",""
"Basic 990k","1661","協奏曲第4番ヘ短調 RV 297「冬」より第一楽章","Expert","11.9","12.1","0.2","상향",""
"Basic 990k","1662","協奏曲第4番ヘ短調 RV 297「冬」より第一楽章","Real","13.0","13.1","0.1","상향",""
"Basic 990k","1663","叛逆のディスパレート","Normal","4.0","4.1","0.1","상향",""
"Basic 990k","1664","叛逆のディスパレート","Hard","6.8","7.1","0.3","상향",""
"Basic 990k","1665","叛逆のディスパレート","Expert","11.8","11.5","-0.3","하향",""
"Basic 990k","1666","叛逆のディスパレート","Real","12.2","12.3","0.1","상향",""
"Basic 990k","1667","古風なメヌエット","Normal","4.0","3.6","-0.4","하향",""
"Basic 990k","1668","古風なメヌエット","Hard","6.8","6.6","-0.2","하향",""
"Basic 990k","1669","古風なメヌエット","Expert","10.7","10.6","-0.1","하향",""
"Basic 990k","1670","古風なメヌエット","Real","11.7","11.6","-0.1","하향",""
"Basic 990k","1671","向日葵サンセット","Normal","4.0","3.9","-0.1","하향",""
"Basic 990k","1672","向日葵サンセット","Hard","6.8","7.3","0.5","상향",""
"Basic 990k","1673","向日葵サンセット","Expert","10.0","10.3","0.3","상향",""
"Basic 990k","1674","君氏危うくも近うよれ","Normal","3.0","2.7","-0.3","하향",""
"Basic 990k","1676","君氏危うくも近うよれ","Expert","9.7","9.9","0.2","상향",""
"Basic 990k","1677","君氏危うくも近うよれ","Real","11.0","11.3","0.3","상향",""
"Basic 990k","1678","嘆きの樹 (BEMANI SYMPHONY NOSTALGIA mix)","Normal","4.0","4.3","0.3","상향",""
"Basic 990k","1679","嘆きの樹 (BEMANI SYMPHONY NOSTALGIA mix)","Hard","6.8","6.7","-0.1","하향",""
"Basic 990k","1680","嘆きの樹 (BEMANI SYMPHONY NOSTALGIA mix)","Expert","11.0","11.2","0.2","상향",""
"Basic 990k","1681","嘆きの樹 (BEMANI SYMPHONY NOSTALGIA mix)","Real","12.1","12.2","0.1","상향",""
"Basic 990k","1682","変わりゆく時間とノスタルジアと","Normal","4.0","4.3","0.3","상향",""
"Basic 990k","1683","変わりゆく時間とノスタルジアと","Hard","6.6","6.5","-0.1","하향",""
"Basic 990k","1684","変わりゆく時間とノスタルジアと","Expert","8.9","9.0","0.1","상향",""
"Basic 990k","1685","変わりゆく時間とノスタルジアと","Real","10.0","10.4","0.4","상향",""
"Basic 990k","1686","変奏曲「天空遊覧」","Normal","3.0","3.4","0.4","상향",""
"Basic 990k","1687","変奏曲「天空遊覧」","Hard","5.8","6.3","0.5","상향",""
"Basic 990k","1689","変奏曲「天空遊覧」","Real","10.8","11.2","0.4","상향",""
"Basic 990k","1690","夏色DIARY 夕凪ノスタルジア","Normal","3.0","3.4","0.4","상향",""
"Basic 990k","1691","夏色DIARY 夕凪ノスタルジア","Hard","6.9","7.3","0.4","상향",""
"Basic 990k","1692","夏色DIARY 夕凪ノスタルジア","Expert","10.0","10.3","0.3","상향",""
"Basic 990k","1693","夏色DIARY 夕凪ノスタルジア","Real","10.9","11.2","0.3","상향",""
"Basic 990k","1694","夕映の真鍮","Normal","4.0","3.9","-0.1","하향",""
"Basic 990k","1695","夕映の真鍮","Hard","6.9","7.0","0.1","상향",""
"Basic 990k","1696","夕映の真鍮","Expert","10.9","11.1","0.2","상향",""
"Basic 990k","1697","夕映の真鍮","Real","11.8","11.6","-0.2","하향",""
"Basic 990k","1698","夕焼け猫とブリキのロボット","Normal","3.0","3.1","0.1","상향",""
"Basic 990k","1699","夕焼け猫とブリキのロボット","Hard","4.8","5.3","0.5","상향",""
"Basic 990k","1700","夕焼け猫とブリキのロボット","Expert","6.8","6.6","-0.2","하향",""
"Basic 990k","1701","夕焼け猫とブリキのロボット","Real","9.8","10.0","0.2","상향",""
"Basic 990k","1702","多極性ニューロンの崩壊による人間の末路","Normal","3.0","3.1","0.1","상향",""
"Basic 990k","1703","多極性ニューロンの崩壊による人間の末路","Hard","6.8","7.2","0.4","상향",""
"Basic 990k","1704","多極性ニューロンの崩壊による人間の末路","Expert","11.8","11.7","-0.1","하향",""
"Basic 990k","1705","多極性ニューロンの崩壊による人間の末路","Real","12.7","12.8","0.1","상향",""
"Basic 990k","1706","夜想曲（ノクターン）第２番","Normal","2.0","2.4","0.4","상향",""
"Basic 990k","1707","夜想曲（ノクターン）第２番","Hard","5.8","6.4","0.6","상향",""
"Basic 990k","1708","夜想曲（ノクターン）第２番","Expert","7.1","6.6","-0.5","하향",""
"Basic 990k","1709","夢ハ夢ノママデ","Normal","4.0","4.4","0.4","상향",""
"Basic 990k","1710","夢ハ夢ノママデ","Hard","8.3","8.5","0.2","상향",""
"Basic 990k","1711","夢ハ夢ノママデ","Expert","11.0","11.3","0.3","상향",""
"Basic 990k","1712","夢想","Normal","3.0","2.5","-0.5","하향",""
"Basic 990k","1713","夢想","Hard","5.8","5.6","-0.2","하향",""
"Basic 990k","1714","夢想","Expert","9.0","8.6","-0.4","하향",""
"Basic 990k","1717","天ノ弱","Hard","6.8","7.1","0.3","상향",""
"Basic 990k","1719","天使の追放","Normal","8.0","7.7","-0.3","하향",""
"Basic 990k","1720","天使の追放","Hard","10.9","11.5","0.6","상향",""
"Basic 990k","1721","天使の追放","Expert","12.5","12.2","-0.3","하향",""
"Basic 990k","1722","天使の追放","Real","13.9","14.1","0.2","상향",""
"Basic 990k","1723","天泣","Normal","4.0","4.2","0.2","상향",""
"Basic 990k","1724","天泣","Hard","6.9","7.4","0.5","상향",""
"Basic 990k","1725","天泣","Expert","12.0","12.1","0.1","상향",""
"Basic 990k","1726","天泣","Real","13.3","13.2","-0.1","하향",""
"Basic 990k","1727","天空の夜明け (BEMANI SYMPHONY NOSTALGIA mix)","Normal","4.0","4.2","0.2","상향",""
"Basic 990k","1729","天空の夜明け (BEMANI SYMPHONY NOSTALGIA mix)","Expert","12.0","11.9","-0.1","하향",""
"Basic 990k","1730","天空の夜明け (BEMANI SYMPHONY NOSTALGIA mix)","Real","13.3","13.2","-0.1","하향",""
"Basic 990k","1731","女神の微睡","Normal","7.0","6.6","-0.4","하향",""
"Basic 990k","1732","女神の微睡","Hard","8.8","9.3","0.5","상향",""
"Basic 990k","1733","女神の微睡","Expert","12.7","12.2","-0.5","하향",""
"Basic 990k","1734","女神の微睡","Real","14.0","14.2","0.2","상향",""
"Basic 990k","1735","妖隠し -あやかしかくし-","Normal","3.0","3.4","0.4","상향",""
"Basic 990k","1736","妖隠し -あやかしかくし-","Hard","6.8","7.2","0.4","상향",""
"Basic 990k","1737","妖隠し -あやかしかくし-","Expert","9.9","10.3","0.4","상향",""
"Basic 990k","1738","子供のためのアルバムより「メロディ」","Normal","1.0","1.2","0.2","상향",""
"Basic 990k","1739","子供のためのアルバムより「メロディ」","Hard","2.7","3.4","0.7","상향",""
"Basic 990k","1740","子供のためのアルバムより「メロディ」","Expert","5.9","5.5","-0.4","하향",""
"Basic 990k","1741","子供のためのアルバムより「メロディ」","Real","8.9","8.5","-0.4","하향",""
"Basic 990k","1742","官僚的なソナチネより第１楽章・第３楽章","Normal","4.0","3.8","-0.2","하향",""
"Basic 990k","1743","官僚的なソナチネより第１楽章・第３楽章","Hard","6.8","7.0","0.2","상향",""
"Basic 990k","1744","官僚的なソナチネより第１楽章・第３楽章","Expert","10.1","10.3","0.2","상향",""
"Basic 990k","1745","官僚的なソナチネより第１楽章・第３楽章","Real","12.1","11.9","-0.2","하향",""
"Basic 990k","1746","小フーガ ト短調 BWV578","Normal","3.0","3.4","0.4","상향",""
"Basic 990k","1747","小フーガ ト短調 BWV578","Hard","6.9","7.4","0.5","상향",""
"Basic 990k","1748","小フーガ ト短調 BWV578","Expert","10.8","11.2","0.4","상향",""
"Basic 990k","1749","小人がひとり森の中で","Normal","1.0","1.2","0.2","상향",""
"Basic 990k","1750","小人がひとり森の中で","Hard","4.0","4.5","0.5","상향",""
"Basic 990k","1751","小人がひとり森の中で","Expert","8.0","7.5","-0.5","하향",""
"Basic 990k","1752","小悪魔のエチュードOp.1 「タランテラ」","Normal","4.0","3.8","-0.2","하향",""
"Basic 990k","1753","小悪魔のエチュードOp.1 「タランテラ」","Hard","5.9","6.3","0.4","상향",""
"Basic 990k","1754","小悪魔のエチュードOp.1 「タランテラ」","Expert","11.0","11.2","0.2","상향",""
"Basic 990k","1755","小悪魔のエチュードOp.1 「タランテラ」","Real","12.0","12.1","0.1","상향",""
"Basic 990k","1756","小犬のワルツ","Normal","6.0","6.1","0.1","상향",""
"Basic 990k","1757","小犬のワルツ","Hard","9.3","9.5","0.2","상향",""
"Basic 990k","1758","小犬のワルツ","Expert","12.0","12.1","0.1","상향",""
"Basic 990k","1759","少女アリスと箱庭幻想コンチェルト","Normal","4.0","4.2","0.2","상향",""
"Basic 990k","1761","少女アリスと箱庭幻想コンチェルト","Expert","10.9","11.1","0.2","상향",""
"Basic 990k","1763","少年と少女のためのラプソディア","Normal","4.0","4.3","0.3","상향",""
"Basic 990k","1764","少年と少女のためのラプソディア","Hard","6.8","6.9","0.1","상향",""
"Basic 990k","1765","少年と少女のためのラプソディア","Expert","10.9","11.1","0.2","상향",""
"Basic 990k","1766","展覧会の絵","Normal","3.0","3.4","0.4","상향",""
"Basic 990k","1767","展覧会の絵","Hard","5.9","6.3","0.4","상향",""
"Basic 990k","1768","展覧会の絵","Expert","7.8","7.6","-0.2","하향",""
"Basic 990k","1769","山の魔王の宮殿にて","Normal","4.0","3.5","-0.5","하향",""
"Basic 990k","1770","山の魔王の宮殿にて","Hard","6.7","6.6","-0.1","하향",""
"Basic 990k","1771","山の魔王の宮殿にて","Expert","11.7","11.5","-0.2","하향",""
"Basic 990k","1772","山の魔王の宮殿にて","Real","12.2","12.3","0.1","상향",""
"Basic 990k","1773","平均律クラヴィーア曲集第1巻第2番プレリュード","Normal","4.0","3.6","-0.4","하향",""
"Basic 990k","1774","平均律クラヴィーア曲集第1巻第2番プレリュード","Hard","6.8","6.6","-0.2","하향",""
"Basic 990k","1775","平均律クラヴィーア曲集第1巻第2番プレリュード","Expert","12.0","11.9","-0.1","하향",""
"Basic 990k","1776","平均律クラヴィーア曲集第1巻第2番プレリュード","Real","13.3","13.1","-0.2","하향",""
"Basic 990k","1777","幻想のサテライト","Normal","3.0","2.9","-0.1","하향",""
"Basic 990k","1778","幻想のサテライト","Hard","6.8","7.2","0.4","상향",""
"Basic 990k","1779","幻想のサテライト","Expert","11.1","11.0","-0.1","하향",""
"Basic 990k","1780","幻想のサテライト","Real","12.3","12.4","0.1","상향",""
"Basic 990k","1782","幻想交響曲第4楽章「断頭台への行進」","Hard","6.8","6.9","0.1","상향",""
"Basic 990k","1784","幻想交響曲第4楽章「断頭台への行進」","Real","12.3","12.5","0.2","상향",""
"Basic 990k","1786","幻想即興曲","Hard","9.0","9.4","0.4","상향",""
"Basic 990k","1787","幻想即興曲","Expert","11.3","11.5","0.2","상향",""
"Basic 990k","1788","幻想即興曲","Real","13.8","14.3","0.5","상향",""
"Basic 990k","1789","幻想小曲集Op.12より第2曲「飛翔」","Normal","3.0","2.8","-0.2","하향",""
"Basic 990k","1790","幻想小曲集Op.12より第2曲「飛翔」","Hard","6.7","6.6","-0.1","하향",""
"Basic 990k","1793","幻想系世界修復少女","Normal","3.0","2.9","-0.1","하향",""
"Basic 990k","1794","幻想系世界修復少女","Hard","5.8","6.0","0.2","상향",""
"Basic 990k","1796","幽雅に咲かせ、墨染の桜 ～ Border of Life","Normal","5.0","5.2","0.2","상향",""
"Basic 990k","1797","幽雅に咲かせ、墨染の桜 ～ Border of Life","Hard","8.4","8.5","0.1","상향",""
"Basic 990k","1798","幽雅に咲かせ、墨染の桜 ～ Border of Life","Expert","12.0","12.2","0.2","상향",""
"Basic 990k","1799","序曲「煌」","Normal","4.0","4.4","0.4","상향",""
"Basic 990k","1800","序曲「煌」","Hard","7.8","8.2","0.4","상향",""
"Basic 990k","1801","序曲「煌」","Expert","11.8","11.9","0.1","상향",""
"Basic 990k","1802","序曲「煌」","Real","12.5","12.7","0.2","상향",""
"Basic 990k","1803","形無き旋律","Normal","5.0","4.8","-0.2","하향",""
"Basic 990k","1805","形無き旋律","Expert","9.9","10.3","0.4","상향",""
"Basic 990k","1807","待チ人ハ来ズ。","Normal","3.0","3.2","0.2","상향",""
"Basic 990k","1808","待チ人ハ来ズ。","Hard","5.8","6.4","0.6","상향",""
"Basic 990k","1809","待チ人ハ来ズ。","Expert","7.8","7.6","-0.2","하향",""
"Basic 990k","1810","待チ人ハ来ズ。","Real","11.0","10.9","-0.1","하향",""
"Basic 990k","1811","御伽噺に幕切れを","Normal","4.0","3.6","-0.4","하향",""
"Basic 990k","1813","御伽噺に幕切れを","Expert","10.9","10.7","-0.2","하향",""
"Basic 990k","1816","恋とキングコング","Hard","6.9","6.7","-0.2","하향",""
"Basic 990k","1817","恋とキングコング","Expert","9.9","10.0","0.1","상향",""
"Basic 990k","1819","恋と赤方偏移","Normal","4.0","3.7","-0.3","하향",""
"Basic 990k","1820","恋と赤方偏移","Hard","6.8","6.5","-0.3","하향",""
"Basic 990k","1821","恋と赤方偏移","Expert","11.7","11.5","-0.2","하향",""
"Basic 990k","1822","恋と赤方偏移","Real","12.3","12.4","0.1","상향",""
"Basic 990k","1823","恋愛観測 -2021真夏のエンディング ver.-","Normal","4.0","3.7","-0.3","하향",""
"Basic 990k","1825","恋愛観測 -2021真夏のエンディング ver.-","Expert","9.9","9.6","-0.3","하향",""
"Basic 990k","1826","恋愛観測 -2021真夏のエンディング ver.-","Real","11.9","12.0","0.1","상향",""
"Basic 990k","1827","情操ディストピア","Normal","4.0","3.8","-0.2","하향",""
"Basic 990k","1828","情操ディストピア","Hard","6.8","6.7","-0.1","하향",""
"Basic 990k","1829","情操ディストピア","Expert","10.6","10.5","-0.1","하향",""
"Basic 990k","1830","情操ディストピア","Real","12.3","12.5","0.2","상향",""
"Basic 990k","1831","愛、遠く","Normal","3.0","3.5","0.5","상향",""
"Basic 990k","1832","愛、遠く","Hard","6.1","6.5","0.4","상향",""
"Basic 990k","1833","愛、遠く","Expert","10.3","10.5","0.2","상향",""
"Basic 990k","1834","愛、遠く","Real","11.8","12.2","0.4","상향",""
"Basic 990k","1835","愛の夢","Normal","4.0","4.4","0.4","상향",""
"Basic 990k","1836","愛の夢","Hard","7.0","7.4","0.4","상향",""
"Basic 990k","1837","愛の夢","Expert","9.9","10.3","0.4","상향",""
"Basic 990k","1838","愛の挨拶","Normal","2.0","2.4","0.4","상향",""
"Basic 990k","1839","愛の挨拶","Hard","4.9","5.4","0.5","상향",""
"Basic 990k","1840","愛の挨拶","Expert","6.8","6.5","-0.3","하향",""
"Basic 990k","1841","打打打打打打打打打打","Normal","3.0","3.3","0.3","상향",""
"Basic 990k","1842","打打打打打打打打打打","Hard","6.8","7.0","0.2","상향",""
"Basic 990k","1843","打打打打打打打打打打","Expert","11.8","11.9","0.1","상향",""
"Basic 990k","1844","打打打打打打打打打打","Real","12.5","12.6","0.1","상향",""
"Basic 990k","1845","斑咲花","Normal","4.0","3.9","-0.1","하향",""
"Basic 990k","1846","斑咲花","Hard","6.8","6.9","0.1","상향",""
"Basic 990k","1847","斑咲花","Expert","10.8","11.2","0.4","상향",""
"Basic 990k","1848","斑咲花","Real","12.2","12.3","0.1","상향",""
"Basic 990k","1849","明鏡止水","Normal","4.0","3.7","-0.3","하향",""
"Basic 990k","1850","明鏡止水","Hard","8.9","9.4","0.5","상향",""
"Basic 990k","1851","明鏡止水","Expert","11.9","11.8","-0.1","하향",""
"Basic 990k","1852","星座が恋した瞬間を。","Normal","3.0","3.3","0.3","상향",""
"Basic 990k","1853","星座が恋した瞬間を。","Hard","7.1","7.3","0.2","상향",""
"Basic 990k","1855","春の歌","Normal","3.0","3.5","0.5","상향",""
"Basic 990k","1856","春の歌","Hard","3.9","4.5","0.6","상향",""
"Basic 990k","1857","春の歌","Expert","7.9","7.8","-0.1","하향",""
"Basic 990k","1858","晴天Bon Voyage","Normal","3.0","2.6","-0.4","하향",""
"Basic 990k","1860","晴天Bon Voyage","Expert","9.8","9.7","-0.1","하향",""
"Basic 990k","1861","晴天Bon Voyage","Real","11.8","11.7","-0.1","하향",""
"Basic 990k","1862","最小三倍完全数(NOSTALGIA Style)","Normal","5.0","4.6","-0.4","하향",""
"Basic 990k","1863","最小三倍完全数(NOSTALGIA Style)","Hard","7.8","8.1","0.3","상향",""
"Basic 990k","1864","最小三倍完全数(NOSTALGIA Style)","Expert","11.0","11.1","0.1","상향",""
"Basic 990k","1865","月に叢雲華に風","Normal","3.0","2.8","-0.2","하향",""
"Basic 990k","1866","月に叢雲華に風","Hard","4.9","5.3","0.4","상향",""
"Basic 990k","1867","月に叢雲華に風","Expert","7.8","7.6","-0.2","하향",""
"Basic 990k","1868","月の光","Normal","5.0","5.1","0.1","상향",""
"Basic 990k","1869","月の光","Hard","6.0","6.5","0.5","상향",""
"Basic 990k","1870","月の光","Expert","6.9","6.7","-0.2","하향",""
"Basic 990k","1871","朧","Normal","3.0","2.9","-0.1","하향",""
"Basic 990k","1872","朧","Hard","6.8","6.6","-0.2","하향",""
"Basic 990k","1873","朧","Expert","10.8","10.9","0.1","상향",""
"Basic 990k","1874","朧","Real","12.0","11.9","-0.1","하향",""
"Basic 990k","1875","木枯らしのエチュード","Normal","4.0","4.5","0.5","상향",""
"Basic 990k","1876","木枯らしのエチュード","Hard","7.8","8.4","0.6","상향",""
"Basic 990k","1877","木枯らしのエチュード","Expert","12.6","12.2","-0.4","하향",""
"Basic 990k","1878","東洋風幻想曲イスラメイ","Normal","5.0","4.7","-0.3","하향",""
"Basic 990k","1879","東洋風幻想曲イスラメイ","Hard","9.0","9.3","0.3","상향",""
"Basic 990k","1880","東洋風幻想曲イスラメイ","Expert","12.6","12.2","-0.4","하향",""
"Basic 990k","1881","東洋風幻想曲イスラメイ","Real","13.9","13.5","-0.4","하향",""
"Basic 990k","1882","枕元で聞いた不思議な国のお話","Normal","4.0","4.5","0.5","상향",""
"Basic 990k","1883","枕元で聞いた不思議な国のお話","Hard","6.9","7.3","0.4","상향",""
"Basic 990k","1884","枕元で聞いた不思議な国のお話","Expert","10.9","11.4","0.5","상향",""
"Basic 990k","1885","枕元で聞いた不思議な国のお話","Real","11.9","12.2","0.3","상향",""
"Basic 990k","1886","樅の木","Normal","2.0","1.6","-0.4","하향",""
"Basic 990k","1887","樅の木","Hard","5.9","5.8","-0.1","하향",""
"Basic 990k","1888","樅の木","Expert","8.9","8.6","-0.3","하향",""
"Basic 990k","1889","樅の木","Real","11.8","11.5","-0.3","하향",""
"Basic 990k","1890","残日の聲","Normal","5.0","5.2","0.2","상향",""
"Basic 990k","1891","残日の聲","Hard","7.8","8.3","0.5","상향",""
"Basic 990k","1892","残日の聲","Expert","11.7","11.8","0.1","상향",""
"Basic 990k","1893","残日の聲","Real","12.4","12.7","0.3","상향",""
"Basic 990k","1894","水の戯れ","Normal","4.0","3.8","-0.2","하향",""
"Basic 990k","1895","水の戯れ","Hard","6.8","6.9","0.1","상향",""
"Basic 990k","1897","水の戯れ","Real","13.0","12.7","-0.3","하향",""
"Basic 990k","1898","水上の音楽よりホーンパイプ","Normal","3.0","2.9","-0.1","하향",""
"Basic 990k","1901","水上の音楽よりホーンパイプ","Real","11.7","11.6","-0.1","하향",""
"Basic 990k","1902","水恋アダージョ","Normal","3.0","3.3","0.3","상향",""
"Basic 990k","1903","水恋アダージョ","Hard","5.8","6.1","0.3","상향",""
"Basic 990k","1904","水恋アダージョ","Expert","9.9","10.3","0.4","상향",""
"Basic 990k","1905","水晶塔のオルカ","Normal","5.0","5.1","0.1","상향",""
"Basic 990k","1906","水晶塔のオルカ","Hard","7.9","8.4","0.5","상향",""
"Basic 990k","1907","水晶塔のオルカ","Expert","10.8","11.2","0.4","상향",""
"Basic 990k","1908","水晶塔のオルカ","Real","12.8","12.7","-0.1","하향",""
"Basic 990k","1909","氷上の激情","Normal","4.0","3.7","-0.3","하향",""
"Basic 990k","1911","氷上の激情","Expert","11.1","11.3","0.2","상향",""
"Basic 990k","1912","氷上の激情","Real","12.0","11.9","-0.1","하향",""
"Basic 990k","1913","波と凪の挟間で","Normal","3.0","3.2","0.2","상향",""
"Basic 990k","1914","波と凪の挟間で","Hard","6.8","7.1","0.3","상향",""
"Basic 990k","1915","波と凪の挟間で","Expert","10.8","10.9","0.1","상향",""
"Basic 990k","1916","波と凪の挟間で","Real","11.9","12.0","0.1","상향",""
"Basic 990k","1917","流砂の嵐 (BEMANI SYMPHONY Arr.)","Normal","4.0","4.2","0.2","상향",""
"Basic 990k","1920","流砂の嵐 (BEMANI SYMPHONY Arr.)","Real","11.7","11.8","0.1","상향",""
"Basic 990k","1921","海神 (BEMANI SYMPHONY Arr.)","Normal","4.0","4.1","0.1","상향",""
"Basic 990k","1922","海神 (BEMANI SYMPHONY Arr.)","Hard","7.8","8.0","0.2","상향",""
"Basic 990k","1925","深海の夢","Normal","4.0","3.7","-0.3","하향",""
"Basic 990k","1926","深海の夢","Hard","6.9","7.3","0.4","상향",""
"Basic 990k","1927","深海の夢","Expert","9.9","10.1","0.2","상향",""
"Basic 990k","1928","深海の夢","Real","10.8","10.9","0.1","상향",""
"Basic 990k","1930","滅びに至るエランプシス","Hard","7.8","8.0","0.2","상향",""
"Basic 990k","1931","滅びに至るエランプシス","Expert","10.8","10.9","0.1","상향",""
"Basic 990k","1932","滅びに至るエランプシス","Real","12.3","12.5","0.2","상향",""
"Basic 990k","1933","熊蜂の飛行","Normal","3.0","2.6","-0.4","하향",""
"Basic 990k","1935","熊蜂の飛行","Expert","12.1","11.8","-0.3","하향",""
"Basic 990k","1936","熊蜂の飛行","Real","14.1","13.6","-0.5","하향",""
"Basic 990k","1937","熱砂のバザルドュズ","Normal","5.0","4.9","-0.1","하향",""
"Basic 990k","1938","熱砂のバザルドュズ","Hard","7.9","8.0","0.1","상향",""
"Basic 990k","1939","熱砂のバザルドュズ","Expert","10.9","11.3","0.4","상향",""
"Basic 990k","1940","熱砂のバザルドュズ","Real","12.0","12.1","0.1","상향",""
"Basic 990k","1941","狂水一華","Normal","4.0","4.1","0.1","상향",""
"Basic 990k","1945","猫のワルツ","Normal","4.0","4.2","0.2","상향",""
"Basic 990k","1946","猫のワルツ","Hard","8.2","8.1","-0.1","하향",""
"Basic 990k","1947","猫のワルツ","Expert","11.9","11.5","-0.4","하향",""
"Basic 990k","1948","猫のワルツ","Real","12.7","12.9","0.2","상향",""
"Basic 990k","1949","猫侍の逆襲","Normal","4.0","4.1","0.1","상향",""
"Basic 990k","1950","猫侍の逆襲","Hard","5.8","5.7","-0.1","하향",""
"Basic 990k","1952","猫侍の逆襲","Real","12.5","12.6","0.1","상향",""
"Basic 990k","1954","琥珀のくちづけ ～まり花＆一舞 duet edition～","Hard","6.8","7.0","0.2","상향",""
"Basic 990k","1957","琥珀の夢","Normal","2.0","1.6","-0.4","하향",""
"Basic 990k","1958","琥珀の夢","Hard","4.9","5.1","0.2","상향",""
"Basic 990k","1959","琥珀の夢","Expert","8.8","8.5","-0.3","하향",""
"Basic 990k","1960","琥珀の夢","Real","10.8","10.5","-0.3","하향",""
"Basic 990k","1961","神々が恋した幻想郷","Normal","3.0","3.2","0.2","상향",""
"Basic 990k","1962","神々が恋した幻想郷","Hard","6.8","7.2","0.4","상향",""
"Basic 990k","1963","神々が恋した幻想郷","Expert","10.0","10.2","0.2","상향",""
"Basic 990k","1964","神話に芽吹く","Normal","4.0","3.5","-0.5","하향",""
"Basic 990k","1965","神話に芽吹く","Hard","6.8","7.2","0.4","상향",""
"Basic 990k","1966","神話に芽吹く","Expert","11.8","11.7","-0.1","하향",""
"Basic 990k","1969","管弦楽組曲第2番より「バディヌリー」","Expert","12.4","12.2","-0.2","하향",""
"Basic 990k","1970","管弦楽組曲第2番より「バディヌリー」","Real","12.3","12.4","0.1","상향",""
"Basic 990k","1971","紡ぎ歌","Normal","4.0","4.4","0.4","상향",""
"Basic 990k","1972","紡ぎ歌","Hard","5.8","6.4","0.6","상향",""
"Basic 990k","1973","紡ぎ歌","Expert","8.8","9.0","0.2","상향",""
"Basic 990k","1974","累乗のカルマ","Normal","5.0","4.6","-0.4","하향",""
"Basic 990k","1975","累乗のカルマ","Hard","7.8","7.7","-0.1","하향",""
"Basic 990k","1976","累乗のカルマ","Expert","11.7","11.5","-0.2","하향",""
"Basic 990k","1977","累乗のカルマ","Real","11.7","12.3","0.6","상향",""
"Basic 990k","1978","終曲「黒の狂」","Normal","5.0","4.6","-0.4","하향",""
"Basic 990k","1979","終曲「黒の狂」","Hard","8.8","9.2","0.4","상향",""
"Basic 990k","1981","終曲「黒の狂」","Real","13.2","13.1","-0.1","하향",""
"Basic 990k","1983","終曲・改「三儀の凱奏」","Hard","9.7","10.5","0.8","상향",""
"Basic 990k","1984","終曲・改「三儀の凱奏」","Expert","11.8","11.9","0.1","상향",""
"Basic 990k","1985","終曲・改「三儀の凱奏」","Real","13.6","13.4","-0.2","하향",""
"Basic 990k","1986","結婚行進曲","Normal","2.0","2.2","0.2","상향",""
"Basic 990k","1987","結婚行進曲","Hard","6.6","6.5","-0.1","하향",""
"Basic 990k","1988","結婚行進曲","Expert","9.9","10.2","0.3","상향",""
"Basic 990k","1989","結婚行進曲","Real","11.9","12.0","0.1","상향",""
"Basic 990k","1990","絵画的練習曲「音の絵」第6曲「赤ずきんと狼」","Normal","5.0","4.5","-0.5","하향",""
"Basic 990k","1991","絵画的練習曲「音の絵」第6曲「赤ずきんと狼」","Hard","8.7","9.1","0.4","상향",""
"Basic 990k","1992","絵画的練習曲「音の絵」第6曲「赤ずきんと狼」","Expert","11.9","11.8","-0.1","하향",""
"Basic 990k","1993","絵画的練習曲「音の絵」第6曲「赤ずきんと狼」","Real","13.8","13.6","-0.2","하향",""
"Basic 990k","1994","綠の風","Normal","2.0","2.4","0.4","상향",""
"Basic 990k","1995","綠の風","Hard","3.8","4.5","0.7","상향",""
"Basic 990k","1996","綠の風","Expert","5.9","5.6","-0.3","하향",""
"Basic 990k","1998","羊皮紙の上の銀河","Hard","4.9","5.4","0.5","상향",""
"Basic 990k","2001","至上のラトゥーリア","Normal","4.0","4.2","0.2","상향",""
"Basic 990k","2002","至上のラトゥーリア","Hard","7.1","7.2","0.1","상향",""
"Basic 990k","2003","至上のラトゥーリア","Expert","10.9","11.2","0.3","상향",""
"Basic 990k","2005","花のやくそく","Normal","2.0","2.2","0.2","상향",""
"Basic 990k","2006","花のやくそく","Hard","4.8","5.4","0.6","상향",""
"Basic 990k","2007","花のやくそく","Expert","5.9","5.5","-0.4","하향",""
"Basic 990k","2008","花のように微笑むように","Normal","3.0","3.3","0.3","상향",""
"Basic 990k","2009","花のように微笑むように","Hard","6.8","7.0","0.2","상향",""
"Basic 990k","2010","花のように微笑むように","Expert","9.7","10.2","0.5","상향",""
"Basic 990k","2011","花の歌","Normal","3.0","2.6","-0.4","하향",""
"Basic 990k","2012","花の歌","Hard","4.9","5.0","0.1","상향",""
"Basic 990k","2013","花の歌","Expert","11.0","10.7","-0.3","하향",""
"Basic 990k","2014","花は折りたし梢は高し","Normal","3.0","2.7","-0.3","하향",""
"Basic 990k","2016","花は折りたし梢は高し","Expert","9.8","9.7","-0.1","하향",""
"Basic 990k","2017","花は折りたし梢は高し","Real","11.8","12.3","0.5","상향",""
"Basic 990k","2018","英雄ポロネーズ","Normal","6.0","5.9","-0.1","하향",""
"Basic 990k","2019","英雄ポロネーズ","Hard","7.1","7.5","0.4","상향",""
"Basic 990k","2020","英雄ポロネーズ","Expert","11.0","11.4","0.4","상향",""
"Basic 990k","2021","英雄ポロネーズ","Real","12.1","12.4","0.3","상향",""
"Basic 990k","2022","華麗なるニョアの剣舞","Normal","4.0","3.5","-0.5","하향",""
"Basic 990k","2023","華麗なるニョアの剣舞","Hard","8.2","8.3","0.1","상향",""
"Basic 990k","2025","華麗なるニョアの剣舞","Real","12.8","12.9","0.1","상향",""
"Basic 990k","2026","華麗なる大円舞曲","Normal","4.0","4.3","0.3","상향",""
"Basic 990k","2027","華麗なる大円舞曲","Hard","6.9","7.2","0.3","상향",""
"Basic 990k","2028","華麗なる大円舞曲","Expert","9.8","10.1","0.3","상향",""
"Basic 990k","2029","華麗なる大円舞曲","Real","11.8","11.9","0.1","상향",""
"Basic 990k","2030","蒼氷のフラグメント","Normal","3.0","3.2","0.2","상향",""
"Basic 990k","2031","蒼氷のフラグメント","Hard","5.8","5.7","-0.1","하향",""
"Basic 990k","2032","蒼氷のフラグメント","Expert","10.8","10.7","-0.1","하향",""
"Basic 990k","2034","虚空を飛ぶ鳥は誰の夢を見るか","Normal","3.0","3.1","0.1","상향",""
"Basic 990k","2035","虚空を飛ぶ鳥は誰の夢を見るか","Hard","6.8","7.0","0.2","상향",""
"Basic 990k","2036","虚空を飛ぶ鳥は誰の夢を見るか","Expert","12.2","12.1","-0.1","하향",""
"Basic 990k","2037","虹色の花","Normal","4.0","3.9","-0.1","하향",""
"Basic 990k","2040","虹色の花","Real","12.3","12.4","0.1","상향",""
"Basic 990k","2042","見知らぬ国と人々について","Hard","2.8","3.3","0.5","상향",""
"Basic 990k","2043","見知らぬ国と人々について","Expert","6.8","6.5","-0.3","하향",""
"Basic 990k","2044","見知らぬ国と人々について","Real","9.7","9.5","-0.2","하향",""
"Basic 990k","2045","調子の良い鍛冶屋","Normal","3.0","2.7","-0.3","하향",""
"Basic 990k","2046","調子の良い鍛冶屋","Hard","5.8","6.0","0.2","상향",""
"Basic 990k","2047","調子の良い鍛冶屋","Expert","10.9","10.7","-0.2","하향",""
"Basic 990k","2048","調子の良い鍛冶屋","Real","12.2","12.1","-0.1","하향",""
"Basic 990k","2049","貴婦人の乗馬","Normal","3.0","3.4","0.4","상향",""
"Basic 990k","2050","貴婦人の乗馬","Hard","5.9","6.4","0.5","상향",""
"Basic 990k","2051","貴婦人の乗馬","Expert","9.8","10.1","0.3","상향",""
"Basic 990k","2052","走れメロンパン","Normal","2.0","1.8","-0.2","하향",""
"Basic 990k","2053","走れメロンパン","Hard","4.9","5.1","0.2","상향",""
"Basic 990k","2054","走れメロンパン","Expert","8.8","8.6","-0.2","하향",""
"Basic 990k","2055","走れメロンパン","Real","10.8","10.7","-0.1","하향",""
"Basic 990k","2056","踊るあやつり人形","Normal","3.0","2.9","-0.1","하향",""
"Basic 990k","2057","踊るあやつり人形","Hard","5.8","5.6","-0.2","하향",""
"Basic 990k","2058","踊るあやつり人形","Expert","10.7","10.5","-0.2","하향",""
"Basic 990k","2059","踊るあやつり人形","Real","11.8","11.9","0.1","상향",""
"Basic 990k","2060","軍隊行進曲第1番","Normal","4.0","3.7","-0.3","하향",""
"Basic 990k","2061","軍隊行進曲第1番","Hard","5.9","5.8","-0.1","하향",""
"Basic 990k","2062","軍隊行進曲第1番","Expert","10.8","10.9","0.1","상향",""
"Basic 990k","2063","轟け！恋のビーンボール！！","Normal","4.0","3.5","-0.5","하향",""
"Basic 990k","2064","轟け！恋のビーンボール！！","Hard","7.8","7.9","0.1","상향",""
"Basic 990k","2065","轟け！恋のビーンボール！！","Expert","11.7","11.5","-0.2","하향",""
"Basic 990k","2067","追憶のアラウカリア","Normal","4.0","4.2","0.2","상향",""
"Basic 990k","2068","追憶のアラウカリア","Hard","6.8","6.9","0.1","상향",""
"Basic 990k","2069","追憶のアラウカリア","Expert","11.0","11.3","0.3","상향",""
"Basic 990k","2070","追憶のアラウカリア","Real","11.9","12.1","0.2","상향",""
"Basic 990k","2071","追憶のアリア","Normal","3.0","3.1","0.1","상향",""
"Basic 990k","2072","追憶のアリア","Hard","5.8","6.2","0.4","상향",""
"Basic 990k","2073","追憶のアリア","Expert","8.8","8.7","-0.1","하향",""
"Basic 990k","2075","追憶の変奏曲","Normal","4.0","3.6","-0.4","하향",""
"Basic 990k","2076","追憶の変奏曲","Hard","6.8","6.7","-0.1","하향",""
"Basic 990k","2077","追憶の変奏曲","Expert","11.8","11.7","-0.1","하향",""
"Basic 990k","2078","追憶の変奏曲","Real","12.6","12.7","0.1","상향",""
"Basic 990k","2079","逆さま(ハート)シンデレラパレード","Normal","3.0","3.1","0.1","상향",""
"Basic 990k","2081","逆さま(ハート)シンデレラパレード","Expert","9.8","9.9","0.1","상향",""
"Basic 990k","2083","遠い世界の時と空","Normal","4.0","4.4","0.4","상향",""
"Basic 990k","2084","遠い世界の時と空","Hard","7.0","7.4","0.4","상향",""
"Basic 990k","2085","遠い世界の時と空","Expert","9.9","10.4","0.5","상향",""
"Basic 990k","2086","遠い世界の時と空","Real","12.1","12.2","0.1","상향",""
"Basic 990k","2087","野ばら","Normal","4.0","3.8","-0.2","하향",""
"Basic 990k","2089","野ばら","Expert","10.8","10.6","-0.2","하향",""
"Basic 990k","2090","野ばら","Real","12.2","12.3","0.1","상향",""
"Basic 990k","2091","量子の海のリントヴルム","Normal","3.0","2.6","-0.4","하향",""
"Basic 990k","2092","量子の海のリントヴルム","Hard","6.8","7.0","0.2","상향",""
"Basic 990k","2093","量子の海のリントヴルム","Expert","10.8","10.6","-0.2","하향",""
"Basic 990k","2094","量子の海のリントヴルム","Real","12.8","12.6","-0.2","하향",""
"Basic 990k","2095","量子の海のリントヴルム (BEMANI SYMPHONY NOSTALGIA mix)","Normal","4.0","4.4","0.4","상향",""
"Basic 990k","2096","量子の海のリントヴルム (BEMANI SYMPHONY NOSTALGIA mix)","Hard","6.8","7.1","0.3","상향",""
"Basic 990k","2097","量子の海のリントヴルム (BEMANI SYMPHONY NOSTALGIA mix)","Expert","10.9","11.2","0.3","상향",""
"Basic 990k","2098","量子の海のリントヴルム (BEMANI SYMPHONY NOSTALGIA mix)","Real","12.3","12.5","0.2","상향",""
"Basic 990k","2099","鋳鉄の檻","Normal","3.0","2.7","-0.3","하향",""
"Basic 990k","2100","鋳鉄の檻","Hard","6.8","7.1","0.3","상향",""
"Basic 990k","2101","鋳鉄の檻","Expert","10.8","10.9","0.1","상향",""
"Basic 990k","2102","鋳鉄の檻","Real","12.3","12.5","0.2","상향",""
"Basic 990k","2103","防人恋歌","Normal","4.0","4.1","0.1","상향",""
"Basic 990k","2104","防人恋歌","Hard","5.8","6.1","0.3","상향",""
"Basic 990k","2107","隅田川夏恋歌","Normal","4.0","4.3","0.3","상향",""
"Basic 990k","2108","隅田川夏恋歌","Hard","8.2","8.3","0.1","상향",""
"Basic 990k","2110","隅田川夏恋歌","Real","11.9","12.0","0.1","상향",""
"Basic 990k","2111","雫","Normal","4.0","4.4","0.4","상향",""
"Basic 990k","2112","雫","Hard","7.8","8.3","0.5","상향",""
"Basic 990k","2116","零と弌の鍵の唄","Expert","11.7","11.6","-0.1","하향",""
"Basic 990k","2117","零と弌の鍵の唄","Real","12.5","12.7","0.2","상향",""
"Basic 990k","2118","霖が哭く","Normal","5.0","5.1","0.1","상향",""
"Basic 990k","2119","霖が哭く","Hard","9.0","9.4","0.4","상향",""
"Basic 990k","2120","霖が哭く","Expert","11.8","11.7","-0.1","하향",""
"Basic 990k","2121","静謐なる揺籃","Normal","3.0","2.8","-0.2","하향",""
"Basic 990k","2122","静謐なる揺籃","Hard","5.9","6.2","0.3","상향",""
"Basic 990k","2123","静謐なる揺籃","Expert","9.9","10.4","0.5","상향",""
"Basic 990k","2124","静謐なる揺籃","Real","12.6","12.2","-0.4","하향",""
"Basic 990k","2125","面影橋","Normal","4.0","4.4","0.4","상향",""
"Basic 990k","2126","面影橋","Hard","5.8","6.3","0.5","상향",""
"Basic 990k","2127","面影橋","Expert","9.8","10.4","0.6","상향",""
"Basic 990k","2128","面影橋","Real","11.8","12.0","0.2","상향",""
"Basic 990k","2129","革命","Normal","6.0","5.7","-0.3","하향",""
"Basic 990k","2131","革命","Expert","12.1","12.2","0.1","상향",""
"Basic 990k","2132","革命","Real","13.8","14.3","0.5","상향",""
"Basic 990k","2133","風の丘の東","Normal","3.0","3.3","0.3","상향",""
"Basic 990k","2134","風の丘の東","Hard","6.8","7.1","0.3","상향",""
"Basic 990k","2135","風の丘の東","Expert","9.9","10.2","0.3","상향",""
"Basic 990k","2136","風の丘の東","Real","11.2","11.5","0.3","상향",""
"Basic 990k","2137","風鈴花火","Normal","3.0","3.1","0.1","상향",""
"Basic 990k","2138","風鈴花火","Hard","6.1","6.3","0.2","상향",""
"Basic 990k","2140","飽和世界","Normal","3.0","3.3","0.3","상향",""
"Basic 990k","2141","飽和世界","Hard","6.2","6.5","0.3","상향",""
"Basic 990k","2142","飽和世界","Expert","7.5","6.7","-0.8","하향",""
"Basic 990k","2143","飽和世界","Real","9.8","10.1","0.3","상향",""
"Basic 990k","2144","魔王","Normal","3.0","3.5","0.5","상향",""
"Basic 990k","2145","魔王","Hard","6.9","7.5","0.6","상향",""
"Basic 990k","2146","魔王","Expert","11.9","12.2","0.3","상향",""
"Basic 990k","2147","魔王","Real","12.6","13.3","0.7","상향",""
"Basic 990k","2148","魔笛より夜の女王のアリア","Normal","4.0","3.9","-0.1","하향",""
"Basic 990k","2149","魔笛より夜の女王のアリア","Hard","6.8","6.9","0.1","상향",""
"Basic 990k","2150","魔笛より夜の女王のアリア","Expert","10.9","11.0","0.1","상향",""
"Basic 990k","2151","魔笛より夜の女王のアリア","Real","12.5","12.6","0.1","상향",""
"Basic 990k","2152","黒緋の白鳥座","Normal","4.0","3.9","-0.1","하향",""
"Basic 990k","2155","黒緋の白鳥座","Real","11.7","11.6","-0.1","하향",""
"Basic 990k","2156","４つの音の終止点によるimpromptu","Normal","4.0","3.7","-0.3","하향",""
"Basic 990k","2157","４つの音の終止点によるimpromptu","Hard","7.7","7.8","0.1","상향",""
"Basic 990k","2158","４つの音の終止点によるimpromptu","Expert","11.6","11.5","-0.1","하향",""
"Basic 990k","2167","ピアノ協奏曲第1番“蠍火”","Real","14.0","14.4","0.4","상향",""
"Basic 990k","2472","Towards the TOWER","Real","12.4","12.6","0.2","상향",""
"Basic 990k","3878","音楽","Normal","","5.5","","신규",""
"Basic 990k","3879","音楽","Hard","9.7","10.3","0.6","상향",""
"Basic 990k","3880","音楽","Expert","11.9","11.8","-0.1","하향",""
"Basic 990k","3881","音楽","Real","13.4","13.3","-0.1","하향",""
"Basic 990k","3885","Just Be Friends","Real","11.0","11.1","0.1","상향",""
"Basic 990k","3934","Somebody Stole My Gal","Normal","","2.5","","신규",""
"Basic 990k","3935","Somebody Stole My Gal","Hard","5.8","5.6","-0.2","하향",""
"Basic 990k","3936","Somebody Stole My Gal","Expert","8.8","8.5","-0.3","하향",""
"Basic 990k","3937","Somebody Stole My Gal","Real","9.8","9.5","-0.3","하향",""
"Basic 990k","4337","月の光","Real","","10.5","","신규","공식 상수 미확인, 분석용 임시 기준 11.0 사용"
"Basic Pianist","1","24の前奏曲より｢雨だれ｣","Normal","1.0","1.5","0.5","상향",""
"Basic Pianist","2","24の前奏曲より｢雨だれ｣","Hard","4.2","4.5","0.3","상향",""
"Basic Pianist","3","24の前奏曲より｢雨だれ｣","Expert","6.7","6.5","-0.2","하향",""
"Basic Pianist","4","3 A.M. ディテクティブ・ゲーム","Normal","3.0","2.8","-0.2","하향",""
"Basic Pianist","6","3 A.M. ディテクティブ・ゲーム","Expert","11.1","11.2","0.1","상향",""
"Basic Pianist","9","3人の王女と進め","Hard","5.9","6.2","0.3","상향",""
"Basic Pianist","10","3人の王女と進め","Expert","8.9","9.1","0.2","상향",""
"Basic Pianist","11","50th Memorial Songs -Beginning Story-","Normal","3.0","3.1","0.1","상향",""
"Basic Pianist","12","50th Memorial Songs -Beginning Story-","Hard","5.8","6.2","0.4","상향",""
"Basic Pianist","13","50th Memorial Songs -Beginning Story-","Expert","10.2","10.4","0.2","상향",""
"Basic Pianist","15","50th Memorial Songs -Flagship medley-","Hard","7.1","6.9","-0.2","하향",""
"Basic Pianist","17","50th Memorial Songs -The BEMANI History-","Normal","3.0","2.9","-0.1","하향",""
"Basic Pianist","18","50th Memorial Songs -The BEMANI History-","Hard","6.9","7.3","0.4","상향",""
"Basic Pianist","19","50th Memorial Songs -The BEMANI History-","Expert","11.2","11.3","0.1","상향",""
"Basic Pianist","20","50th Memorial Songs -二人の時 ～under the cherry blossoms～-","Normal","4.0","4.2","0.2","상향",""
"Basic Pianist","21","50th Memorial Songs -二人の時 ～under the cherry blossoms～-","Hard","6.0","6.2","0.2","상향",""
"Basic Pianist","22","50th Memorial Songs -二人の時 ～under the cherry blossoms～-","Expert","9.8","10.0","0.2","상향",""
"Basic Pianist","23","Afterimage d'automne","Normal","4.0","4.1","0.1","상향",""
"Basic Pianist","24","Afterimage d'automne","Hard","7.2","7.3","0.1","상향",""
"Basic Pianist","25","Afterimage d'automne","Expert","11.1","11.3","0.2","상향",""
"Basic Pianist","26","Aftermath","Normal","3.0","3.2","0.2","상향",""
"Basic Pianist","28","Aftermath","Expert","11.2","11.3","0.1","상향",""
"Basic Pianist","30","Altale","Normal","5.0","4.9","-0.1","하향",""
"Basic Pianist","31","Altale","Hard","7.4","7.5","0.1","상향",""
"Basic Pianist","32","Altale","Expert","11.1","11.4","0.3","상향",""
"Basic Pianist","33","Altale","Real","12.3","12.2","-0.1","하향",""
"Basic Pianist","34","Ater Regis","Normal","5.0","5.1","0.1","상향",""
"Basic Pianist","35","Ater Regis","Hard","9.1","9.3","0.2","상향",""
"Basic Pianist","36","Ater Regis","Expert","11.1","11.2","0.1","상향",""
"Basic Pianist","40","Audite Nostalgia","Expert","9.0","8.9","-0.1","하향",""
"Basic Pianist","42","Ave","Normal","4.0","4.2","0.2","상향",""
"Basic Pianist","43","Ave","Hard","8.0","8.1","0.1","상향",""
"Basic Pianist","44","Ave","Expert","12.3","12.0","-0.3","하향",""
"Basic Pianist","45","Ave","Real","13.1","12.9","-0.2","하향",""
"Basic Pianist","46","Awakening Wings(NOSTALGIA Style)","Normal","3.0","2.6","-0.4","하향",""
"Basic Pianist","47","Awakening Wings(NOSTALGIA Style)","Hard","5.8","5.7","-0.1","하향",""
"Basic Pianist","48","Awakening Wings(NOSTALGIA Style)","Expert","9.9","9.8","-0.1","하향",""
"Basic Pianist","49","Awakening Wings(NOSTALGIA Style)","Real","11.0","10.9","-0.1","하향",""
"Basic Pianist","50","BIG SHOT / [[BIG]]の力","Normal","3.0","2.8","-0.2","하향",""
"Basic Pianist","51","BIG SHOT / [[BIG]]の力","Hard","5.8","6.1","0.3","상향",""
"Basic Pianist","52","BIG SHOT / [[BIG]]の力","Expert","11.0","11.1","0.1","상향",""
"Basic Pianist","54","BLACK JACKAL(NOSTALGIA Style)","Normal","5.0","4.7","-0.3","하향",""
"Basic Pianist","55","BLACK JACKAL(NOSTALGIA Style)","Hard","6.8","7.1","0.3","상향",""
"Basic Pianist","56","BLACK JACKAL(NOSTALGIA Style)","Expert","11.1","10.9","-0.2","하향",""
"Basic Pianist","57","Bad Apple!! feat. nomico","Normal","4.0","4.3","0.3","상향",""
"Basic Pianist","58","Bad Apple!! feat. nomico","Hard","7.0","7.2","0.2","상향",""
"Basic Pianist","59","Bad Apple!! feat. nomico","Expert","10.0","10.3","0.3","상향",""
"Basic Pianist","60","Barbara","Normal","4.0","3.9","-0.1","하향",""
"Basic Pianist","62","Barbara","Expert","12.0","11.8","-0.2","하향",""
"Basic Pianist","63","Barbara","Real","12.6","12.4","-0.2","하향",""
"Basic Pianist","64","Battle Against a True Hero / 本物のヒーローとの戦い","Normal","4.0","4.2","0.2","상향",""
"Basic Pianist","65","Battle Against a True Hero / 本物のヒーローとの戦い","Hard","7.0","7.3","0.3","상향",""
"Basic Pianist","66","Battle Against a True Hero / 本物のヒーローとの戦い","Expert","12.1","11.9","-0.2","하향",""
"Basic Pianist","67","Battle Against a True Hero / 本物のヒーローとの戦い","Real","13.1","12.9","-0.2","하향",""
"Basic Pianist","68","Be a Hero!","Normal","5.0","4.7","-0.3","하향",""
"Basic Pianist","69","Be a Hero!","Hard","9.1","9.4","0.3","상향",""
"Basic Pianist","70","Be a Hero!","Expert","12.2","12.1","-0.1","하향",""
"Basic Pianist","71","Beyond the Ocean","Normal","3.0","2.6","-0.4","하향",""
"Basic Pianist","72","Beyond the Ocean","Hard","5.9","6.1","0.2","상향",""
"Basic Pianist","73","Beyond the Ocean","Expert","9.9","10.0","0.1","상향",""
"Basic Pianist","74","Blind Justice ～Torn souls,Hurt Faiths～","Normal","5.0","4.9","-0.1","하향",""
"Basic Pianist","75","Blind Justice ～Torn souls,Hurt Faiths～","Hard","7.1","7.4","0.3","상향",""
"Basic Pianist","77","Blind Justice ～Torn souls,Hurt Faiths～","Real","11.3","11.5","0.2","상향",""
"Basic Pianist","78","Bonetrousle","Normal","4.0","4.3","0.3","상향",""
"Basic Pianist","79","Bonetrousle","Hard","6.7","7.1","0.4","상향",""
"Basic Pianist","80","Bonetrousle","Expert","11.5","11.6","0.1","상향",""
"Basic Pianist","82","CHOCOLATE PHILOSOPHY","Normal","4.0","3.8","-0.2","하향",""
"Basic Pianist","83","CHOCOLATE PHILOSOPHY","Hard","6.0","6.3","0.3","상향",""
"Basic Pianist","84","CHOCOLATE PHILOSOPHY","Expert","11.2","11.1","-0.1","하향",""
"Basic Pianist","85","CHOCOLATE PHILOSOPHY","Real","12.0","11.9","-0.1","하향",""
"Basic Pianist","86","COSMIC SYMPHONY","Normal","4.0","3.9","-0.1","하향",""
"Basic Pianist","87","COSMIC SYMPHONY","Hard","8.0","8.1","0.1","상향",""
"Basic Pianist","89","COSMIC SYMPHONY","Real","12.6","12.4","-0.2","하향",""
"Basic Pianist","90","CandyPop★Showcase","Normal","4.0","3.6","-0.4","하향",""
"Basic Pianist","92","CandyPop★Showcase","Expert","10.1","10.2","0.1","상향",""
"Basic Pianist","95","CaptivAte ～浄化～","Hard","8.2","8.3","0.1","상향",""
"Basic Pianist","96","CaptivAte ～浄化～","Expert","9.2","9.1","-0.1","하향",""
"Basic Pianist","97","CaptivAte ～浄化～","Real","11.2","11.4","0.2","상향",""
"Basic Pianist","98","Carezza","Normal","4.0","4.5","0.5","상향",""
"Basic Pianist","99","Carezza","Hard","10.1","10.5","0.4","상향",""
"Basic Pianist","100","Carezza","Expert","12.4","12.1","-0.3","하향",""
"Basic Pianist","102","Catapulted Arch","Hard","8.2","8.4","0.2","상향",""
"Basic Pianist","103","Catapulted Arch","Expert","11.3","11.5","0.2","상향",""
"Basic Pianist","104","Catapulted Arch","Real","12.6","12.5","-0.1","하향",""
"Basic Pianist","105","Catch Our Fire!","Normal","5.0","5.1","0.1","상향",""
"Basic Pianist","106","Catch Our Fire!","Hard","7.9","8.0","0.1","상향",""
"Basic Pianist","107","Catch Our Fire!","Expert","12.3","12.2","-0.1","하향",""
"Basic Pianist","108","Celsus","Normal","3.0","3.2","0.2","상향",""
"Basic Pianist","109","Celsus","Hard","6.7","7.0","0.3","상향",""
"Basic Pianist","111","Celsus","Real","12.6","12.5","-0.1","하향",""
"Basic Pianist","112","Chronos","Normal","4.0","4.3","0.3","상향",""
"Basic Pianist","113","Chronos","Hard","7.0","7.3","0.3","상향",""
"Basic Pianist","115","City of Mirrors","Normal","3.0","2.6","-0.4","하향",""
"Basic Pianist","116","City of Mirrors","Hard","6.0","5.8","-0.2","하향",""
"Basic Pianist","117","City of Mirrors","Expert","8.1","7.6","-0.5","하향",""
"Basic Pianist","118","City of Mirrors","Real","11.3","11.2","-0.1","하향",""
"Basic Pianist","119","Claustra","Normal","4.0","4.4","0.4","상향",""
"Basic Pianist","120","Claustra","Hard","7.9","8.2","0.3","상향",""
"Basic Pianist","121","Claustra","Expert","11.3","11.4","0.1","상향",""
"Basic Pianist","123","Colorful Cookie (BEMANI SYMPHONY NOSTALGIA mix)","Normal","3.0","2.7","-0.3","하향",""
"Basic Pianist","124","Colorful Cookie (BEMANI SYMPHONY NOSTALGIA mix)","Hard","6.2","5.9","-0.3","하향",""
"Basic Pianist","125","Colorful Cookie (BEMANI SYMPHONY NOSTALGIA mix)","Expert","9.7","9.6","-0.1","하향",""
"Basic Pianist","126","Colorful Cookie (BEMANI SYMPHONY NOSTALGIA mix)","Real","12.7","12.4","-0.3","하향",""
"Basic Pianist","127","Concertino in Blue","Normal","6.0","5.6","-0.4","하향",""
"Basic Pianist","128","Concertino in Blue","Hard","9.3","9.5","0.2","상향",""
"Basic Pianist","129","Concertino in Blue","Expert","11.9","12.0","0.1","상향",""
"Basic Pianist","130","Concertino in Blue","Real","12.7","12.8","0.1","상향",""
"Basic Pianist","131","Corridor of Reminiscence","Normal","3.0","2.7","-0.3","하향",""
"Basic Pianist","132","Corridor of Reminiscence","Hard","5.7","5.5","-0.2","하향",""
"Basic Pianist","133","Corridor of Reminiscence","Expert","9.9","9.6","-0.3","하향",""
"Basic Pianist","134","Corridor of Reminiscence","Real","11.6","11.5","-0.1","하향",""
"Basic Pianist","135","DUAL STRIKER","Normal","3.0","3.1","0.1","상향",""
"Basic Pianist","136","DUAL STRIKER","Hard","6.8","6.9","0.1","상향",""
"Basic Pianist","137","DUAL STRIKER","Expert","10.8","10.7","-0.1","하향",""
"Basic Pianist","139","Danza Pantera","Normal","4.0","3.9","-0.1","하향",""
"Basic Pianist","141","Danza Pantera","Expert","11.9","11.8","-0.1","하향",""
"Basic Pianist","142","Datte! Brand-New Me!!","Normal","3.0","2.8","-0.2","하향",""
"Basic Pianist","143","Datte! Brand-New Me!!","Hard","6.7","6.6","-0.1","하향",""
"Basic Pianist","144","Datte! Brand-New Me!!","Expert","9.8","9.7","-0.1","하향",""
"Basic Pianist","145","Dream of You","Normal","4.0","4.5","0.5","상향",""
"Basic Pianist","146","Dream of You","Hard","6.9","7.4","0.5","상향",""
"Basic Pianist","147","Dream of You","Expert","9.7","10.0","0.3","상향",""
"Basic Pianist","148","Dream of You","Real","10.6","10.9","0.3","상향",""
"Basic Pianist","149","Drive in Sunday","Normal","4.0","3.7","-0.3","하향",""
"Basic Pianist","150","Drive in Sunday","Hard","5.9","6.3","0.4","상향",""
"Basic Pianist","151","Drive in Sunday","Expert","11.0","11.1","0.1","상향",""
"Basic Pianist","152","Dust In The World","Normal","5.0","4.8","-0.2","하향",""
"Basic Pianist","153","Dust In The World","Hard","6.7","7.0","0.3","상향",""
"Basic Pianist","154","Dust In The World","Expert","12.0","11.9","-0.1","하향",""
"Basic Pianist","155","Dust In The World","Real","12.8","12.7","-0.1","하향",""
"Basic Pianist","156","EBONY & IVORY","Normal","4.0","3.5","-0.5","하향",""
"Basic Pianist","157","EBONY & IVORY","Hard","7.6","7.7","0.1","상향",""
"Basic Pianist","158","EBONY & IVORY","Expert","11.8","11.6","-0.2","하향",""
"Basic Pianist","159","EBONY & IVORY","Real","13.2","12.9","-0.3","하향",""
"Basic Pianist","160","Echoes of Oblivion","Normal","3.0","3.3","0.3","상향",""
"Basic Pianist","162","Echoes of Oblivion","Expert","8.9","9.0","0.1","상향",""
"Basic Pianist","163","Echoes of Oblivion","Real","11.0","11.2","0.2","상향",""
"Basic Pianist","164","Eine Haube ～聖地の果てにあるもの～","Normal","3.0","3.1","0.1","상향",""
"Basic Pianist","166","Eine Haube ～聖地の果てにあるもの～","Expert","11.1","10.9","-0.2","하향",""
"Basic Pianist","167","Eine Haube ～聖地の果てにあるもの～","Real","12.6","12.5","-0.1","하향",""
"Basic Pianist","168","Element of SPADA","Normal","2.0","2.3","0.3","상향",""
"Basic Pianist","169","Element of SPADA","Hard","4.9","5.5","0.6","상향",""
"Basic Pianist","170","Element of SPADA","Expert","7.8","7.6","-0.2","하향",""
"Basic Pianist","172","Element of SPADA (BEMANI SYMPHONY NOSTALGIA mix)","Normal","4.0","4.2","0.2","상향",""
"Basic Pianist","173","Element of SPADA (BEMANI SYMPHONY NOSTALGIA mix)","Hard","5.7","5.9","0.2","상향",""
"Basic Pianist","174","Element of SPADA (BEMANI SYMPHONY NOSTALGIA mix)","Expert","9.8","9.9","0.1","상향",""
"Basic Pianist","175","Element of SPADA (BEMANI SYMPHONY NOSTALGIA mix)","Real","12.1","11.9","-0.2","하향",""
"Basic Pianist","176","Elemental Creation","Normal","5.0","4.7","-0.3","하향",""
"Basic Pianist","177","Elemental Creation","Hard","8.6","9.2","0.6","상향",""
"Basic Pianist","178","Elemental Creation","Expert","12.1","12.0","-0.1","하향",""
"Basic Pianist","179","Elemental Creation","Real","13.3","13.1","-0.2","하향",""
"Basic Pianist","180","Empathetic","Normal","4.0","3.7","-0.3","하향",""
"Basic Pianist","181","Empathetic","Hard","8.0","7.9","-0.1","하향",""
"Basic Pianist","182","Empathetic","Expert","10.7","10.8","0.1","상향",""
"Basic Pianist","183","Empathetic","Real","12.2","12.1","-0.1","하향",""
"Basic Pianist","184","Endless Chain ～2人でトリガーをひこう～","Normal","3.0","2.8","-0.2","하향",""
"Basic Pianist","185","Endless Chain ～2人でトリガーをひこう～","Hard","5.8","5.7","-0.1","하향",""
"Basic Pianist","186","Endless Chain ～2人でトリガーをひこう～","Expert","9.8","9.7","-0.1","하향",""
"Basic Pianist","188","Enigmatic Synchronization","Normal","5.0","4.9","-0.1","하향",""
"Basic Pianist","190","Enigmatic Synchronization","Expert","11.3","11.0","-0.3","하향",""
"Basic Pianist","191","Enigmatic Synchronization","Real","12.3","12.0","-0.3","하향",""
"Basic Pianist","192","Ensemble Forecast 3/28","Normal","3.0","2.9","-0.1","하향",""
"Basic Pianist","193","Ensemble Forecast 3/28","Hard","7.2","7.1","-0.1","하향",""
"Basic Pianist","194","Ensemble Forecast 3/28","Expert","10.0","10.2","0.2","상향",""
"Basic Pianist","195","Ensemble Forecast 3/28","Real","11.9","12.0","0.1","상향",""
"Basic Pianist","196","Eurasian Journey","Normal","4.0","3.7","-0.3","하향",""
"Basic Pianist","198","Eurasian Journey","Expert","10.0","10.1","0.1","상향",""
"Basic Pianist","199","Eurasian Journey","Real","11.5","11.6","0.1","상향",""
"Basic Pianist","200","Evans","Normal","6.0","5.6","-0.4","하향",""
"Basic Pianist","201","Evans","Hard","10.3","10.5","0.2","상향",""
"Basic Pianist","202","Evans","Expert","11.6","11.5","-0.1","하향",""
"Basic Pianist","204","Everlasting Message (BEMANI SYMPHONY NOSTALGIA mix)","Normal","5.0","4.8","-0.2","하향",""
"Basic Pianist","205","Everlasting Message (BEMANI SYMPHONY NOSTALGIA mix)","Hard","6.8","7.1","0.3","상향",""
"Basic Pianist","206","Everlasting Message (BEMANI SYMPHONY NOSTALGIA mix)","Expert","11.1","11.2","0.1","상향",""
"Basic Pianist","207","Everlasting Message (BEMANI SYMPHONY NOSTALGIA mix)","Real","12.3","12.2","-0.1","하향",""
"Basic Pianist","210","FLOWER (BEMANI SYMPHONY NOSTALGIA mix)","Expert","11.0","11.1","0.1","상향",""
"Basic Pianist","212","FLOWER ～live pf addition～","Normal","4.0","3.6","-0.4","하향",""
"Basic Pianist","214","FLOWER ～live pf addition～","Expert","12.3","12.2","-0.1","하향",""
"Basic Pianist","215","FLOWER ～live pf addition～","Real","13.7","13.8","0.1","상향",""
"Basic Pianist","216","Far east nightbird","Normal","4.0","3.6","-0.4","하향",""
"Basic Pianist","217","Far east nightbird","Hard","7.2","7.4","0.2","상향",""
"Basic Pianist","218","Far east nightbird","Expert","11.0","10.8","-0.2","하향",""
"Basic Pianist","219","Far east nightbird","Real","11.9","11.8","-0.1","하향",""
"Basic Pianist","221","Fear the Merry","Hard","8.0","8.1","0.1","상향",""
"Basic Pianist","222","Fear the Merry","Expert","12.2","12.0","-0.2","하향",""
"Basic Pianist","223","Field of Hopes and Dreams / 夢と希望の平原","Normal","4.0","3.9","-0.1","하향",""
"Basic Pianist","224","Field of Hopes and Dreams / 夢と希望の平原","Hard","5.9","6.3","0.4","상향",""
"Basic Pianist","225","Field of Hopes and Dreams / 夢と希望の平原","Expert","10.6","10.7","0.1","상향",""
"Basic Pianist","226","Field of Hopes and Dreams / 夢と希望の平原","Real","12.6","12.4","-0.2","하향",""
"Basic Pianist","227","Fly far bounce","Normal","4.0","4.3","0.3","상향",""
"Basic Pianist","228","Fly far bounce","Hard","7.1","7.4","0.3","상향",""
"Basic Pianist","229","Fly far bounce","Expert","9.7","10.1","0.4","상향",""
"Basic Pianist","231","Forgery","Normal","3.0","2.7","-0.3","하향",""
"Basic Pianist","232","Forgery","Hard","6.8","6.9","0.1","상향",""
"Basic Pianist","233","Forgery","Expert","11.9","11.6","-0.3","하향",""
"Basic Pianist","234","Forgery","Real","12.7","12.5","-0.2","하향",""
"Basic Pianist","235","Fortuna ～フォルトゥーナ～","Normal","2.0","1.6","-0.4","하향",""
"Basic Pianist","236","Fortuna ～フォルトゥーナ～","Hard","4.9","5.0","0.1","상향",""
"Basic Pianist","237","Fortuna ～フォルトゥーナ～","Expert","9.2","8.6","-0.6","하향",""
"Basic Pianist","238","Frozen Ray -nostal mix-","Normal","3.0","2.9","-0.1","하향",""
"Basic Pianist","239","Frozen Ray -nostal mix-","Hard","6.2","6.3","0.1","상향",""
"Basic Pianist","242","Fuego","Hard","8.0","8.2","0.2","상향",""
"Basic Pianist","243","Fuego","Expert","11.2","11.4","0.2","상향",""
"Basic Pianist","245","GAIA","Normal","3.0","2.7","-0.3","하향",""
"Basic Pianist","246","GAIA","Hard","7.6","7.7","0.1","상향",""
"Basic Pianist","247","GAIA","Expert","11.9","11.7","-0.2","하향",""
"Basic Pianist","248","GAIA","Real","13.1","13.0","-0.1","하향",""
"Basic Pianist","250","GHOST KINGDOM","Hard","7.7","7.9","0.2","상향",""
"Basic Pianist","251","GHOST KINGDOM","Expert","10.7","10.6","-0.1","하향",""
"Basic Pianist","253","Gamja Dog","Normal","4.0","3.7","-0.3","하향",""
"Basic Pianist","254","Gamja Dog","Hard","6.8","7.1","0.3","상향",""
"Basic Pianist","255","Gamja Dog","Expert","11.2","11.3","0.1","상향",""
"Basic Pianist","258","Globe Glitter","Hard","8.0","7.9","-0.1","하향",""
"Basic Pianist","259","Globe Glitter","Expert","11.8","11.7","-0.1","하향",""
"Basic Pianist","261","Good bye, Summer～さよならは言わない～","Normal","3.0","2.7","-0.3","하향",""
"Basic Pianist","262","Good bye, Summer～さよならは言わない～","Hard","5.7","5.6","-0.1","하향",""
"Basic Pianist","263","Good bye, Summer～さよならは言わない～","Expert","9.7","9.6","-0.1","하향",""
"Basic Pianist","264","Good bye, Summer～さよならは言わない～","Real","11.4","11.5","0.1","상향",""
"Basic Pianist","265","Groovin' Keys","Normal","4.0","3.5","-0.5","하향",""
"Basic Pianist","266","Groovin' Keys","Hard","5.8","5.6","-0.2","하향",""
"Basic Pianist","267","Groovin' Keys","Expert","11.1","10.9","-0.2","하향",""
"Basic Pianist","268","Groovin' Keys","Real","12.1","11.9","-0.2","하향",""
"Basic Pianist","270","Happy Birthday to You","Hard","7.4","7.3","-0.1","하향",""
"Basic Pianist","271","Happy Birthday to You","Expert","9.9","10.0","0.1","상향",""
"Basic Pianist","272","Happy Birthday to You","Real","11.2","11.1","-0.1","하향",""
"Basic Pianist","273","Harmonia","Normal","5.0","4.5","-0.5","하향",""
"Basic Pianist","274","Harmonia","Hard","7.1","7.3","0.2","상향",""
"Basic Pianist","275","Harmonia","Expert","11.1","11.0","-0.1","하향",""
"Basic Pianist","276","Harmonia","Real","12.1","12.0","-0.1","하향",""
"Basic Pianist","277","Ha・lle・lu・jah","Normal","3.0","2.6","-0.4","하향",""
"Basic Pianist","278","Ha・lle・lu・jah","Hard","5.7","5.9","0.2","상향",""
"Basic Pianist","279","Ha・lle・lu・jah","Expert","9.9","9.7","-0.2","하향",""
"Basic Pianist","280","Ha・lle・lu・jah","Real","12.1","11.9","-0.2","하향",""
"Basic Pianist","281","Holy Snow","Normal","3.0","3.1","0.1","상향",""
"Basic Pianist","283","Holy Snow","Expert","12.0","11.6","-0.4","하향",""
"Basic Pianist","284","Homesick Pt.2&3 (Nostalgia Edition)","Normal","3.0","3.1","0.1","상향",""
"Basic Pianist","285","Homesick Pt.2&3 (Nostalgia Edition)","Hard","5.7","5.9","0.2","상향",""
"Basic Pianist","286","Homesick Pt.2&3 (Nostalgia Edition)","Expert","8.9","9.0","0.1","상향",""
"Basic Pianist","287","Homesick Pt.2&3 (Nostalgia Edition)","Real","10.5","10.7","0.2","상향",""
"Basic Pianist","288","Hopes and Dreams / 夢と希望","Normal","3.0","3.3","0.3","상향",""
"Basic Pianist","289","Hopes and Dreams / 夢と希望","Hard","5.9","6.2","0.3","상향",""
"Basic Pianist","291","Hopes and Dreams / 夢と希望","Real","12.1","12.0","-0.1","하향",""
"Basic Pianist","292","I","Normal","2.0","2.4","0.4","상향",""
"Basic Pianist","293","I","Hard","4.9","5.3","0.4","상향",""
"Basic Pianist","294","I","Expert","7.1","6.5","-0.6","하향",""
"Basic Pianist","295","I","Real","10.1","9.7","-0.4","하향",""
"Basic Pianist","296","I and I","Normal","4.0","3.8","-0.2","하향",""
"Basic Pianist","298","I and I","Expert","11.9","11.7","-0.2","하향",""
"Basic Pianist","299","I and I","Real","12.7","12.5","-0.2","하향",""
"Basic Pianist","300","I'm so Happy","Normal","4.0","3.6","-0.4","하향",""
"Basic Pianist","301","I'm so Happy","Hard","6.7","6.6","-0.1","하향",""
"Basic Pianist","302","I'm so Happy","Expert","11.9","11.6","-0.3","하향",""
"Basic Pianist","303","I'm so Happy","Real","12.5","12.3","-0.2","하향",""
"Basic Pianist","304","IX","Normal","4.0","3.9","-0.1","하향",""
"Basic Pianist","305","IX","Hard","8.9","9.2","0.3","상향",""
"Basic Pianist","306","IX","Expert","11.8","11.6","-0.2","하향",""
"Basic Pianist","309","Idola","Hard","7.6","8.0","0.4","상향",""
"Basic Pianist","310","Idola","Expert","12.1","12.0","-0.1","하향",""
"Basic Pianist","311","Illegal Harmony","Normal","4.0","3.7","-0.3","하향",""
"Basic Pianist","313","Illegal Harmony","Expert","12.1","11.7","-0.4","하향",""
"Basic Pianist","314","Illegal Harmony","Real","12.6","12.5","-0.1","하향",""
"Basic Pianist","315","Indigo Nocturne","Normal","4.0","3.5","-0.5","하향",""
"Basic Pianist","317","Indigo Nocturne","Expert","11.9","11.7","-0.2","하향",""
"Basic Pianist","318","Indigo Nocturne","Real","13.2","13.0","-0.2","하향",""
"Basic Pianist","322","JOMANDA (BEMANI SYMPHONY NOSTALGIA mix)","Real","12.6","12.5","-0.1","하향",""
"Basic Pianist","323","Je te veux","Normal","3.0","3.5","0.5","상향",""
"Basic Pianist","324","Je te veux","Hard","6.0","6.5","0.5","상향",""
"Basic Pianist","325","Je te veux","Expert","7.9","7.7","-0.2","하향",""
"Basic Pianist","327","Jetcoaster Windy","Hard","6.8","7.0","0.2","상향",""
"Basic Pianist","328","Jetcoaster Windy","Expert","10.8","10.6","-0.2","하향",""
"Basic Pianist","329","Jetcoaster Windy","Real","12.2","12.3","0.1","상향",""
"Basic Pianist","330","Just Be Friends","Normal","2.0","2.1","0.1","상향",""
"Basic Pianist","332","Just Be Friends","Expert","9.0","9.1","0.1","상향",""
"Basic Pianist","333","KETER","Normal","4.0","3.7","-0.3","하향",""
"Basic Pianist","334","KETER","Hard","6.8","7.2","0.4","상향",""
"Basic Pianist","336","KETER","Real","12.0","11.9","-0.1","하향",""
"Basic Pianist","338","KOUYOU","Hard","5.9","6.1","0.2","상향",""
"Basic Pianist","339","KOUYOU","Expert","8.9","8.7","-0.2","하향",""
"Basic Pianist","340","LIKE A VAMPIRE","Normal","3.0","2.6","-0.4","하향",""
"Basic Pianist","342","LIKE A VAMPIRE","Expert","9.7","9.5","-0.2","하향",""
"Basic Pianist","343","LIKE A VAMPIRE","Real","12.0","11.9","-0.1","하향",""
"Basic Pianist","344","La fame di Adria","Normal","4.0","3.9","-0.1","하향",""
"Basic Pianist","345","La fame di Adria","Hard","8.0","7.9","-0.1","하향",""
"Basic Pianist","347","La fame di Adria","Real","12.6","12.5","-0.1","하향",""
"Basic Pianist","348","Lachryma《Re:Queen’M》 (BEMANI SYMPHONY NOSTALGIA mix)","Normal","4.0","4.1","0.1","상향",""
"Basic Pianist","349","Lachryma《Re:Queen’M》 (BEMANI SYMPHONY NOSTALGIA mix)","Hard","7.7","7.9","0.2","상향",""
"Basic Pianist","350","Lachryma《Re:Queen’M》 (BEMANI SYMPHONY NOSTALGIA mix)","Expert","12.2","12.1","-0.1","하향",""
"Basic Pianist","351","Lachryma《Re:Queen’M》 (BEMANI SYMPHONY NOSTALGIA mix)","Real","13.3","13.2","-0.1","하향",""
"Basic Pianist","352","Last Twilight","Normal","4.0","4.2","0.2","상향",""
"Basic Pianist","353","Last Twilight","Hard","7.0","7.5","0.5","상향",""
"Basic Pianist","356","Le Vent","Hard","8.1","8.3","0.2","상향",""
"Basic Pianist","357","Le Vent","Expert","10.8","11.2","0.4","상향",""
"Basic Pianist","358","Le Vent","Real","12.3","12.4","0.1","상향",""
"Basic Pianist","359","Leviathan","Normal","4.0","4.1","0.1","상향",""
"Basic Pianist","360","Leviathan","Hard","7.1","7.4","0.3","상향",""
"Basic Pianist","361","Leviathan","Expert","11.3","11.4","0.1","상향",""
"Basic Pianist","362","Leviathan","Real","12.8","12.7","-0.1","하향",""
"Basic Pianist","363","Life is beautiful","Normal","4.0","4.2","0.2","상향",""
"Basic Pianist","364","Life is beautiful","Hard","8.1","8.3","0.2","상향",""
"Basic Pianist","365","Life is beautiful","Expert","11.0","11.3","0.3","상향",""
"Basic Pianist","366","Limitation","Normal","3.0","2.8","-0.2","하향",""
"Basic Pianist","367","Limitation","Hard","6.0","6.2","0.2","상향",""
"Basic Pianist","368","Limitation","Expert","11.2","11.1","-0.1","하향",""
"Basic Pianist","369","Lisa-RICCIA (BEMANI SYMPHONY NOSTALGIA mix)","Normal","3.0","3.4","0.4","상향",""
"Basic Pianist","370","Lisa-RICCIA (BEMANI SYMPHONY NOSTALGIA mix)","Hard","7.8","7.9","0.1","상향",""
"Basic Pianist","372","Lisa-RICCIA (BEMANI SYMPHONY NOSTALGIA mix)","Real","13.2","13.1","-0.1","하향",""
"Basic Pianist","373","Little Prayer","Normal","4.0","4.1","0.1","상향",""
"Basic Pianist","374","Little Prayer","Hard","6.8","7.1","0.3","상향",""
"Basic Pianist","375","Little Prayer","Expert","11.7","11.6","-0.1","하향",""
"Basic Pianist","378","Lord=Crossight","Hard","7.8","8.0","0.2","상향",""
"Basic Pianist","379","Lord=Crossight","Expert","11.2","11.4","0.2","상향",""
"Basic Pianist","380","Lord=Crossight","Real","12.7","12.6","-0.1","하향",""
"Basic Pianist","381","MAGICAL SUMMER SMILE","Normal","4.0","4.1","0.1","상향",""
"Basic Pianist","382","MAGICAL SUMMER SMILE","Hard","6.7","6.9","0.2","상향",""
"Basic Pianist","383","MAGICAL SUMMER SMILE","Expert","11.1","11.3","0.2","상향",""
"Basic Pianist","384","MAGICAL SUMMER SMILE","Real","12.6","12.5","-0.1","하향",""
"Basic Pianist","385","MEGALOVANIA","Normal","4.0","3.6","-0.4","하향",""
"Basic Pianist","386","MEGALOVANIA","Hard","8.1","8.2","0.1","상향",""
"Basic Pianist","387","MEGALOVANIA","Expert","11.8","11.6","-0.2","하향",""
"Basic Pianist","388","MEGALOVANIA","Real","12.8","12.6","-0.2","하향",""
"Basic Pianist","389","MONOLITH","Normal","4.0","3.6","-0.4","하향",""
"Basic Pianist","391","MONOLITH","Expert","11.2","11.3","0.1","상향",""
"Basic Pianist","392","Manhattan","Normal","4.0","4.2","0.2","상향",""
"Basic Pianist","393","Manhattan","Hard","7.3","7.2","-0.1","하향",""
"Basic Pianist","394","Manhattan","Expert","10.0","10.1","0.1","상향",""
"Basic Pianist","395","Marigold (Jazzy Hip-Hop Remix)","Normal","3.0","2.5","-0.5","하향",""
"Basic Pianist","396","Marigold (Jazzy Hip-Hop Remix)","Hard","5.9","5.8","-0.1","하향",""
"Basic Pianist","397","Marigold (Jazzy Hip-Hop Remix)","Expert","10.6","10.5","-0.1","하향",""
"Basic Pianist","399","Metamorphic","Normal","4.0","3.6","-0.4","하향",""
"Basic Pianist","401","Metamorphic","Expert","11.6","11.5","-0.1","하향",""
"Basic Pianist","402","Metamorphic","Real","12.4","12.3","-0.1","하향",""
"Basic Pianist","403","Mighty Guy","Normal","3.0","2.6","-0.4","하향",""
"Basic Pianist","405","Mighty Guy","Expert","10.0","9.9","-0.1","하향",""
"Basic Pianist","406","Milky Way Star(Extended Ver.)","Normal","3.0","2.9","-0.1","하향",""
"Basic Pianist","408","Milky Way Star(Extended Ver.)","Expert","9.9","9.7","-0.2","하향",""
"Basic Pianist","409","Milky Way Star(Extended Ver.)","Real","11.9","11.8","-0.1","하향",""
"Basic Pianist","410","Miroir Riorim","Normal","5.0","5.3","0.3","상향",""
"Basic Pianist","411","Miroir Riorim","Hard","9.4","9.5","0.1","상향",""
"Basic Pianist","412","Miroir Riorim","Expert","12.2","12.0","-0.2","하향",""
"Basic Pianist","414","Missing in the snow","Hard","6.2","6.4","0.2","상향",""
"Basic Pianist","415","Missing in the snow","Expert","10.1","10.4","0.3","상향",""
"Basic Pianist","417","Moonstone","Normal","3.0","3.3","0.3","상향",""
"Basic Pianist","418","Moonstone","Hard","6.8","6.9","0.1","상향",""
"Basic Pianist","420","Moonstone","Real","12.7","12.8","0.1","상향",""
"Basic Pianist","421","My Little Snowman","Normal","3.0","2.9","-0.1","하향",""
"Basic Pianist","422","My Little Snowman","Hard","4.9","5.3","0.4","상향",""
"Basic Pianist","423","My Little Snowman","Expert","8.8","8.7","-0.1","하향",""
"Basic Pianist","425","My dear child, mother's arm","Normal","3.0","3.1","0.1","상향",""
"Basic Pianist","426","My dear child, mother's arm","Hard","5.0","5.5","0.5","상향",""
"Basic Pianist","427","My dear child, mother's arm","Expert","8.8","8.7","-0.1","하향",""
"Basic Pianist","428","NEGAI","Normal","3.0","3.2","0.2","상향",""
"Basic Pianist","429","NEGAI","Hard","7.0","7.2","0.2","상향",""
"Basic Pianist","430","NEGAI","Expert","11.0","11.1","0.1","상향",""
"Basic Pianist","431","NEGAI","Real","12.6","12.4","-0.2","하향",""
"Basic Pianist","432","Noah's song","Normal","3.0","3.4","0.4","상향",""
"Basic Pianist","434","Noah's song","Expert","9.3","9.1","-0.2","하향",""
"Basic Pianist","435","Noah's song","Real","11.1","10.9","-0.2","하향",""
"Basic Pianist","436","Noah's song of collapse","Normal","4.0","4.4","0.4","상향",""
"Basic Pianist","437","Noah's song of collapse","Hard","8.3","8.2","-0.1","하향",""
"Basic Pianist","438","Noah's song of collapse","Expert","12.3","11.7","-0.6","하향",""
"Basic Pianist","439","Noah's song of collapse","Real","13.3","12.9","-0.4","하향",""
"Basic Pianist","440","Northern Cross","Normal","5.0","4.9","-0.1","하향",""
"Basic Pianist","441","Northern Cross","Hard","8.0","8.2","0.2","상향",""
"Basic Pianist","444","Note d'Azur","Normal","4.0","3.8","-0.2","하향",""
"Basic Pianist","445","Note d'Azur","Hard","7.1","7.2","0.1","상향",""
"Basic Pianist","446","Note d'Azur","Expert","12.1","11.8","-0.3","하향",""
"Basic Pianist","449","On top of the world","Expert","12.0","11.9","-0.1","하향",""
"Basic Pianist","450","On top of the world","Real","12.6","12.7","0.1","상향",""
"Basic Pianist","451","Once Upon a Time / むかしむかし…","Normal","1.0","1.4","0.4","상향",""
"Basic Pianist","452","Once Upon a Time / むかしむかし…","Hard","5.1","5.3","0.2","상향",""
"Basic Pianist","453","Once Upon a Time / むかしむかし…","Expert","9.8","9.5","-0.3","하향",""
"Basic Pianist","454","Once Upon a Time / むかしむかし…","Real","12.3","11.7","-0.6","하향",""
"Basic Pianist","455","Owls","Normal","4.0","3.9","-0.1","하향",""
"Basic Pianist","456","Owls","Hard","7.0","6.9","-0.1","하향",""
"Basic Pianist","457","Owls","Expert","10.2","10.1","-0.1","하향",""
"Basic Pianist","458","Owls","Real","11.8","11.6","-0.2","하향",""
"Basic Pianist","459","PF flowing","Normal","4.0","4.4","0.4","상향",""
"Basic Pianist","460","PF flowing","Hard","8.3","8.4","0.1","상향",""
"Basic Pianist","461","PF flowing","Expert","11.0","11.1","0.1","상향",""
"Basic Pianist","462","PF flowing","Real","12.0","11.9","-0.1","하향",""
"Basic Pianist","463","PLEASURE STREAM","Normal","5.0","4.6","-0.4","하향",""
"Basic Pianist","464","PLEASURE STREAM","Hard","8.3","8.2","-0.1","하향",""
"Basic Pianist","465","PLEASURE STREAM","Expert","9.9","10.3","0.4","상향",""
"Basic Pianist","466","PLEASURE STREAM","Real","11.2","11.4","0.2","상향",""
"Basic Pianist","467","PON☆PON☆PARADE","Normal","3.0","2.9","-0.1","하향",""
"Basic Pianist","468","PON☆PON☆PARADE","Hard","6.7","6.6","-0.1","하향",""
"Basic Pianist","470","PON☆PON☆PARADE","Real","12.3","12.4","0.1","상향",""
"Basic Pianist","471","PUNISHER","Normal","4.0","3.5","-0.5","하향",""
"Basic Pianist","473","PUNISHER","Expert","9.8","10.0","0.2","상향",""
"Basic Pianist","475","Pee-wee Boogie","Normal","5.0","5.2","0.2","상향",""
"Basic Pianist","476","Pee-wee Boogie","Hard","8.2","8.5","0.3","상향",""
"Basic Pianist","477","Pee-wee Boogie","Expert","11.4","11.5","0.1","상향",""
"Basic Pianist","478","Pee-wee Boogie","Real","12.6","12.7","0.1","상향",""
"Basic Pianist","479","Petite Queen","Normal","4.0","4.3","0.3","상향",""
"Basic Pianist","480","Petite Queen","Hard","6.9","7.3","0.4","상향",""
"Basic Pianist","481","Petite Queen","Expert","10.9","11.4","0.5","상향",""
"Basic Pianist","482","Petite Queen","Real","12.1","12.4","0.3","상향",""
"Basic Pianist","483","Philsomia","Normal","4.0","4.4","0.4","상향",""
"Basic Pianist","484","Philsomia","Hard","7.1","7.5","0.4","상향",""
"Basic Pianist","485","Philsomia","Expert","12.2","12.1","-0.1","하향",""
"Basic Pianist","486","Ping×Pong×Dash","Normal","3.0","3.4","0.4","상향",""
"Basic Pianist","487","Ping×Pong×Dash","Hard","4.8","5.3","0.5","상향",""
"Basic Pianist","488","Ping×Pong×Dash","Expert","7.8","7.6","-0.2","하향",""
"Basic Pianist","489","Ping×Pong×Dash","Real","11.0","11.2","0.2","상향",""
"Basic Pianist","490","Pink Rose","Normal","4.0","3.9","-0.1","하향",""
"Basic Pianist","492","Pink Rose","Expert","8.9","8.8","-0.1","하향",""
"Basic Pianist","493","Preserved Valkyria","Normal","6.0","5.7","-0.3","하향",""
"Basic Pianist","494","Preserved Valkyria","Hard","9.3","9.5","0.2","상향",""
"Basic Pianist","495","Preserved Valkyria","Expert","10.9","11.2","0.3","상향",""
"Basic Pianist","496","Preserved Valkyria","Real","12.7","13.0","0.3","상향",""
"Basic Pianist","497","Presto","Normal","4.0","3.7","-0.3","하향",""
"Basic Pianist","498","Presto","Hard","7.4","7.2","-0.2","하향",""
"Basic Pianist","499","Presto","Expert","12.1","11.7","-0.4","하향",""
"Basic Pianist","500","Prey","Normal","5.0","5.2","0.2","상향",""
"Basic Pianist","501","Prey","Hard","9.3","9.4","0.1","상향",""
"Basic Pianist","502","Prey","Expert","12.2","11.9","-0.3","하향",""
"Basic Pianist","503","Puberty Dysthymia","Normal","4.0","4.4","0.4","상향",""
"Basic Pianist","504","Puberty Dysthymia","Hard","6.8","7.4","0.6","상향",""
"Basic Pianist","505","Puberty Dysthymia","Expert","11.1","11.5","0.4","상향",""
"Basic Pianist","506","REcorrection","Normal","3.0","2.6","-0.4","하향",""
"Basic Pianist","507","REcorrection","Hard","5.9","5.8","-0.1","하향",""
"Basic Pianist","508","REcorrection","Expert","10.6","10.5","-0.1","하향",""
"Basic Pianist","509","REcorrection","Real","11.5","11.6","0.1","상향",""
"Basic Pianist","510","ROOM","Normal","3.0","2.9","-0.1","하향",""
"Basic Pianist","511","ROOM","Hard","5.8","6.1","0.3","상향",""
"Basic Pianist","512","ROOM","Expert","9.9","9.8","-0.1","하향",""
"Basic Pianist","513","Rampage☆Rag","Normal","4.0","3.8","-0.2","하향",""
"Basic Pianist","514","Rampage☆Rag","Hard","8.2","8.1","-0.1","하향",""
"Basic Pianist","515","Rampage☆Rag","Expert","12.0","11.7","-0.3","하향",""
"Basic Pianist","518","Rapunzel","Hard","6.1","6.4","0.3","상향",""
"Basic Pianist","519","Rapunzel","Expert","8.8","8.9","0.1","상향",""
"Basic Pianist","520","Rapunzel","Real","10.8","11.0","0.2","상향",""
"Basic Pianist","521","Red Cape Theorem","Normal","4.0","3.9","-0.1","하향",""
"Basic Pianist","522","Red Cape Theorem","Hard","6.7","6.8","0.1","상향",""
"Basic Pianist","523","Red Cape Theorem","Expert","11.0","10.9","-0.1","하향",""
"Basic Pianist","524","Red Cape Theorem","Real","12.1","12.0","-0.1","하향",""
"Basic Pianist","525","Rejoin","Normal","4.0","4.4","0.4","상향",""
"Basic Pianist","526","Rejoin","Hard","6.9","7.2","0.3","상향",""
"Basic Pianist","527","Rejoin","Expert","11.0","11.3","0.3","상향",""
"Basic Pianist","528","Replica","Normal","5.0","4.6","-0.4","하향",""
"Basic Pianist","530","Replica","Expert","9.0","8.7","-0.3","하향",""
"Basic Pianist","531","Replica","Real","10.7","10.6","-0.1","하향",""
"Basic Pianist","532","Ride on the Light","Normal","4.0","3.5","-0.5","하향",""
"Basic Pianist","533","Ride on the Light","Hard","6.0","6.1","0.1","상향",""
"Basic Pianist","534","Ride on the Light","Expert","9.0","8.9","-0.1","하향",""
"Basic Pianist","535","SAMBA DE NISHI-NIPPON","Normal","3.0","3.3","0.3","상향",""
"Basic Pianist","536","SAMBA DE NISHI-NIPPON","Hard","7.1","7.5","0.4","상향",""
"Basic Pianist","537","SAMBA DE NISHI-NIPPON","Expert","12.1","11.9","-0.2","하향",""
"Basic Pianist","538","SHION","Normal","3.0","2.7","-0.3","하향",""
"Basic Pianist","540","SHION","Expert","9.8","9.7","-0.1","하향",""
"Basic Pianist","541","SHION","Real","12.4","12.3","-0.1","하향",""
"Basic Pianist","542","STULTI","Normal","4.0","3.8","-0.2","하향",""
"Basic Pianist","543","STULTI","Hard","7.7","7.8","0.1","상향",""
"Basic Pianist","544","STULTI","Expert","11.8","11.6","-0.2","하향",""
"Basic Pianist","546","SUPER SUMMER SALE","Normal","3.0","3.1","0.1","상향",""
"Basic Pianist","547","SUPER SUMMER SALE","Hard","7.2","7.3","0.1","상향",""
"Basic Pianist","548","SUPER SUMMER SALE","Expert","11.0","10.8","-0.2","하향",""
"Basic Pianist","549","Sakura Sunrise","Normal","5.0","5.1","0.1","상향",""
"Basic Pianist","550","Sakura Sunrise","Hard","9.1","9.4","0.3","상향",""
"Basic Pianist","551","Sakura Sunrise","Expert","12.1","11.8","-0.3","하향",""
"Basic Pianist","552","Scandal","Normal","4.0","4.3","0.3","상향",""
"Basic Pianist","553","Scandal","Hard","7.1","7.4","0.3","상향",""
"Basic Pianist","554","Scandal","Expert","11.1","11.3","0.2","상향",""
"Basic Pianist","555","Seyana.～何でも言うことを聞いてくれるアカネチャン～","Normal","4.0","3.9","-0.1","하향",""
"Basic Pianist","556","Seyana.～何でも言うことを聞いてくれるアカネチャン～","Hard","6.9","7.2","0.3","상향",""
"Basic Pianist","557","Seyana.～何でも言うことを聞いてくれるアカネチャン～","Expert","10.9","11.2","0.3","상향",""
"Basic Pianist","558","Seyana.～何でも言うことを聞いてくれるアカネチャン～","Real","12.1","12.2","0.1","상향",""
"Basic Pianist","559","She Is On The Lemon Tree","Normal","3.0","3.4","0.4","상향",""
"Basic Pianist","560","She Is On The Lemon Tree","Hard","5.1","5.5","0.4","상향",""
"Basic Pianist","561","She Is On The Lemon Tree","Expert","8.0","7.6","-0.4","하향",""
"Basic Pianist","562","She Is On The Lemon Tree","Real","11.0","11.2","0.2","상향",""
"Basic Pianist","563","Shoot the Moon","Normal","3.0","3.1","0.1","상향",""
"Basic Pianist","564","Shoot the Moon","Hard","6.1","6.3","0.2","상향",""
"Basic Pianist","565","Shoot the Moon","Expert","10.9","10.8","-0.1","하향",""
"Basic Pianist","566","Six String Proof(NOSTALGIA Style)","Normal","5.0","4.8","-0.2","하향",""
"Basic Pianist","567","Six String Proof(NOSTALGIA Style)","Hard","8.0","8.3","0.3","상향",""
"Basic Pianist","568","Six String Proof(NOSTALGIA Style)","Expert","11.3","11.5","0.2","상향",""
"Basic Pianist","569","Somnio","Normal","2.0","2.4","0.4","상향",""
"Basic Pianist","570","Somnio","Hard","5.8","6.4","0.6","상향",""
"Basic Pianist","571","Somnio","Expert","8.9","9.0","0.1","상향",""
"Basic Pianist","572","Somnio","Real","10.9","11.1","0.2","상향",""
"Basic Pianist","573","Sparkle Smilin'","Normal","3.0","2.9","-0.1","하향",""
"Basic Pianist","575","Sparkle Smilin'","Expert","10.0","9.9","-0.1","하향",""
"Basic Pianist","577","Spica","Normal","5.0","4.7","-0.3","하향",""
"Basic Pianist","578","Spica","Hard","7.1","7.0","-0.1","하향",""
"Basic Pianist","579","Spica","Expert","11.8","11.6","-0.2","하향",""
"Basic Pianist","580","Spica","Real","12.7","12.6","-0.1","하향",""
"Basic Pianist","581","Starlight Fantasia","Normal","5.0","4.8","-0.2","하향",""
"Basic Pianist","582","Starlight Fantasia","Hard","7.3","7.4","0.1","상향",""
"Basic Pianist","583","Starlight Fantasia","Expert","10.1","10.4","0.3","상향",""
"Basic Pianist","585","Stella Sinistra","Normal","4.0","3.5","-0.5","하향",""
"Basic Pianist","587","Stella Sinistra","Expert","10.9","10.6","-0.3","하향",""
"Basic Pianist","588","Stella Sinistra","Real","12.2","11.7","-0.5","하향",""
"Basic Pianist","589","Storm of Suspicion","Normal","3.0","2.7","-0.3","하향",""
"Basic Pianist","590","Storm of Suspicion","Hard","6.7","6.6","-0.1","하향",""
"Basic Pianist","591","Storm of Suspicion","Expert","11.1","11.0","-0.1","하향",""
"Basic Pianist","592","Storm of Suspicion","Real","12.5","12.3","-0.2","하향",""
"Basic Pianist","593","Surf on the Light","Normal","4.0","4.3","0.3","상향",""
"Basic Pianist","594","Surf on the Light","Hard","6.9","7.1","0.2","상향",""
"Basic Pianist","596","Surf on the Light","Real","11.9","12.0","0.1","상향",""
"Basic Pianist","597","Sweet tea","Normal","3.0","2.6","-0.4","하향",""
"Basic Pianist","600","Synergy For Angels Forever","Normal","3.0","2.7","-0.3","하향",""
"Basic Pianist","601","Synergy For Angels Forever","Hard","6.7","6.6","-0.1","하향",""
"Basic Pianist","602","Synergy For Angels Forever","Expert","10.6","10.5","-0.1","하향",""
"Basic Pianist","603","Synergy For Angels Forever","Real","12.0","11.7","-0.3","하향",""
"Basic Pianist","604","TAKUMI／匠","Normal","2.0","2.4","0.4","상향",""
"Basic Pianist","605","TAKUMI／匠","Hard","6.3","6.4","0.1","상향",""
"Basic Pianist","606","TAKUMI／匠","Expert","8.8","8.9","0.1","상향",""
"Basic Pianist","607","THE WORLD REVOLVING","Normal","4.0","4.2","0.2","상향",""
"Basic Pianist","608","THE WORLD REVOLVING","Hard","6.7","7.0","0.3","상향",""
"Basic Pianist","609","THE WORLD REVOLVING","Expert","11.9","11.8","-0.1","하향",""
"Basic Pianist","610","THE WORLD REVOLVING","Real","12.6","12.7","0.1","상향",""
"Basic Pianist","611","TRUTH behind U","Normal","4.0","3.9","-0.1","하향",""
"Basic Pianist","612","TRUTH behind U","Hard","7.3","7.5","0.2","상향",""
"Basic Pianist","613","TRUTH behind U","Expert","12.1","12.0","-0.1","하향",""
"Basic Pianist","614","Tapioca","Normal","4.0","3.5","-0.5","하향",""
"Basic Pianist","617","Tapioca","Real","12.2","12.0","-0.2","하향",""
"Basic Pianist","620","Tea for Two","Expert","9.0","8.8","-0.2","하향",""
"Basic Pianist","622","Terminus of Reminiscence","Normal","3.0","2.5","-0.5","하향",""
"Basic Pianist","623","Terminus of Reminiscence","Hard","6.0","5.7","-0.3","하향",""
"Basic Pianist","624","Terminus of Reminiscence","Expert","11.1","10.5","-0.6","하향",""
"Basic Pianist","625","Terminus of Reminiscence","Real","12.0","11.5","-0.5","하향",""
"Basic Pianist","626","The Dynamics of an Asteroid","Normal","4.0","3.9","-0.1","하향",""
"Basic Pianist","627","The Dynamics of an Asteroid","Hard","6.7","6.8","0.1","상향",""
"Basic Pianist","628","The Dynamics of an Asteroid","Expert","12.2","11.9","-0.3","하향",""
"Basic Pianist","629","The Dynamics of an Asteroid","Real","12.7","12.6","-0.1","하향",""
"Basic Pianist","630","The Entertainer","Normal","4.0","4.4","0.4","상향",""
"Basic Pianist","631","The Entertainer","Hard","6.1","6.5","0.4","상향",""
"Basic Pianist","632","The Entertainer","Expert","7.8","7.7","-0.1","하향",""
"Basic Pianist","633","The Least 100sec","Normal","3.0","3.2","0.2","상향",""
"Basic Pianist","635","The Least 100sec","Expert","12.4","11.9","-0.5","하향",""
"Basic Pianist","636","The Nameless","Normal","4.0","3.9","-0.1","하향",""
"Basic Pianist","637","The Nameless","Hard","6.8","7.0","0.2","상향",""
"Basic Pianist","638","The Nameless","Expert","12.1","11.9","-0.2","하향",""
"Basic Pianist","639","The Nameless","Real","13.0","12.7","-0.3","하향",""
"Basic Pianist","640","The Pinnacle","Normal","4.0","3.8","-0.2","하향",""
"Basic Pianist","641","The Pinnacle","Hard","5.8","5.9","0.1","상향",""
"Basic Pianist","642","The Pinnacle","Expert","12.2","11.6","-0.6","하향",""
"Basic Pianist","643","The Pinnacle","Real","12.4","12.3","-0.1","하향",""
"Basic Pianist","644","The Splendid Expression","Normal","4.0","4.3","0.3","상향",""
"Basic Pianist","646","The Splendid Expression","Expert","12.0","11.9","-0.1","하향",""
"Basic Pianist","647","The Splendid Expression","Real","13.3","13.2","-0.1","하향",""
"Basic Pianist","648","The way to the castle","Normal","4.0","3.6","-0.4","하향",""
"Basic Pianist","649","The way to the castle","Hard","6.8","6.7","-0.1","하향",""
"Basic Pianist","650","The way to the castle","Expert","11.2","11.0","-0.2","하향",""
"Basic Pianist","651","The way to the castle","Real","12.6","12.5","-0.1","하향",""
"Basic Pianist","652","Theme of Ricerca","Normal","5.0","5.1","0.1","상향",""
"Basic Pianist","653","Theme of Ricerca","Hard","7.1","7.4","0.3","상향",""
"Basic Pianist","654","Theme of Ricerca","Expert","8.9","9.1","0.2","상향",""
"Basic Pianist","655","Timepiece phase II","Normal","5.0","4.8","-0.2","하향",""
"Basic Pianist","657","Timepiece phase II","Expert","12.2","11.9","-0.3","하향",""
"Basic Pianist","659","Towards the TOWER","Hard","7.1","7.2","0.1","상향",""
"Basic Pianist","660","Towards the TOWER","Expert","11.4","11.3","-0.1","하향",""
"Basic Pianist","661","Trill auf G(NOSTALGIA Style)","Normal","4.0","3.8","-0.2","하향",""
"Basic Pianist","662","Trill auf G(NOSTALGIA Style)","Hard","7.2","7.3","0.1","상향",""
"Basic Pianist","665","Triple Cross","Hard","6.8","6.9","0.1","상향",""
"Basic Pianist","666","Triple Cross","Expert","11.0","10.8","-0.2","하향",""
"Basic Pianist","667","Triple Cross","Real","12.7","12.4","-0.3","하향",""
"Basic Pianist","668","True Blue","Normal","5.0","4.5","-0.5","하향",""
"Basic Pianist","670","True Blue","Expert","11.1","11.2","0.1","상향",""
"Basic Pianist","671","True Blue","Real","12.6","12.4","-0.2","하향",""
"Basic Pianist","673","Turn the story","Hard","6.9","7.2","0.3","상향",""
"Basic Pianist","674","Turn the story","Expert","11.1","10.9","-0.2","하향",""
"Basic Pianist","675","Turn the story","Real","12.7","12.6","-0.1","하향",""
"Basic Pianist","676","Twinkle Wonderland","Normal","5.0","4.5","-0.5","하향",""
"Basic Pianist","677","Twinkle Wonderland","Hard","7.2","6.8","-0.4","하향",""
"Basic Pianist","678","Twinkle Wonderland","Expert","9.2","8.9","-0.3","하향",""
"Basic Pianist","679","Twinkle Wonderland","Real","11.4","11.5","0.1","상향",""
"Basic Pianist","680","U.N.オーエンは彼女なのか？","Normal","3.0","3.2","0.2","상향",""
"Basic Pianist","681","U.N.オーエンは彼女なのか？","Hard","8.1","8.3","0.2","상향",""
"Basic Pianist","682","U.N.オーエンは彼女なのか？","Expert","12.2","12.1","-0.1","하향",""
"Basic Pianist","683","U.N.オーエンは彼女なのか？","Real","12.9","12.7","-0.2","하향",""
"Basic Pianist","684","Ubertreffen","Normal","5.0","5.2","0.2","상향",""
"Basic Pianist","685","Ubertreffen","Hard","10.0","10.5","0.5","상향",""
"Basic Pianist","686","Ubertreffen","Expert","12.2","11.8","-0.4","하향",""
"Basic Pianist","687","Ubertreffen","Real","13.8","13.5","-0.3","하향",""
"Basic Pianist","688","Un Happy Heart","Normal","3.0","2.8","-0.2","하향",""
"Basic Pianist","689","Un Happy Heart","Hard","6.0","6.3","0.3","상향",""
"Basic Pianist","690","Un Happy Heart","Expert","9.2","9.1","-0.1","하향",""
"Basic Pianist","691","Un Happy Heart","Real","10.7","11.1","0.4","상향",""
"Basic Pianist","692","Urban Life","Normal","4.0","4.1","0.1","상향",""
"Basic Pianist","693","Urban Life","Hard","6.1","6.4","0.3","상향",""
"Basic Pianist","694","Urban Life","Expert","9.1","9.0","-0.1","하향",""
"Basic Pianist","695","VALKYRIAS -英雄誕生-","Normal","4.0","4.1","0.1","상향",""
"Basic Pianist","696","VALKYRIAS -英雄誕生-","Hard","7.9","8.0","0.1","상향",""
"Basic Pianist","697","VALKYRIAS -英雄誕生-","Expert","10.8","11.1","0.3","상향",""
"Basic Pianist","698","VALKYRIAS -英雄誕生-","Real","12.5","12.6","0.1","상향",""
"Basic Pianist","699","VALLIS-NERIA (BEMANI SYMPHONY NOSTALGIA mix)","Normal","3.0","3.1","0.1","상향",""
"Basic Pianist","700","VALLIS-NERIA (BEMANI SYMPHONY NOSTALGIA mix)","Hard","6.8","7.0","0.2","상향",""
"Basic Pianist","702","VALLIS-NERIA (BEMANI SYMPHONY NOSTALGIA mix)","Real","12.7","12.6","-0.1","하향",""
"Basic Pianist","703","VOLAQUAS","Normal","5.0","4.7","-0.3","하향",""
"Basic Pianist","704","VOLAQUAS","Hard","7.6","7.7","0.1","상향",""
"Basic Pianist","705","VOLAQUAS","Expert","12.0","11.9","-0.1","하향",""
"Basic Pianist","706","VOLAQUAS","Real","13.3","13.2","-0.1","하향",""
"Basic Pianist","707","Vide Nostalgia","Normal","4.0","4.5","0.5","상향",""
"Basic Pianist","708","Vide Nostalgia","Hard","8.2","8.5","0.3","상향",""
"Basic Pianist","709","Vide Nostalgia","Expert","12.2","12.1","-0.1","하향",""
"Basic Pianist","710","Vide Nostalgia","Real","12.9","12.7","-0.2","하향",""
"Basic Pianist","711","Vinculum stellarum","Normal","4.0","4.4","0.4","상향",""
"Basic Pianist","712","Vinculum stellarum","Hard","7.8","8.1","0.3","상향",""
"Basic Pianist","713","Vinculum stellarum","Expert","12.2","12.0","-0.2","하향",""
"Basic Pianist","714","Vinculum stellarum","Real","13.5","13.2","-0.3","하향",""
"Basic Pianist","715","Voca Nostalgia","Normal","3.0","3.5","0.5","상향",""
"Basic Pianist","716","Voca Nostalgia","Hard","6.8","7.4","0.6","상향",""
"Basic Pianist","717","Voca Nostalgia","Expert","12.1","12.2","0.1","상향",""
"Basic Pianist","718","Volcanos","Normal","4.0","3.6","-0.4","하향",""
"Basic Pianist","719","Volcanos","Hard","7.1","7.2","0.1","상향",""
"Basic Pianist","720","Volcanos","Expert","11.2","11.4","0.2","상향",""
"Basic Pianist","723","Votum Stellarum","Hard","8.0","8.4","0.4","상향",""
"Basic Pianist","724","Votum Stellarum","Expert","12.2","12.0","-0.2","하향",""
"Basic Pianist","725","Votum Stellarum","Real","13.2","13.1","-0.1","하향",""
"Basic Pianist","726","Voyager","Normal","3.0","3.4","0.4","상향",""
"Basic Pianist","727","Voyager","Hard","7.3","7.4","0.1","상향",""
"Basic Pianist","728","Voyager","Expert","10.1","10.3","0.2","상향",""
"Basic Pianist","730","WHITEOUT","Normal","4.0","3.9","-0.1","하향",""
"Basic Pianist","731","WHITEOUT","Hard","7.7","7.8","0.1","상향",""
"Basic Pianist","732","WHITEOUT","Expert","11.7","11.6","-0.1","하향",""
"Basic Pianist","733","WHITEOUT","Real","12.9","12.8","-0.1","하향",""
"Basic Pianist","734","WONDERLAND","Normal","3.0","2.6","-0.4","하향",""
"Basic Pianist","735","WONDERLAND","Hard","4.7","5.1","0.4","상향",""
"Basic Pianist","736","WONDERLAND","Expert","8.7","8.6","-0.1","하향",""
"Basic Pianist","737","WONDERLAND","Real","12.0","11.7","-0.3","하향",""
"Basic Pianist","738","Welcome to pop'n fantasy","Normal","4.0","3.7","-0.3","하향",""
"Basic Pianist","740","Welcome to pop'n fantasy","Expert","10.9","10.8","-0.1","하향",""
"Basic Pianist","741","Welcome to pop'n fantasy","Real","12.0","12.1","0.1","상향",""
"Basic Pianist","742","Windy Fairy","Normal","4.0","4.2","0.2","상향",""
"Basic Pianist","743","Windy Fairy","Hard","8.0","8.3","0.3","상향",""
"Basic Pianist","744","Windy Fairy","Expert","11.3","11.1","-0.2","하향",""
"Basic Pianist","745","Yum Yum Sweetie","Normal","4.0","4.2","0.2","상향",""
"Basic Pianist","746","Yum Yum Sweetie","Hard","8.1","8.3","0.2","상향",""
"Basic Pianist","747","Yum Yum Sweetie","Expert","11.9","11.7","-0.2","하향",""
"Basic Pianist","748","Yum Yum Sweetie","Real","12.9","12.8","-0.1","하향",""
"Basic Pianist","749","ambages","Normal","6.0","5.7","-0.3","하향",""
"Basic Pianist","750","ambages","Hard","9.2","9.5","0.3","상향",""
"Basic Pianist","751","ambages","Expert","12.4","12.2","-0.2","하향",""
"Basic Pianist","752","ambages","Real","13.6","14.2","0.6","상향",""
"Basic Pianist","753","break through the clouds","Normal","3.0","2.8","-0.2","하향",""
"Basic Pianist","754","break through the clouds","Hard","7.1","7.2","0.1","상향",""
"Basic Pianist","756","break through the clouds","Real","12.2","12.0","-0.2","하향",""
"Basic Pianist","757","chaplet","Normal","4.0","3.8","-0.2","하향",""
"Basic Pianist","759","chaplet","Expert","12.0","11.7","-0.3","하향",""
"Basic Pianist","760","chaplet","Real","12.9","12.8","-0.1","하향",""
"Basic Pianist","761","concon ～live pf addition～","Normal","4.0","3.9","-0.1","하향",""
"Basic Pianist","762","concon ～live pf addition～","Hard","7.0","7.2","0.2","상향",""
"Basic Pianist","763","concon ～live pf addition～","Expert","11.0","11.1","0.1","상향",""
"Basic Pianist","764","crAtus","Normal","6.0","5.6","-0.4","하향",""
"Basic Pianist","765","crAtus","Hard","9.0","9.3","0.3","상향",""
"Basic Pianist","766","crAtus","Expert","12.7","12.2","-0.5","하향",""
"Basic Pianist","767","crAtus","Real","13.7","13.6","-0.1","하향",""
"Basic Pianist","768","fallen leaves","Normal","5.0","4.6","-0.4","하향",""
"Basic Pianist","769","fallen leaves","Hard","8.0","7.8","-0.2","하향",""
"Basic Pianist","770","fallen leaves","Expert","12.3","11.8","-0.5","하향",""
"Basic Pianist","771","felys","Normal","3.0","3.1","0.1","상향",""
"Basic Pianist","772","felys","Hard","7.2","7.3","0.1","상향",""
"Basic Pianist","773","felys","Expert","9.9","10.2","0.3","상향",""
"Basic Pianist","774","felys","Real","12.4","12.3","-0.1","하향",""
"Basic Pianist","775","flee for free!!","Normal","4.0","4.4","0.4","상향",""
"Basic Pianist","776","flee for free!!","Hard","6.1","6.5","0.4","상향",""
"Basic Pianist","778","flee for free!!","Real","12.1","12.4","0.3","상향",""
"Basic Pianist","779","garden","Normal","5.0","4.7","-0.3","하향",""
"Basic Pianist","780","garden","Hard","7.0","7.2","0.2","상향",""
"Basic Pianist","781","garden","Expert","11.0","11.1","0.1","상향",""
"Basic Pianist","782","insist","Normal","4.0","3.8","-0.2","하향",""
"Basic Pianist","783","insist","Hard","7.4","7.3","-0.1","하향",""
"Basic Pianist","784","insist","Expert","9.9","10.1","0.2","상향",""
"Basic Pianist","785","ivy of rutiles","Normal","5.0","4.7","-0.3","하향",""
"Basic Pianist","787","ivy of rutiles","Expert","12.3","12.0","-0.3","하향",""
"Basic Pianist","788","ivy of rutiles","Real","13.4","13.2","-0.2","하향",""
"Basic Pianist","789","little runaway","Normal","3.0","2.9","-0.1","하향",""
"Basic Pianist","791","little runaway","Expert","9.2","9.0","-0.2","하향",""
"Basic Pianist","792","little runaway","Real","11.3","11.4","0.1","상향",""
"Basic Pianist","793","mariposa","Normal","4.0","3.6","-0.4","하향",""
"Basic Pianist","794","mariposa","Hard","6.7","6.6","-0.1","하향",""
"Basic Pianist","795","mariposa","Expert","10.5","10.6","0.1","상향",""
"Basic Pianist","796","mariposa","Real","11.4","11.5","0.1","상향",""
"Basic Pianist","797","minne","Normal","3.0","3.4","0.4","상향",""
"Basic Pianist","798","minne","Hard","5.9","6.3","0.4","상향",""
"Basic Pianist","800","minne","Real","11.3","11.1","-0.2","하향",""
"Basic Pianist","801","mint candy ☆ citrus drop","Normal","3.0","2.7","-0.3","하향",""
"Basic Pianist","802","mint candy ☆ citrus drop","Hard","4.8","5.4","0.6","상향",""
"Basic Pianist","803","mint candy ☆ citrus drop","Expert","8.9","9.0","0.1","상향",""
"Basic Pianist","804","mint candy ☆ citrus drop","Real","11.4","11.6","0.2","상향",""
"Basic Pianist","805","morning music","Normal","4.0","3.6","-0.4","하향",""
"Basic Pianist","807","morning music","Expert","7.7","7.5","-0.2","하향",""
"Basic Pianist","808","morning music","Real","10.6","10.5","-0.1","하향",""
"Basic Pianist","809","murmur twins","Normal","5.0","4.6","-0.4","하향",""
"Basic Pianist","810","murmur twins","Hard","8.0","7.9","-0.1","하향",""
"Basic Pianist","812","murmur twins","Real","12.6","12.5","-0.1","하향",""
"Basic Pianist","813","nalca","Normal","3.0","3.1","0.1","상향",""
"Basic Pianist","814","nalca","Hard","7.1","7.0","-0.1","하향",""
"Basic Pianist","815","nalca","Expert","10.9","10.8","-0.1","하향",""
"Basic Pianist","816","nalca","Real","12.5","12.4","-0.1","하향",""
"Basic Pianist","817","neko fun jitter","Normal","4.0","4.1","0.1","상향",""
"Basic Pianist","818","neko fun jitter","Hard","6.2","6.4","0.2","상향",""
"Basic Pianist","819","neko fun jitter","Expert","7.9","7.7","-0.2","하향",""
"Basic Pianist","821","neko*neko","Normal","3.0","2.8","-0.2","하향",""
"Basic Pianist","822","neko*neko","Hard","5.9","6.1","0.2","상향",""
"Basic Pianist","824","neko*neko","Real","10.9","11.0","0.1","상향",""
"Basic Pianist","825","neu","Normal","5.0","4.6","-0.4","하향",""
"Basic Pianist","827","neu","Expert","7.8","7.5","-0.3","하향",""
"Basic Pianist","828","neu","Real","9.8","9.5","-0.3","하향",""
"Basic Pianist","829","neu*","Normal","5.0","5.1","0.1","상향",""
"Basic Pianist","830","neu*","Hard","8.7","9.2","0.5","상향",""
"Basic Pianist","831","neu*","Expert","11.8","11.7","-0.1","하향",""
"Basic Pianist","832","neu*","Real","13.6","14.2","0.6","상향",""
"Basic Pianist","833","nostos","Normal","5.0","5.2","0.2","상향",""
"Basic Pianist","834","nostos","Hard","8.3","8.4","0.1","상향",""
"Basic Pianist","835","nostos","Expert","11.3","11.4","0.1","상향",""
"Basic Pianist","836","nostos","Real","12.6","12.5","-0.1","하향",""
"Basic Pianist","837","nostos algos","Normal","3.0","2.9","-0.1","하향",""
"Basic Pianist","838","nostos algos","Hard","5.8","5.9","0.1","상향",""
"Basic Pianist","839","nostos algos","Expert","11.1","10.9","-0.2","하향",""
"Basic Pianist","840","nostos algos","Real","12.5","12.4","-0.1","하향",""
"Basic Pianist","841","n番目の女","Normal","3.0","3.3","0.3","상향",""
"Basic Pianist","842","n番目の女","Hard","7.2","7.1","-0.1","하향",""
"Basic Pianist","845","perditus†paradisus (BEMANI SYMPHONY NOSTALGIA mix)","Hard","8.8","9.2","0.4","상향",""
"Basic Pianist","846","perditus†paradisus (BEMANI SYMPHONY NOSTALGIA mix)","Expert","12.3","12.1","-0.2","하향",""
"Basic Pianist","847","perditus†paradisus (BEMANI SYMPHONY NOSTALGIA mix)","Real","13.8","13.7","-0.1","하향",""
"Basic Pianist","848","phantasmagoria","Normal","5.0","5.2","0.2","상향",""
"Basic Pianist","849","phantasmagoria","Hard","7.9","8.1","0.2","상향",""
"Basic Pianist","851","phantasmagoria","Real","12.1","12.0","-0.1","하향",""
"Basic Pianist","852","printemps","Normal","4.0","3.7","-0.3","하향",""
"Basic Pianist","855","printemps","Real","12.0","11.8","-0.2","하향",""
"Basic Pianist","856","robotip phactory","Normal","4.0","4.1","0.1","상향",""
"Basic Pianist","857","robotip phactory","Hard","7.0","7.3","0.3","상향",""
"Basic Pianist","858","robotip phactory","Expert","11.0","11.3","0.3","상향",""
"Basic Pianist","860","say...but in vain","Normal","4.0","4.4","0.4","상향",""
"Basic Pianist","862","say...but in vain","Expert","11.2","11.4","0.2","상향",""
"Basic Pianist","863","say...but in vain","Real","12.5","12.4","-0.1","하향",""
"Basic Pianist","864","smooooch・∀・ (BEMANI SYMPHONY NOSTALGIA mix)","Normal","3.0","3.4","0.4","상향",""
"Basic Pianist","866","smooooch・∀・ (BEMANI SYMPHONY NOSTALGIA mix)","Expert","10.7","10.8","0.1","상향",""
"Basic Pianist","868","starmine (BEMANI SYMPHONY NOSTALGIA mix)","Normal","4.0","4.3","0.3","상향",""
"Basic Pianist","869","starmine (BEMANI SYMPHONY NOSTALGIA mix)","Hard","6.7","6.9","0.2","상향",""
"Basic Pianist","870","starmine (BEMANI SYMPHONY NOSTALGIA mix)","Expert","9.7","10.0","0.3","상향",""
"Basic Pianist","871","starmine (BEMANI SYMPHONY NOSTALGIA mix)","Real","11.9","12.1","0.2","상향",""
"Basic Pianist","872","storia","Normal","4.0","4.3","0.3","상향",""
"Basic Pianist","874","storia","Expert","10.9","11.0","0.1","상향",""
"Basic Pianist","875","storia","Real","11.8","11.7","-0.1","하향",""
"Basic Pianist","876","tears proof masquerade","Normal","5.0","4.9","-0.1","하향",""
"Basic Pianist","877","tears proof masquerade","Hard","8.3","8.2","-0.1","하향",""
"Basic Pianist","878","tears proof masquerade","Expert","12.1","12.0","-0.1","하향",""
"Basic Pianist","879","toy boxer(NOSTALGIA Style)","Normal","4.0","3.6","-0.4","하향",""
"Basic Pianist","880","toy boxer(NOSTALGIA Style)","Hard","6.9","7.0","0.1","상향",""
"Basic Pianist","881","toy boxer(NOSTALGIA Style)","Expert","10.1","10.3","0.2","상향",""
"Basic Pianist","884","turn into white","Expert","9.9","9.8","-0.1","하향",""
"Basic Pianist","885","turn into white","Real","10.1","10.4","0.3","상향",""
"Basic Pianist","886","viator in vitro","Normal","5.0","5.1","0.1","상향",""
"Basic Pianist","887","viator in vitro","Hard","6.9","7.4","0.5","상향",""
"Basic Pianist","888","viator in vitro","Expert","12.2","12.1","-0.1","하향",""
"Basic Pianist","889","viator in vitro","Real","13.5","13.2","-0.3","하향",""
"Basic Pianist","890","virkatoの主題によるperson09風超絶技巧変奏曲","Normal","5.0","5.2","0.2","상향",""
"Basic Pianist","891","virkatoの主題によるperson09風超絶技巧変奏曲","Hard","7.2","7.5","0.3","상향",""
"Basic Pianist","893","virkatoの主題によるperson09風超絶技巧変奏曲","Real","13.5","13.7","0.2","상향",""
"Basic Pianist","894","voltississimo(NOSTALGIA Style)","Normal","5.0","4.6","-0.4","하향",""
"Basic Pianist","895","voltississimo(NOSTALGIA Style)","Hard","8.2","8.1","-0.1","하향",""
"Basic Pianist","896","voltississimo(NOSTALGIA Style)","Expert","12.2","12.1","-0.1","하향",""
"Basic Pianist","897","you","Normal","2.0","1.9","-0.1","하향",""
"Basic Pianist","898","you","Hard","5.2","5.4","0.2","상향",""
"Basic Pianist","899","you","Expert","7.8","7.6","-0.2","하향",""
"Basic Pianist","901","zeeros","Hard","9.0","9.3","0.3","상향",""
"Basic Pianist","902","zeeros","Expert","12.4","12.2","-0.2","하향",""
"Basic Pianist","903","zeeros","Real","13.1","12.9","-0.2","하향",""
"Basic Pianist","904","†渚のリベンジΣ脈あり!?バケェ～ション†","Normal","4.0","4.3","0.3","상향",""
"Basic Pianist","905","†渚のリベンジΣ脈あり!?バケェ～ション†","Hard","6.7","6.9","0.2","상향",""
"Basic Pianist","907","†渚のリベンジΣ脈あり!?バケェ～ション†","Real","13.1","13.2","0.1","상향",""
"Basic Pianist","908","†渚の小悪魔ラヴリィ～レイディオ†","Normal","5.0","4.8","-0.2","하향",""
"Basic Pianist","909","†渚の小悪魔ラヴリィ～レイディオ†","Hard","7.9","8.0","0.1","상향",""
"Basic Pianist","910","†渚の小悪魔ラヴリィ～レイディオ†","Expert","11.9","11.8","-0.1","하향",""
"Basic Pianist","912","「6つのメヌエット」より第2番ト長調","Normal","2.0","1.8","-0.2","하향",""
"Basic Pianist","913","「6つのメヌエット」より第2番ト長調","Hard","3.9","4.5","0.6","상향",""
"Basic Pianist","914","「6つのメヌエット」より第2番ト長調","Expert","8.0","7.5","-0.5","하향",""
"Basic Pianist","915","「6つのメヌエット」より第2番ト長調","Real","9.9","9.6","-0.3","하향",""
"Basic Pianist","916","「交錯する使命」","Normal","4.0","4.1","0.1","상향",""
"Basic Pianist","917","「交錯する使命」","Hard","6.7","6.8","0.1","상향",""
"Basic Pianist","918","「交錯する使命」","Expert","11.7","11.6","-0.1","하향",""
"Basic Pianist","919","「交錯する使命」","Real","13.3","13.1","-0.2","하향",""
"Basic Pianist","921","うそつき","Hard","6.0","6.2","0.2","상향",""
"Basic Pianist","923","おおきなこえで","Normal","3.0","2.9","-0.1","하향",""
"Basic Pianist","924","おおきなこえで","Hard","6.8","6.7","-0.1","하향",""
"Basic Pianist","926","おおきなこえで","Real","11.1","11.3","0.2","상향",""
"Basic Pianist","927","おもちゃの兵隊の行進","Normal","3.0","2.8","-0.2","하향",""
"Basic Pianist","928","おもちゃの兵隊の行進","Hard","5.0","5.4","0.4","상향",""
"Basic Pianist","929","おもちゃの兵隊の行進","Expert","8.1","7.7","-0.4","하향",""
"Basic Pianist","930","おもちゃの兵隊の行進","Real","11.8","11.9","0.1","상향",""
"Basic Pianist","931","おーまい！らぶりー！すうぃーてぃ！だーりん！","Normal","4.0","4.1","0.1","상향",""
"Basic Pianist","932","おーまい！らぶりー！すうぃーてぃ！だーりん！","Hard","6.0","6.5","0.5","상향",""
"Basic Pianist","933","おーまい！らぶりー！すうぃーてぃ！だーりん！","Expert","11.1","11.4","0.3","상향",""
"Basic Pianist","934","お米の美味しい炊き方、そしてお米を食べることによるその効果。","Normal","4.0","3.9","-0.1","하향",""
"Basic Pianist","935","お米の美味しい炊き方、そしてお米を食べることによるその効果。","Hard","6.8","7.0","0.2","상향",""
"Basic Pianist","936","お米の美味しい炊き方、そしてお米を食べることによるその効果。","Expert","11.7","11.6","-0.1","하향",""
"Basic Pianist","938","かぞへうたヴァリエーシォン","Normal","4.0","3.7","-0.3","하향",""
"Basic Pianist","939","かぞへうたヴァリエーシォン","Hard","6.8","6.6","-0.2","하향",""
"Basic Pianist","940","かぞへうたヴァリエーシォン","Expert","10.9","10.6","-0.3","하향",""
"Basic Pianist","941","かぞへうたヴァリエーシォン","Real","11.9","11.7","-0.2","하향",""
"Basic Pianist","943","からくりピエロ","Hard","6.1","6.2","0.1","상향",""
"Basic Pianist","944","からくりピエロ","Expert","8.7","8.8","0.1","상향",""
"Basic Pianist","947","きらきら星変奏曲","Expert","10.9","10.6","-0.3","하향",""
"Basic Pianist","948","きらきら星変奏曲","Real","12.7","12.3","-0.4","하향",""
"Basic Pianist","950","くるみ割り人形よりトレパック","Hard","7.3","7.2","-0.1","하향",""
"Basic Pianist","951","くるみ割り人形よりトレパック","Expert","9.8","9.6","-0.2","하향",""
"Basic Pianist","952","くるみ割り人形より小序曲","Normal","3.0","3.2","0.2","상향",""
"Basic Pianist","953","くるみ割り人形より小序曲","Hard","7.4","7.3","-0.1","하향",""
"Basic Pianist","954","くるみ割り人形より小序曲","Expert","10.1","10.2","0.1","상향",""
"Basic Pianist","955","くるみ割り人形より花のワルツ","Normal","2.0","2.3","0.3","상향",""
"Basic Pianist","956","くるみ割り人形より花のワルツ","Hard","6.0","6.4","0.4","상향",""
"Basic Pianist","957","くるみ割り人形より花のワルツ","Expert","10.9","11.4","0.5","상향",""
"Basic Pianist","958","くるみ割り人形より行進曲","Normal","3.0","3.3","0.3","상향",""
"Basic Pianist","960","くるみ割り人形より行進曲","Expert","10.0","10.1","0.1","상향",""
"Basic Pianist","961","くるみ割り人形より金平糖の踊り","Normal","3.0","3.5","0.5","상향",""
"Basic Pianist","962","くるみ割り人形より金平糖の踊り","Hard","5.8","6.5","0.7","상향",""
"Basic Pianist","963","くるみ割り人形より金平糖の踊り","Expert","9.0","9.2","0.2","상향",""
"Basic Pianist","964","ここからよろしく大作戦143","Normal","2.0","1.8","-0.2","하향",""
"Basic Pianist","965","ここからよろしく大作戦143","Hard","6.7","6.8","0.1","상향",""
"Basic Pianist","966","ここからよろしく大作戦143","Expert","9.9","10.1","0.2","상향",""
"Basic Pianist","967","ここからよろしく大作戦143","Real","11.0","11.4","0.4","상향",""
"Basic Pianist","968","さよならトリップ","Normal","4.0","3.6","-0.4","하향",""
"Basic Pianist","970","さよならトリップ","Expert","9.9","10.0","0.1","상향",""
"Basic Pianist","971","さよならトリップ","Real","12.2","12.0","-0.2","하향",""
"Basic Pianist","972","さよなら世界 (BEMANI SYMPHONY Arr.)","Normal","3.0","2.9","-0.1","하향",""
"Basic Pianist","974","さよなら世界 (BEMANI SYMPHONY Arr.)","Expert","9.8","9.6","-0.2","하향",""
"Basic Pianist","975","さよなら世界 (BEMANI SYMPHONY Arr.)","Real","11.5","11.6","0.1","상향",""
"Basic Pianist","976","すなおな心","Normal","2.0","1.6","-0.4","하향",""
"Basic Pianist","977","すなおな心","Hard","3.7","4.1","0.4","상향",""
"Basic Pianist","978","すなおな心","Expert","6.1","5.5","-0.6","하향",""
"Basic Pianist","979","すなおな心","Real","9.0","8.5","-0.5","하향",""
"Basic Pianist","980","だから僕は音楽を辞めた","Normal","3.0","2.7","-0.3","하향",""
"Basic Pianist","981","だから僕は音楽を辞めた","Hard","5.7","5.8","0.1","상향",""
"Basic Pianist","982","だから僕は音楽を辞めた","Expert","11.0","10.8","-0.2","하향",""
"Basic Pianist","983","だから僕は音楽を辞めた","Real","12.1","11.8","-0.3","하향",""
"Basic Pianist","984","だんだん早くなる -arranged by 事務員G-","Normal","3.0","3.5","0.5","상향",""
"Basic Pianist","985","だんだん早くなる -arranged by 事務員G-","Hard","5.8","6.2","0.4","상향",""
"Basic Pianist","986","だんだん早くなる -arranged by 事務員G-","Expert","7.9","7.6","-0.3","하향",""
"Basic Pianist","987","ちくわパフェだよ☆ＣＫＰ","Normal","5.0","4.6","-0.4","하향",""
"Basic Pianist","988","ちくわパフェだよ☆ＣＫＰ","Hard","6.8","7.1","0.3","상향",""
"Basic Pianist","989","ちくわパフェだよ☆ＣＫＰ","Expert","11.7","11.6","-0.1","하향",""
"Basic Pianist","991","とこにゃつ☆トロピカル","Normal","2.0","2.1","0.1","상향",""
"Basic Pianist","992","とこにゃつ☆トロピカル","Hard","7.3","7.1","-0.2","하향",""
"Basic Pianist","993","とこにゃつ☆トロピカル","Expert","10.0","9.9","-0.1","하향",""
"Basic Pianist","994","なつやすみのぼうけん","Normal","4.0","4.2","0.2","상향",""
"Basic Pianist","995","なつやすみのぼうけん","Hard","5.9","6.1","0.2","상향",""
"Basic Pianist","996","なつやすみのぼうけん","Expert","10.9","11.0","0.1","상향",""
"Basic Pianist","998","なまいきプリンセス","Normal","3.0","2.9","-0.1","하향",""
"Basic Pianist","1001","なまいきプリンセス","Real","11.9","11.8","-0.1","하향",""
"Basic Pianist","1002","にゃんだふる55 marble version","Normal","3.0","2.7","-0.3","하향",""
"Basic Pianist","1006","はなまるぴっぴはよいこだけ","Normal","2.0","1.8","-0.2","하향",""
"Basic Pianist","1007","はなまるぴっぴはよいこだけ","Hard","5.8","6.0","0.2","상향",""
"Basic Pianist","1008","はなまるぴっぴはよいこだけ","Expert","8.7","8.8","0.1","상향",""
"Basic Pianist","1009","はなまるぴっぴはよいこだけ","Real","11.0","11.2","0.2","상향",""
"Basic Pianist","1010","ぽかぽかレトロード ～Home Sweet Home edition～","Normal","2.0","2.2","0.2","상향",""
"Basic Pianist","1011","ぽかぽかレトロード ～Home Sweet Home edition～","Hard","5.9","6.0","0.1","상향",""
"Basic Pianist","1012","ぽかぽかレトロード ～Home Sweet Home edition～","Expert","9.8","9.7","-0.1","하향",""
"Basic Pianist","1013","ぽかぽかレトロード ～Home Sweet Home edition～","Real","11.0","11.3","0.3","상향",""
"Basic Pianist","1015","めうめうぺったんたん！！","Hard","7.0","7.1","0.1","상향",""
"Basic Pianist","1016","めうめうぺったんたん！！","Expert","10.6","10.7","0.1","상향",""
"Basic Pianist","1017","めうめうぺったんたん！！","Real","12.4","12.5","0.1","상향",""
"Basic Pianist","1018","アイネ・クライネ・ナハトムジク第1楽章","Normal","2.0","2.3","0.3","상향",""
"Basic Pianist","1019","アイネ・クライネ・ナハトムジク第1楽章","Hard","6.0","6.1","0.1","상향",""
"Basic Pianist","1020","アイネ・クライネ・ナハトムジク第1楽章","Expert","8.0","7.7","-0.3","하향",""
"Basic Pianist","1021","アクアリウム ブルー","Normal","3.0","2.8","-0.2","하향",""
"Basic Pianist","1022","アクアリウム ブルー","Hard","6.0","5.7","-0.3","하향",""
"Basic Pianist","1023","アクアリウム ブルー","Expert","9.7","9.6","-0.1","하향",""
"Basic Pianist","1025","アスノヨゾラ哨戒班","Normal","2.0","1.7","-0.3","하향",""
"Basic Pianist","1028","アゼルバイジャニカアルメニアンカ","Normal","4.0","4.4","0.4","상향",""
"Basic Pianist","1029","アゼルバイジャニカアルメニアンカ","Hard","7.2","7.4","0.2","상향",""
"Basic Pianist","1030","アゼルバイジャニカアルメニアンカ","Expert","10.1","10.3","0.2","상향",""
"Basic Pianist","1032","アラベスク","Normal","3.0","2.8","-0.2","하향",""
"Basic Pianist","1033","アラベスク","Hard","4.8","5.3","0.5","상향",""
"Basic Pianist","1034","アラベスク","Expert","7.9","7.5","-0.4","하향",""
"Basic Pianist","1035","アラベスク第1番","Normal","6.0","5.8","-0.2","하향",""
"Basic Pianist","1037","アラベスク第1番","Expert","11.3","11.1","-0.2","하향",""
"Basic Pianist","1038","アラベスク第1番","Real","12.0","11.9","-0.1","하향",""
"Basic Pianist","1039","アリスサイド・キャスリング","Normal","4.0","3.9","-0.1","하향",""
"Basic Pianist","1040","アリスサイド・キャスリング","Hard","6.7","7.0","0.3","상향",""
"Basic Pianist","1042","アリスサイド・キャスリング","Real","12.2","12.3","0.1","상향",""
"Basic Pianist","1043","アルストロメリア","Normal","5.0","5.1","0.1","상향",""
"Basic Pianist","1044","アルストロメリア","Hard","9.0","9.3","0.3","상향",""
"Basic Pianist","1045","アルストロメリア","Expert","10.1","10.3","0.2","상향",""
"Basic Pianist","1046","アルストロメリア","Real","12.9","12.6","-0.3","하향",""
"Basic Pianist","1047","アルルの女第二組曲よりファランドール","Normal","3.0","3.3","0.3","상향",""
"Basic Pianist","1048","アルルの女第二組曲よりファランドール","Hard","5.8","6.1","0.3","상향",""
"Basic Pianist","1049","アルルの女第二組曲よりファランドール","Expert","11.1","10.9","-0.2","하향",""
"Basic Pianist","1051","アルルの女第二組曲よりメヌエット","Normal","2.0","1.7","-0.3","하향",""
"Basic Pianist","1052","アルルの女第二組曲よりメヌエット","Hard","4.8","5.3","0.5","상향",""
"Basic Pianist","1053","アルルの女第二組曲よりメヌエット","Expert","7.6","7.5","-0.1","하향",""
"Basic Pianist","1054","アルルの女第二組曲よりメヌエット","Real","10.1","10.0","-0.1","하향",""
"Basic Pianist","1055","アヴェ・マリア","Normal","2.0","1.5","-0.5","하향",""
"Basic Pianist","1056","アヴェ・マリア","Hard","5.5","5.6","0.1","상향",""
"Basic Pianist","1057","アヴェ・マリア","Expert","9.0","8.6","-0.4","하향",""
"Basic Pianist","1058","アヴェ・マリア","Real","12.3","11.6","-0.7","하향",""
"Basic Pianist","1059","アーカーシャの碑文","Normal","2.0","2.5","0.5","상향",""
"Basic Pianist","1060","アーカーシャの碑文","Hard","5.3","5.5","0.2","상향",""
"Basic Pianist","1061","アーカーシャの碑文","Expert","8.0","7.6","-0.4","하향",""
"Basic Pianist","1062","アーカーシャの碑文","Real","10.2","10.4","0.2","상향",""
"Basic Pianist","1063","イタリア風ポルカ","Normal","5.0","4.6","-0.4","하향",""
"Basic Pianist","1064","イタリア風ポルカ","Hard","6.9","6.7","-0.2","하향",""
"Basic Pianist","1065","イタリア風ポルカ","Expert","10.8","10.7","-0.1","하향",""
"Basic Pianist","1066","イタリア風ポルカ","Real","12.6","12.3","-0.3","하향",""
"Basic Pianist","1067","イノセントバイブル","Normal","3.0","2.9","-0.1","하향",""
"Basic Pianist","1068","イノセントバイブル","Hard","5.9","6.0","0.1","상향",""
"Basic Pianist","1069","イノセントバイブル","Expert","9.0","8.8","-0.2","하향",""
"Basic Pianist","1071","イブの時代っ！","Normal","3.0","2.7","-0.3","하향",""
"Basic Pianist","1072","イブの時代っ！","Hard","7.0","7.1","0.1","상향",""
"Basic Pianist","1073","イブの時代っ！","Expert","11.0","11.1","0.1","상향",""
"Basic Pianist","1074","イブの時代っ！","Real","12.1","12.2","0.1","상향",""
"Basic Pianist","1075","イマココ！この瞬間","Normal","4.0","3.7","-0.3","하향",""
"Basic Pianist","1077","イマココ！この瞬間","Expert","10.1","9.7","-0.4","하향",""
"Basic Pianist","1078","イマココ！この瞬間","Real","10.7","10.6","-0.1","하향",""
"Basic Pianist","1079","インベンション第13番","Normal","4.0","4.4","0.4","상향",""
"Basic Pianist","1080","インベンション第13番","Hard","6.0","6.2","0.2","상향",""
"Basic Pianist","1081","インベンション第13番","Expert","6.7","6.5","-0.2","하향",""
"Basic Pianist","1082","インベンション第1番","Normal","3.0","3.1","0.1","상향",""
"Basic Pianist","1083","インベンション第1番","Hard","4.9","5.3","0.4","상향",""
"Basic Pianist","1084","インベンション第1番","Expert","6.9","6.5","-0.4","하향",""
"Basic Pianist","1085","インベンション第4番","Normal","3.0","3.2","0.2","상향",""
"Basic Pianist","1086","インベンション第4番","Hard","5.0","5.4","0.4","상향",""
"Basic Pianist","1087","インベンション第4番","Expert","6.8","6.5","-0.3","하향",""
"Basic Pianist","1088","ウィリアム・テル序曲","Normal","4.0","4.2","0.2","상향",""
"Basic Pianist","1089","ウィリアム・テル序曲","Hard","7.6","7.8","0.2","상향",""
"Basic Pianist","1091","ウィリアム・テル序曲","Real","12.8","12.7","-0.1","하향",""
"Basic Pianist","1092","ウソツキ横丁は雨模様","Normal","3.0","2.9","-0.1","하향",""
"Basic Pianist","1093","ウソツキ横丁は雨模様","Hard","6.8","6.7","-0.1","하향",""
"Basic Pianist","1094","ウソツキ横丁は雨模様","Expert","10.7","10.6","-0.1","하향",""
"Basic Pianist","1095","ウソツキ横丁は雨模様","Real","12.0","11.8","-0.2","하향",""
"Basic Pianist","1096","ウミユリ海底譚","Normal","2.0","1.8","-0.2","하향",""
"Basic Pianist","1097","ウミユリ海底譚","Hard","6.0","6.2","0.2","상향",""
"Basic Pianist","1098","ウミユリ海底譚","Expert","7.9","7.7","-0.2","하향",""
"Basic Pianist","1099","ウミユリ海底譚","Real","10.7","10.9","0.2","상향",""
"Basic Pianist","1100","エイリアンエイリアン","Normal","2.0","2.1","0.1","상향",""
"Basic Pianist","1101","エイリアンエイリアン","Hard","7.0","7.1","0.1","상향",""
"Basic Pianist","1102","エイリアンエイリアン","Expert","10.0","10.4","0.4","상향",""
"Basic Pianist","1103","エチュード Op.10-1","Normal","3.0","2.6","-0.4","하향",""
"Basic Pianist","1104","エチュード Op.10-1","Hard","6.8","6.6","-0.2","하향",""
"Basic Pianist","1105","エチュード Op.10-1","Expert","12.2","11.7","-0.5","하향",""
"Basic Pianist","1106","エチュード Op.10-1","Real","12.8","12.4","-0.4","하향",""
"Basic Pianist","1107","エチュード Op.10-2","Normal","3.0","2.6","-0.4","하향",""
"Basic Pianist","1108","エチュード Op.10-2","Hard","7.0","6.7","-0.3","하향",""
"Basic Pianist","1109","エチュード Op.10-2","Expert","12.0","11.7","-0.3","하향",""
"Basic Pianist","1110","エチュード Op.10-2","Real","12.7","12.8","0.1","상향",""
"Basic Pianist","1111","エチュード Op.10-4","Normal","5.0","4.8","-0.2","하향",""
"Basic Pianist","1113","エチュード Op.10-4","Expert","12.2","12.0","-0.2","하향",""
"Basic Pianist","1114","エチュード Op.10-4","Real","14.0","14.1","0.1","상향",""
"Basic Pianist","1115","エチュード Op.10-5 「黒鍵」","Normal","4.0","3.7","-0.3","하향",""
"Basic Pianist","1116","エチュード Op.10-5 「黒鍵」","Hard","5.8","5.9","0.1","상향",""
"Basic Pianist","1117","エチュード Op.10-5 「黒鍵」","Expert","11.4","11.2","-0.2","하향",""
"Basic Pianist","1118","エチュード Op.10-5 「黒鍵」","Real","13.8","13.4","-0.4","하향",""
"Basic Pianist","1119","エチュード Op.25-5","Normal","4.0","3.7","-0.3","하향",""
"Basic Pianist","1120","エチュード Op.25-5","Hard","6.7","6.8","0.1","상향",""
"Basic Pianist","1121","エチュード Op.25-5","Expert","12.5","12.0","-0.5","하향",""
"Basic Pianist","1122","エチュード Op.25-5","Real","13.4","13.0","-0.4","하향",""
"Basic Pianist","1123","エチュード「鵲」","Normal","4.0","3.8","-0.2","하향",""
"Basic Pianist","1125","エチュード「鵲」","Expert","11.3","11.0","-0.3","하향",""
"Basic Pianist","1126","エチュード「鵲」","Real","12.7","12.3","-0.4","하향",""
"Basic Pianist","1127","エリーゼのために","Normal","3.0","3.3","0.3","상향",""
"Basic Pianist","1128","エリーゼのために","Hard","6.0","6.2","0.2","상향",""
"Basic Pianist","1129","エリーゼのために","Expert","7.0","6.6","-0.4","하향",""
"Basic Pianist","1131","カヨワキコイノウタ","Normal","3.0","2.7","-0.3","하향",""
"Basic Pianist","1132","カヨワキコイノウタ","Hard","5.8","6.1","0.3","상향",""
"Basic Pianist","1134","カヨワキコイノウタ","Real","10.7","10.8","0.1","상향",""
"Basic Pianist","1135","ガボット","Normal","4.0","3.8","-0.2","하향",""
"Basic Pianist","1136","ガボット","Hard","5.7","6.1","0.4","상향",""
"Basic Pianist","1137","ガボット","Expert","8.8","8.7","-0.1","하향",""
"Basic Pianist","1138","クシコス・ポスト","Normal","3.0","2.6","-0.4","하향",""
"Basic Pianist","1140","クシコス・ポスト","Expert","10.9","10.7","-0.2","하향",""
"Basic Pianist","1141","クープランの墓よりプレリュード","Normal","6.0","5.6","-0.4","하향",""
"Basic Pianist","1142","クープランの墓よりプレリュード","Hard","7.6","7.8","0.2","상향",""
"Basic Pianist","1143","クープランの墓よりプレリュード","Expert","12.6","12.1","-0.5","하향",""
"Basic Pianist","1144","クープランの墓よりプレリュード","Real","13.4","13.1","-0.3","하향",""
"Basic Pianist","1145","コキュトス","Normal","3.0","2.8","-0.2","하향",""
"Basic Pianist","1146","コキュトス","Hard","7.0","7.1","0.1","상향",""
"Basic Pianist","1148","コキュトス","Real","12.4","12.3","-0.1","하향",""
"Basic Pianist","1149","コルドバの女","Normal","4.0","3.9","-0.1","하향",""
"Basic Pianist","1150","コルドバの女","Hard","8.4","8.3","-0.1","하향",""
"Basic Pianist","1152","コルドバの女","Real","12.7","12.6","-0.1","하향",""
"Basic Pianist","1153","ゴリウォーグのケークウォーク","Normal","3.0","3.1","0.1","상향",""
"Basic Pianist","1154","ゴリウォーグのケークウォーク","Hard","6.1","6.0","-0.1","하향",""
"Basic Pianist","1155","ゴリウォーグのケークウォーク","Expert","10.0","9.9","-0.1","하향",""
"Basic Pianist","1157","サムイウワサ","Normal","4.0","4.1","0.1","상향",""
"Basic Pianist","1158","サムイウワサ","Hard","6.0","6.4","0.4","상향",""
"Basic Pianist","1159","サムイウワサ","Expert","11.0","11.2","0.2","상향",""
"Basic Pianist","1160","サヨナラ・ヘヴン","Normal","3.0","2.9","-0.1","하향",""
"Basic Pianist","1161","サヨナラ・ヘヴン","Hard","5.8","6.2","0.4","상향",""
"Basic Pianist","1162","サヨナラ・ヘヴン","Expert","9.7","9.8","0.1","상향",""
"Basic Pianist","1164","シシリエンヌ","Normal","3.0","2.8","-0.2","하향",""
"Basic Pianist","1165","シシリエンヌ","Hard","5.7","5.8","0.1","상향",""
"Basic Pianist","1166","シシリエンヌ","Expert","8.7","8.6","-0.1","하향",""
"Basic Pianist","1167","シャルル","Normal","3.0","3.3","0.3","상향",""
"Basic Pianist","1168","シャルル","Hard","7.5","7.4","-0.1","하향",""
"Basic Pianist","1169","シャルル","Expert","10.0","9.9","-0.1","하향",""
"Basic Pianist","1170","シャルル","Real","10.9","11.1","0.2","상향",""
"Basic Pianist","1171","シュレーディンガーの猫","Normal","5.0","4.9","-0.1","하향",""
"Basic Pianist","1172","シュレーディンガーの猫","Hard","7.9","8.0","0.1","상향",""
"Basic Pianist","1173","シュレーディンガーの猫","Expert","12.2","12.0","-0.2","하향",""
"Basic Pianist","1174","シュレーディンガーの猫","Real","13.7","13.6","-0.1","하향",""
"Basic Pianist","1175","ジムノペディ第1番","Normal","1.0","1.2","0.2","상향",""
"Basic Pianist","1177","ジムノペディ第1番","Expert","6.7","6.5","-0.2","하향",""
"Basic Pianist","1178","ジムノペディ第1番","Real","9.8","9.5","-0.3","하향",""
"Basic Pianist","1179","ジャンキーナイトタウンオーケストラ","Normal","4.0","4.3","0.3","상향",""
"Basic Pianist","1180","ジャンキーナイトタウンオーケストラ","Hard","6.7","6.9","0.2","상향",""
"Basic Pianist","1181","ジャンキーナイトタウンオーケストラ","Expert","10.5","10.8","0.3","상향",""
"Basic Pianist","1182","ジャンキーナイトタウンオーケストラ","Real","11.6","11.8","0.2","상향",""
"Basic Pianist","1183","スケルツォ第2番 Op.31","Normal","4.0","3.8","-0.2","하향",""
"Basic Pianist","1184","スケルツォ第2番 Op.31","Hard","6.9","7.0","0.1","상향",""
"Basic Pianist","1185","スケルツォ第2番 Op.31","Expert","12.0","11.8","-0.2","하향",""
"Basic Pianist","1186","スケルツォ第2番 Op.31","Real","12.7","12.6","-0.1","하향",""
"Basic Pianist","1187","ストレイ・マーチ","Normal","4.0","4.1","0.1","상향",""
"Basic Pianist","1191","スーパー戦湯ババンバーン","Normal","4.0","4.2","0.2","상향",""
"Basic Pianist","1192","スーパー戦湯ババンバーン","Hard","7.9","8.1","0.2","상향",""
"Basic Pianist","1193","スーパー戦湯ババンバーン","Expert","12.0","11.9","-0.1","하향",""
"Basic Pianist","1194","スーパー戦湯ババンバーン","Real","12.5","12.6","0.1","상향",""
"Basic Pianist","1195","セツナトリップ","Normal","3.0","3.2","0.2","상향",""
"Basic Pianist","1199","ソナチネ Op.20－1","Hard","5.0","5.5","0.5","상향",""
"Basic Pianist","1200","ソナチネ Op.20－1","Expert","11.5","10.9","-0.6","하향",""
"Basic Pianist","1201","ソナチネ Op.36－1","Normal","3.0","3.1","0.1","상향",""
"Basic Pianist","1202","ソナチネ Op.36－1","Hard","4.8","5.3","0.5","상향",""
"Basic Pianist","1203","ソナチネ Op.36－1","Expert","7.9","7.6","-0.3","하향",""
"Basic Pianist","1204","ソナチネ ト長調 第1楽章","Normal","1.0","1.4","0.4","상향",""
"Basic Pianist","1205","ソナチネ ト長調 第1楽章","Hard","5.1","5.2","0.1","상향",""
"Basic Pianist","1206","ソナチネ ト長調 第1楽章","Expert","6.7","6.5","-0.2","하향",""
"Basic Pianist","1207","ソナチネ ト長調 第1楽章","Real","9.7","9.5","-0.2","하향",""
"Basic Pianist","1210","タランテラ","Expert","11.2","11.0","-0.2","하향",""
"Basic Pianist","1211","タランテラ","Real","12.7","12.4","-0.3","하향",""
"Basic Pianist","1212","チュッチュ♪マチュピチュ","Normal","2.0","1.7","-0.3","하향",""
"Basic Pianist","1213","チュッチュ♪マチュピチュ","Hard","6.8","6.9","0.1","상향",""
"Basic Pianist","1216","チョコレートスマイル","Normal","2.0","2.2","0.2","상향",""
"Basic Pianist","1217","チョコレートスマイル","Hard","6.2","6.4","0.2","상향",""
"Basic Pianist","1218","チョコレートスマイル","Expert","8.8","9.0","0.2","상향",""
"Basic Pianist","1219","チョコレートスマイル","Real","10.7","11.0","0.3","상향",""
"Basic Pianist","1220","テンションコードにくちづけを","Normal","4.0","3.9","-0.1","하향",""
"Basic Pianist","1222","テンションコードにくちづけを","Expert","10.0","9.8","-0.2","하향",""
"Basic Pianist","1223","デッドボヲルdeホームラン","Normal","3.0","2.6","-0.4","하향",""
"Basic Pianist","1224","デッドボヲルdeホームラン","Hard","6.9","6.7","-0.2","하향",""
"Basic Pianist","1225","デッドボヲルdeホームラン","Expert","10.6","10.5","-0.1","하향",""
"Basic Pianist","1227","トッカータとフーガ ニ短調","Normal","5.0","5.2","0.2","상향",""
"Basic Pianist","1228","トッカータとフーガ ニ短調","Hard","7.2","7.5","0.3","상향",""
"Basic Pianist","1229","トッカータとフーガ ニ短調","Expert","10.3","10.4","0.1","상향",""
"Basic Pianist","1231","トリッチ・トラッチ・ポルカ","Normal","4.0","4.2","0.2","상향",""
"Basic Pianist","1232","トリッチ・トラッチ・ポルカ","Hard","7.7","7.8","0.1","상향",""
"Basic Pianist","1234","トリッチ・トラッチ・ポルカ","Real","12.5","12.6","0.1","상향",""
"Basic Pianist","1235","トリノコシティ -arranged by 事務員G-","Normal","3.0","3.2","0.2","상향",""
"Basic Pianist","1236","トリノコシティ -arranged by 事務員G-","Hard","5.1","5.5","0.4","상향",""
"Basic Pianist","1237","トリノコシティ -arranged by 事務員G-","Expert","6.7","6.5","-0.2","하향",""
"Basic Pianist","1238","トルコ行進曲","Normal","6.0","5.8","-0.2","하향",""
"Basic Pianist","1239","トルコ行進曲","Hard","9.1","9.4","0.3","상향",""
"Basic Pianist","1240","トルコ行進曲","Expert","11.2","11.5","0.3","상향",""
"Basic Pianist","1241","トルコ行進曲","Real","12.4","12.2","-0.2","하향",""
"Basic Pianist","1242","トルコ行進曲","Normal","2.0","1.9","-0.1","하향",""
"Basic Pianist","1243","トルコ行進曲","Hard","4.9","5.3","0.4","상향",""
"Basic Pianist","1244","トルコ行進曲","Expert","8.8","8.9","0.1","상향",""
"Basic Pianist","1245","トルコ行進曲","Real","11.3","11.4","0.1","상향",""
"Basic Pianist","1246","トロイメライ","Normal","3.0","3.4","0.4","상향",""
"Basic Pianist","1247","トロイメライ","Hard","3.9","4.5","0.6","상향",""
"Basic Pianist","1248","トロイメライ","Expert","5.1","4.7","-0.4","하향",""
"Basic Pianist","1249","ナイト・オブ・ナイツ","Normal","4.0","4.4","0.4","상향",""
"Basic Pianist","1250","ナイト・オブ・ナイツ","Hard","9.0","9.3","0.3","상향",""
"Basic Pianist","1251","ナイト・オブ・ナイツ","Expert","10.8","11.0","0.2","상향",""
"Basic Pianist","1253","ニコラウスさんの出来心","Normal","5.0","4.8","-0.2","하향",""
"Basic Pianist","1254","ニコラウスさんの出来心","Hard","8.2","8.4","0.2","상향",""
"Basic Pianist","1257","ニルスのコイン","Normal","3.0","2.8","-0.2","하향",""
"Basic Pianist","1258","ニルスのコイン","Hard","6.6","6.7","0.1","상향",""
"Basic Pianist","1259","ニルスのコイン","Expert","11.8","11.6","-0.2","하향",""
"Basic Pianist","1260","ニルスのコイン","Real","12.6","12.4","-0.2","하향",""
"Basic Pianist","1261","ネイティブフェイス","Normal","2.0","2.2","0.2","상향",""
"Basic Pianist","1262","ネイティブフェイス","Hard","8.1","8.0","-0.1","하향",""
"Basic Pianist","1263","ネイティブフェイス","Expert","11.1","11.2","0.1","상향",""
"Basic Pianist","1264","ネイティブフェイス","Real","12.6","12.5","-0.1","하향",""
"Basic Pianist","1265","ネリと琥珀糖","Normal","4.0","4.2","0.2","상향",""
"Basic Pianist","1266","ネリと琥珀糖","Hard","7.1","7.3","0.2","상향",""
"Basic Pianist","1267","ネリと琥珀糖","Expert","11.9","11.6","-0.3","하향",""
"Basic Pianist","1269","ハイドンの名によるメヌエット","Normal","3.0","2.8","-0.2","하향",""
"Basic Pianist","1270","ハイドンの名によるメヌエット","Hard","5.7","5.6","-0.1","하향",""
"Basic Pianist","1271","ハイドンの名によるメヌエット","Expert","8.8","8.5","-0.3","하향",""
"Basic Pianist","1272","ハイドンの名によるメヌエット","Real","11.2","10.7","-0.5","하향",""
"Basic Pianist","1275","ハッピーシンセサイザ","Expert","10.1","10.2","0.1","상향",""
"Basic Pianist","1276","ハッピーシンセサイザ","Real","11.1","11.3","0.2","상향",""
"Basic Pianist","1277","ハテノサキ","Normal","3.0","2.6","-0.4","하향",""
"Basic Pianist","1278","ハテノサキ","Hard","5.7","5.6","-0.1","하향",""
"Basic Pianist","1279","ハテノサキ","Expert","9.8","9.6","-0.2","하향",""
"Basic Pianist","1280","ハテノサキ","Real","11.4","11.5","0.1","상향",""
"Basic Pianist","1281","ハラショー！おにぎりサーカス団☆","Normal","5.0","4.8","-0.2","하향",""
"Basic Pianist","1282","ハラショー！おにぎりサーカス団☆","Hard","7.7","7.8","0.1","상향",""
"Basic Pianist","1283","ハラショー！おにぎりサーカス団☆","Expert","11.9","11.8","-0.1","하향",""
"Basic Pianist","1285","ハンガリー狂詩曲第2番","Normal","6.0","5.6","-0.4","하향",""
"Basic Pianist","1286","ハンガリー狂詩曲第2番","Hard","7.9","8.1","0.2","상향",""
"Basic Pianist","1288","ハンガリー狂詩曲第2番","Real","13.0","12.9","-0.1","하향",""
"Basic Pianist","1289","ハンガリー舞曲第5番","Normal","4.0","3.7","-0.3","하향",""
"Basic Pianist","1291","ハンガリー舞曲第5番","Expert","10.9","10.8","-0.1","하향",""
"Basic Pianist","1292","ハンガリー舞曲第5番","Real","12.1","11.9","-0.2","하향",""
"Basic Pianist","1294","ハンガリー舞曲第6番","Hard","7.1","7.4","0.3","상향",""
"Basic Pianist","1295","ハンガリー舞曲第6番","Expert","11.1","11.2","0.1","상향",""
"Basic Pianist","1296","ハンガリー舞曲第6番","Real","12.1","12.3","0.2","상향",""
"Basic Pianist","1297","バッドエンド・シンドローム","Normal","4.0","4.4","0.4","상향",""
"Basic Pianist","1298","バッドエンド・シンドローム","Hard","6.9","7.3","0.4","상향",""
"Basic Pianist","1300","バラード第1番","Normal","4.0","4.2","0.2","상향",""
"Basic Pianist","1302","バラード第1番","Expert","10.7","10.8","0.1","상향",""
"Basic Pianist","1305","バルベリア・タンゴ","Hard","7.6","7.9","0.3","상향",""
"Basic Pianist","1306","バルベリア・タンゴ","Expert","12.0","11.8","-0.2","하향",""
"Basic Pianist","1307","バルベリア・タンゴ","Real","13.1","12.7","-0.4","하향",""
"Basic Pianist","1308","バンブーソード・ガール","Normal","4.0","3.9","-0.1","하향",""
"Basic Pianist","1309","バンブーソード・ガール","Hard","8.0","8.2","0.2","상향",""
"Basic Pianist","1310","バンブーソード・ガール","Expert","10.9","11.0","0.1","상향",""
"Basic Pianist","1311","パイナップル・ラグ","Normal","2.0","1.8","-0.2","하향",""
"Basic Pianist","1312","パイナップル・ラグ","Hard","5.7","5.8","0.1","상향",""
"Basic Pianist","1313","パイナップル・ラグ","Expert","8.8","8.7","-0.1","하향",""
"Basic Pianist","1315","パガニーニによる大練習曲第6番「主題と変奏」","Normal","5.0","4.9","-0.1","하향",""
"Basic Pianist","1316","パガニーニによる大練習曲第6番「主題と変奏」","Hard","8.2","8.5","0.3","상향",""
"Basic Pianist","1317","パガニーニによる大練習曲第6番「主題と変奏」","Expert","12.1","12.2","0.1","상향",""
"Basic Pianist","1318","パガニーニによる大練習曲第6番「主題と変奏」","Real","13.4","13.9","0.5","상향",""
"Basic Pianist","1319","パヴァーヌ","Normal","3.0","2.5","-0.5","하향",""
"Basic Pianist","1320","パヴァーヌ","Hard","4.7","4.9","0.2","상향",""
"Basic Pianist","1321","パヴァーヌ","Expert","10.2","9.6","-0.6","하향",""
"Basic Pianist","1322","パヴァーヌ","Real","10.9","10.6","-0.3","하향",""
"Basic Pianist","1324","パーフェクトイーター","Hard","7.9","8.2","0.3","상향",""
"Basic Pianist","1325","パーフェクトイーター","Expert","11.9","11.8","-0.1","하향",""
"Basic Pianist","1326","パーフェクトイーター","Real","12.3","12.5","0.2","상향",""
"Basic Pianist","1327","ピアノソナタ「テンペスト」第３楽章","Normal","4.0","3.9","-0.1","하향",""
"Basic Pianist","1329","ピアノソナタ「テンペスト」第３楽章","Expert","11.1","11.0","-0.1","하향",""
"Basic Pianist","1330","ピアノソナタ「テンペスト」第３楽章","Real","13.5","13.0","-0.5","하향",""
"Basic Pianist","1331","ピアノソナタ「ヴァルトシュタイン」第１楽章","Normal","4.0","4.4","0.4","상향",""
"Basic Pianist","1332","ピアノソナタ「ヴァルトシュタイン」第１楽章","Hard","8.1","8.0","-0.1","하향",""
"Basic Pianist","1333","ピアノソナタ「ヴァルトシュタイン」第１楽章","Expert","12.1","11.8","-0.3","하향",""
"Basic Pianist","1334","ピアノソナタ「ヴァルトシュタイン」第１楽章","Real","13.0","12.7","-0.3","하향",""
"Basic Pianist","1335","ピアノソナタ「悲愴」第２楽章","Normal","2.0","1.9","-0.1","하향",""
"Basic Pianist","1337","ピアノソナタ「悲愴」第２楽章","Expert","7.9","7.6","-0.3","하향",""
"Basic Pianist","1338","ピアノソナタ「月光」第１楽章","Normal","2.0","1.5","-0.5","하향",""
"Basic Pianist","1339","ピアノソナタ「月光」第１楽章","Hard","4.1","4.4","0.3","상향",""
"Basic Pianist","1340","ピアノソナタ「月光」第１楽章","Expert","10.4","10.5","0.1","상향",""
"Basic Pianist","1341","ピアノソナタ「月光」第３楽章","Normal","4.0","4.4","0.4","상향",""
"Basic Pianist","1342","ピアノソナタ「月光」第３楽章","Hard","9.0","9.4","0.4","상향",""
"Basic Pianist","1343","ピアノソナタ「月光」第３楽章","Expert","11.1","11.5","0.4","상향",""
"Basic Pianist","1345","ピアノソナタ「熱情」第３楽章","Normal","3.0","3.4","0.4","상향",""
"Basic Pianist","1348","ピアノソナタ「熱情」第３楽章","Real","13.8","14.0","0.2","상향",""
"Basic Pianist","1349","ピアノソナタ第15番第1楽章","Normal","4.0","4.5","0.5","상향",""
"Basic Pianist","1350","ピアノソナタ第15番第1楽章","Hard","8.1","8.2","0.1","상향",""
"Basic Pianist","1351","ピアノソナタ第15番第1楽章","Expert","12.4","12.1","-0.3","하향",""
"Basic Pianist","1352","ピアノソナタ第15番第1楽章","Real","12.6","12.5","-0.1","하향",""
"Basic Pianist","1353","ピアノソナタ第2番「葬送」第2楽章","Normal","4.0","3.8","-0.2","하향",""
"Basic Pianist","1355","ピアノソナタ第2番「葬送」第2楽章","Expert","11.0","10.9","-0.1","하향",""
"Basic Pianist","1356","ピアノソナタ第2番「葬送」第2楽章","Real","12.0","11.8","-0.2","하향",""
"Basic Pianist","1357","ピアノ体操第一","Normal","6.0","5.7","-0.3","하향",""
"Basic Pianist","1358","ピアノ体操第一","Hard","10.2","10.5","0.3","상향",""
"Basic Pianist","1360","ピアノ体操第一","Real","13.7","14.4","0.7","상향",""
"Basic Pianist","1361","ピアノ協奏曲第1楽章","Normal","3.0","2.7","-0.3","하향",""
"Basic Pianist","1362","ピアノ協奏曲第1楽章","Hard","6.7","6.6","-0.1","하향",""
"Basic Pianist","1363","ピアノ協奏曲第1楽章","Expert","12.2","11.8","-0.4","하향",""
"Basic Pianist","1364","ピアノ協奏曲第1楽章","Real","12.8","12.6","-0.2","하향",""
"Basic Pianist","1365","ピアノ協奏曲第1番“蠍火”","Normal","6.0","5.8","-0.2","하향",""
"Basic Pianist","1366","ピアノ協奏曲第1番“蠍火”","Hard","9.1","9.4","0.3","상향",""
"Basic Pianist","1367","ピアノ協奏曲第1番“蠍火”","Expert","12.6","12.2","-0.4","하향",""
"Basic Pianist","1368","ピアノ協奏曲第1番第1楽章","Normal","5.0","4.6","-0.4","하향",""
"Basic Pianist","1370","ピアノ協奏曲第1番第1楽章","Expert","12.2","11.7","-0.5","하향",""
"Basic Pianist","1371","ピアノ協奏曲第1番第1楽章","Real","12.9","12.5","-0.4","하향",""
"Basic Pianist","1372","ピアノ協奏曲第2番第1楽章","Normal","3.0","2.6","-0.4","하향",""
"Basic Pianist","1373","ピアノ協奏曲第2番第1楽章","Hard","6.7","6.6","-0.1","하향",""
"Basic Pianist","1374","ピアノ協奏曲第2番第1楽章","Expert","12.3","11.8","-0.5","하향",""
"Basic Pianist","1375","ピアノ協奏曲第2番第1楽章","Real","13.0","12.6","-0.4","하향",""
"Basic Pianist","1376","ピアノ独奏無言歌 ""灰燼""","Normal","7.0","6.5","-0.5","하향",""
"Basic Pianist","1377","ピアノ独奏無言歌 ""灰燼""","Hard","9.9","10.5","0.6","상향",""
"Basic Pianist","1378","ピアノ独奏無言歌 ""灰燼""","Expert","12.4","12.2","-0.2","하향",""
"Basic Pianist","1379","ピアノ独奏無言歌 ""灰燼""","Real","13.9","14.4","0.5","상향",""
"Basic Pianist","1380","フィガロの結婚序曲","Normal","3.0","3.3","0.3","상향",""
"Basic Pianist","1381","フィガロの結婚序曲","Hard","6.8","7.1","0.3","상향",""
"Basic Pianist","1382","フィガロの結婚序曲","Expert","12.2","11.9","-0.3","하향",""
"Basic Pianist","1383","フィガロの結婚序曲","Real","13.4","13.1","-0.3","하향",""
"Basic Pianist","1384","ボロディン風に","Normal","3.0","2.6","-0.4","하향",""
"Basic Pianist","1385","ボロディン風に","Hard","5.7","5.5","-0.2","하향",""
"Basic Pianist","1386","ボロディン風に","Expert","10.2","9.6","-0.6","하향",""
"Basic Pianist","1387","ボロディン風に","Real","10.7","10.5","-0.2","하향",""
"Basic Pianist","1389","ポラリスノウタ","Hard","5.7","5.9","0.2","상향",""
"Basic Pianist","1390","ポラリスノウタ","Expert","11.9","11.7","-0.2","하향",""
"Basic Pianist","1391","ポラリスノウタ","Real","12.3","12.4","0.1","상향",""
"Basic Pianist","1392","ミッドナイト☆WAR(NOSTALGIA Style)","Normal","3.0","3.3","0.3","상향",""
"Basic Pianist","1393","ミッドナイト☆WAR(NOSTALGIA Style)","Hard","5.8","6.5","0.7","상향",""
"Basic Pianist","1394","ミッドナイト☆WAR(NOSTALGIA Style)","Expert","11.2","11.4","0.2","상향",""
"Basic Pianist","1395","ミッドナイト☆WAR(NOSTALGIA Style)","Real","12.6","12.5","-0.1","하향",""
"Basic Pianist","1396","メイプルリーフ・ラグ","Normal","3.0","2.7","-0.3","하향",""
"Basic Pianist","1400","メヌエット","Normal","1.0","1.3","0.3","상향",""
"Basic Pianist","1401","メヌエット","Hard","3.2","3.5","0.3","상향",""
"Basic Pianist","1402","メヌエット","Expert","4.7","4.5","-0.2","하향",""
"Basic Pianist","1403","メヌエット","Real","8.7","8.5","-0.2","하향",""
"Basic Pianist","1404","メヌエット","Normal","3.0","2.9","-0.1","하향",""
"Basic Pianist","1405","メヌエット","Hard","5.5","5.7","0.2","상향",""
"Basic Pianist","1406","メヌエット","Expert","10.1","9.7","-0.4","하향",""
"Basic Pianist","1407","メヌエット","Real","10.9","10.7","-0.2","하향",""
"Basic Pianist","1409","メヌエット イ短調","Hard","2.9","3.4","0.5","상향",""
"Basic Pianist","1410","メヌエット イ短調","Expert","5.5","4.5","-1.0","하향",""
"Basic Pianist","1411","メヌエット ト短調","Normal","1.0","1.3","0.3","상향",""
"Basic Pianist","1412","メヌエット ト短調","Hard","3.0","3.5","0.5","상향",""
"Basic Pianist","1413","メヌエット ト短調","Expert","6.0","5.5","-0.5","하향",""
"Basic Pianist","1414","メヌエット ト短調","Real","9.9","9.5","-0.4","하향",""
"Basic Pianist","1415","モノクロモーメント","Normal","3.0","3.2","0.2","상향",""
"Basic Pianist","1416","モノクロモーメント","Hard","7.2","7.1","-0.1","하향",""
"Basic Pianist","1417","モノクロモーメント","Expert","9.9","10.4","0.5","상향",""
"Basic Pianist","1419","ユメイロムスビ","Normal","5.0","5.1","0.1","상향",""
"Basic Pianist","1420","ユメイロムスビ","Hard","8.2","8.4","0.2","상향",""
"Basic Pianist","1422","ユメイロムスビ","Real","12.1","11.9","-0.2","하향",""
"Basic Pianist","1423","ユモレスク","Normal","3.0","3.3","0.3","상향",""
"Basic Pianist","1424","ユモレスク","Hard","6.3","6.4","0.1","상향",""
"Basic Pianist","1425","ユモレスク","Expert","9.0","9.1","0.1","상향",""
"Basic Pianist","1426","ラキラキ","Normal","4.0","3.6","-0.4","하향",""
"Basic Pianist","1428","ラキラキ","Expert","9.9","10.0","0.1","상향",""
"Basic Pianist","1429","ラキラキ","Real","12.0","11.8","-0.2","하향",""
"Basic Pianist","1430","ラグトレイン","Normal","3.0","2.8","-0.2","하향",""
"Basic Pianist","1431","ラグトレイン","Hard","5.7","5.8","0.1","상향",""
"Basic Pianist","1432","ラグトレイン","Expert","8.8","8.9","0.1","상향",""
"Basic Pianist","1433","ラグトレイン","Real","11.4","11.5","0.1","상향",""
"Basic Pianist","1434","ラデツキー行進曲","Normal","4.0","4.5","0.5","상향",""
"Basic Pianist","1435","ラデツキー行進曲","Hard","7.0","7.4","0.4","상향",""
"Basic Pianist","1437","ラデツキー行進曲","Real","11.1","11.5","0.4","상향",""
"Basic Pianist","1438","ラブキラ☆スプラッシュ","Normal","3.0","3.2","0.2","상향",""
"Basic Pianist","1439","ラブキラ☆スプラッシュ","Hard","6.7","6.8","0.1","상향",""
"Basic Pianist","1440","ラブキラ☆スプラッシュ","Expert","10.0","10.1","0.1","상향",""
"Basic Pianist","1441","ラブキラ☆スプラッシュ","Real","12.2","12.1","-0.1","하향",""
"Basic Pianist","1442","ラプソディ・イン・ブルー","Normal","4.0","4.3","0.3","상향",""
"Basic Pianist","1443","ラプソディ・イン・ブルー","Hard","5.9","6.3","0.4","상향",""
"Basic Pianist","1444","ラプソディ・イン・ブルー","Expert","9.6","9.9","0.3","상향",""
"Basic Pianist","1445","ラプソディ・イン・ブルー","Real","11.9","12.1","0.2","상향",""
"Basic Pianist","1447","ランカーキラーガール","Hard","7.8","8.1","0.3","상향",""
"Basic Pianist","1448","ランカーキラーガール","Expert","12.1","12.0","-0.1","하향",""
"Basic Pianist","1449","ラ・カンパネラ","Normal","2.0","2.5","0.5","상향",""
"Basic Pianist","1450","ラ・カンパネラ","Hard","8.2","8.5","0.3","상향",""
"Basic Pianist","1451","ラ・カンパネラ","Expert","12.1","12.2","0.1","상향",""
"Basic Pianist","1452","リメンバーリメンバー (BEMANI SYMPHONY Arr.)","Normal","4.0","4.2","0.2","상향",""
"Basic Pianist","1453","リメンバーリメンバー (BEMANI SYMPHONY Arr.)","Hard","6.9","6.8","-0.1","하향",""
"Basic Pianist","1454","リメンバーリメンバー (BEMANI SYMPHONY Arr.)","Expert","9.8","9.9","0.1","상향",""
"Basic Pianist","1455","リメンバーリメンバー (BEMANI SYMPHONY Arr.)","Real","11.3","11.5","0.2","상향",""
"Basic Pianist","1456","ルスランとリュドミラ序曲","Normal","4.0","4.3","0.3","상향",""
"Basic Pianist","1457","ルスランとリュドミラ序曲","Hard","6.8","7.2","0.4","상향",""
"Basic Pianist","1458","ルスランとリュドミラ序曲","Expert","11.9","11.7","-0.2","하향",""
"Basic Pianist","1459","ルスランとリュドミラ序曲","Real","13.1","13.0","-0.1","하향",""
"Basic Pianist","1461","ルミナスデイズ","Hard","5.2","5.3","0.1","상향",""
"Basic Pianist","1462","ルミナスデイズ","Expert","9.0","8.7","-0.3","하향",""
"Basic Pianist","1463","レクイエムより「怒りの日」","Normal","4.0","3.8","-0.2","하향",""
"Basic Pianist","1464","レクイエムより「怒りの日」","Hard","7.7","7.8","0.1","상향",""
"Basic Pianist","1465","レクイエムより「怒りの日」","Expert","11.9","11.6","-0.3","하향",""
"Basic Pianist","1466","レクイエムより「怒りの日」","Real","13.1","12.9","-0.2","하향",""
"Basic Pianist","1467","レグルス αβ","Normal","3.0","3.1","0.1","상향",""
"Basic Pianist","1469","レグルス αβ","Expert","11.2","11.3","0.1","상향",""
"Basic Pianist","1470","レグルス αβ","Real","12.7","12.5","-0.2","하향",""
"Basic Pianist","1471","ロキ","Normal","4.0","3.9","-0.1","하향",""
"Basic Pianist","1474","ロストワンの号哭","Normal","3.0","3.4","0.4","상향",""
"Basic Pianist","1475","ロストワンの号哭","Hard","8.1","8.4","0.3","상향",""
"Basic Pianist","1477","ロストワンの号哭","Real","11.8","12.1","0.3","상향",""
"Basic Pianist","1478","ロボット☆ライフ","Normal","4.0","3.8","-0.2","하향",""
"Basic Pianist","1479","ロボット☆ライフ","Hard","5.9","6.0","0.1","상향",""
"Basic Pianist","1480","ロボット☆ライフ","Expert","9.9","9.8","-0.1","하향",""
"Basic Pianist","1481","ロマンシングエスケープ","Normal","3.0","2.6","-0.4","하향",""
"Basic Pianist","1482","ロマンシングエスケープ","Hard","6.9","6.6","-0.3","하향",""
"Basic Pianist","1484","ロマンシングエスケープ","Real","11.8","11.6","-0.2","하향",""
"Basic Pianist","1485","ロミとロボの宇宙飛行","Normal","4.0","3.5","-0.5","하향",""
"Basic Pianist","1486","ロミとロボの宇宙飛行","Hard","8.0","7.8","-0.2","하향",""
"Basic Pianist","1487","ロミとロボの宇宙飛行","Expert","11.0","10.9","-0.1","하향",""
"Basic Pianist","1488","ロミとロボの宇宙飛行","Real","12.5","12.3","-0.2","하향",""
"Basic Pianist","1489","ワルキューレの騎行","Normal","4.0","3.6","-0.4","하향",""
"Basic Pianist","1491","ワルキューレの騎行","Expert","12.2","11.9","-0.3","하향",""
"Basic Pianist","1492","ワルキューレの騎行","Real","13.3","13.0","-0.3","하향",""
"Basic Pianist","1493","ワルツ第14番","Normal","4.0","3.6","-0.4","하향",""
"Basic Pianist","1494","ワルツ第14番","Hard","8.2","8.0","-0.2","하향",""
"Basic Pianist","1495","ワルツ第14番","Expert","12.1","11.7","-0.4","하향",""
"Basic Pianist","1496","ワルツ第17番 ト短調”大犬のワルツ”","Normal","6.0","5.6","-0.4","하향",""
"Basic Pianist","1497","ワルツ第17番 ト短調”大犬のワルツ”","Hard","8.9","9.5","0.6","상향",""
"Basic Pianist","1498","ワルツ第17番 ト短調”大犬のワルツ”","Expert","12.4","12.2","-0.2","하향",""
"Basic Pianist","1499","ワルツ第17番 ト短調”大犬のワルツ”","Real","13.7","14.3","0.6","상향",""
"Basic Pianist","1500","ヴァイオリンソナタ第5番「春」第1楽章","Normal","3.0","2.8","-0.2","하향",""
"Basic Pianist","1502","ヴァイオリンソナタ第5番「春」第1楽章","Expert","10.2","10.0","-0.2","하향",""
"Basic Pianist","1503","ヴァイオリンソナタ第5番「春」第1楽章","Real","12.2","11.9","-0.3","하향",""
"Basic Pianist","1504","ヴォカリーズ","Normal","3.0","2.5","-0.5","하향",""
"Basic Pianist","1505","ヴォカリーズ","Hard","5.8","5.7","-0.1","하향",""
"Basic Pianist","1506","ヴォカリーズ","Expert","7.8","7.5","-0.3","하향",""
"Basic Pianist","1507","ヴォカリーズ","Real","9.8","9.6","-0.2","하향",""
"Basic Pianist","1508","一夜の恋","Normal","4.0","4.3","0.3","상향",""
"Basic Pianist","1509","一夜の恋","Hard","8.2","8.1","-0.1","하향",""
"Basic Pianist","1510","一夜の恋","Expert","10.1","10.3","0.2","상향",""
"Basic Pianist","1511","世界の果てに約束の凱歌を","Normal","5.0","4.8","-0.2","하향",""
"Basic Pianist","1512","世界の果てに約束の凱歌を","Hard","7.8","8.0","0.2","상향",""
"Basic Pianist","1514","世界の果てに約束の凱歌を","Real","12.5","12.6","0.1","상향",""
"Basic Pianist","1515","主よ、人の望みの喜びよ","Normal","5.0","5.2","0.2","상향",""
"Basic Pianist","1516","主よ、人の望みの喜びよ","Hard","6.1","6.4","0.3","상향",""
"Basic Pianist","1517","主よ、人の望みの喜びよ","Expert","7.1","6.6","-0.5","하향",""
"Basic Pianist","1519","久遠の空 ft. 小林まな","Normal","3.0","3.1","0.1","상향",""
"Basic Pianist","1520","久遠の空 ft. 小林まな","Hard","5.8","6.3","0.5","상향",""
"Basic Pianist","1522","乙女の祈り","Normal","2.0","1.6","-0.4","하향",""
"Basic Pianist","1523","乙女の祈り","Hard","6.2","5.9","-0.3","하향",""
"Basic Pianist","1524","乙女の祈り","Expert","10.0","9.6","-0.4","하향",""
"Basic Pianist","1525","乙女繚乱 舞い咲き誇れ","Normal","4.0","3.6","-0.4","하향",""
"Basic Pianist","1527","乙女繚乱 舞い咲き誇れ","Expert","10.7","10.6","-0.1","하향",""
"Basic Pianist","1528","乙女繚乱 舞い咲き誇れ","Real","11.5","11.6","0.1","상향",""
"Basic Pianist","1529","亜麻色の髪の乙女","Normal","3.0","3.3","0.3","상향",""
"Basic Pianist","1532","亡き王女のためのパヴァーヌ","Normal","3.0","2.5","-0.5","하향",""
"Basic Pianist","1533","亡き王女のためのパヴァーヌ","Hard","5.9","5.7","-0.2","하향",""
"Basic Pianist","1534","亡き王女のためのパヴァーヌ","Expert","10.0","9.7","-0.3","하향",""
"Basic Pianist","1536","亡き王女の為のセプテット","Hard","7.9","8.2","0.3","상향",""
"Basic Pianist","1537","亡き王女の為のセプテット","Expert","12.1","12.0","-0.1","하향",""
"Basic Pianist","1539","交響曲第5番第1楽章""運命""","Normal","3.0","2.6","-0.4","하향",""
"Basic Pianist","1540","交響曲第5番第1楽章""運命""","Hard","6.0","5.9","-0.1","하향",""
"Basic Pianist","1541","交響曲第5番第1楽章""運命""","Expert","9.9","9.7","-0.2","하향",""
"Basic Pianist","1542","交響曲第5番第1楽章""運命""","Real","12.1","11.8","-0.3","하향",""
"Basic Pianist","1543","交響曲第5番第4楽章","Normal","3.0","3.1","0.1","상향",""
"Basic Pianist","1545","交響曲第5番第4楽章","Expert","11.2","11.1","-0.1","하향",""
"Basic Pianist","1546","交響曲第5番第4楽章","Real","12.2","12.1","-0.1","하향",""
"Basic Pianist","1547","交響曲第7番第1楽章","Normal","3.0","3.2","0.2","상향",""
"Basic Pianist","1548","交響曲第7番第1楽章","Hard","6.8","7.2","0.4","상향",""
"Basic Pianist","1549","交響曲第7番第1楽章","Expert","11.1","11.3","0.2","상향",""
"Basic Pianist","1550","交響曲第7番第1楽章","Real","12.6","12.7","0.1","상향",""
"Basic Pianist","1551","交響曲第9番""新世界より""第4楽章","Normal","4.0","3.8","-0.2","하향",""
"Basic Pianist","1553","交響曲第9番""新世界より""第4楽章","Expert","10.5","10.6","0.1","상향",""
"Basic Pianist","1554","交響曲第9番""新世界より""第4楽章","Real","12.5","12.4","-0.1","하향",""
"Basic Pianist","1555","交響曲第9番第4楽章""歓喜の歌""","Normal","3.0","3.2","0.2","상향",""
"Basic Pianist","1556","交響曲第9番第4楽章""歓喜の歌""","Hard","6.9","7.2","0.3","상향",""
"Basic Pianist","1558","交響曲第9番第4楽章""歓喜の歌""","Real","12.8","12.9","0.1","상향",""
"Basic Pianist","1559","交響詩 「魔女狩り」","Normal","5.0","4.7","-0.3","하향",""
"Basic Pianist","1560","交響詩 「魔女狩り」","Hard","8.6","9.2","0.6","상향",""
"Basic Pianist","1561","交響詩 「魔女狩り」","Expert","12.1","11.8","-0.3","하향",""
"Basic Pianist","1562","交響詩 「魔女狩り」","Real","13.5","13.1","-0.4","하향",""
"Basic Pianist","1563","交響詩「はげ山の一夜」","Normal","4.0","4.1","0.1","상향",""
"Basic Pianist","1564","交響詩「はげ山の一夜」","Hard","7.3","7.2","-0.1","하향",""
"Basic Pianist","1565","交響詩「はげ山の一夜」","Expert","12.2","12.0","-0.2","하향",""
"Basic Pianist","1567","交響詩「悪魔の誕生」","Normal","8.0","7.7","-0.3","하향",""
"Basic Pianist","1568","交響詩「悪魔の誕生」","Hard","11.0","11.5","0.5","상향",""
"Basic Pianist","1569","交響詩「悪魔の誕生」","Expert","12.5","12.2","-0.3","하향",""
"Basic Pianist","1571","交響詩「死の舞踏」","Normal","4.0","4.1","0.1","상향",""
"Basic Pianist","1572","交響詩「死の舞踏」","Hard","6.8","7.0","0.2","상향",""
"Basic Pianist","1575","人形の夢と目覚め","Normal","2.0","1.9","-0.1","하향",""
"Basic Pianist","1576","人形の夢と目覚め","Hard","5.2","5.4","0.2","상향",""
"Basic Pianist","1577","人形の夢と目覚め","Expert","8.8","8.9","0.1","상향",""
"Basic Pianist","1578","僕の飛行機","Normal","2.0","2.1","0.1","상향",""
"Basic Pianist","1579","僕の飛行機","Hard","4.9","5.4","0.5","상향",""
"Basic Pianist","1581","冥 (BEMANI SYMPHONY NOSTALGIA mix)","Normal","4.0","3.6","-0.4","하향",""
"Basic Pianist","1582","冥 (BEMANI SYMPHONY NOSTALGIA mix)","Hard","6.8","6.7","-0.1","하향",""
"Basic Pianist","1583","冥 (BEMANI SYMPHONY NOSTALGIA mix)","Expert","11.2","10.8","-0.4","하향",""
"Basic Pianist","1584","冥 (BEMANI SYMPHONY NOSTALGIA mix)","Real","12.6","12.3","-0.3","하향",""
"Basic Pianist","1585","凛として咲く花の如く","Normal","4.0","3.7","-0.3","하향",""
"Basic Pianist","1586","凛として咲く花の如く","Hard","6.1","6.4","0.3","상향",""
"Basic Pianist","1588","凛として咲く花の如く","Real","10.9","11.4","0.5","상향",""
"Basic Pianist","1589","凛として咲く花の如く ～ひなビタ♪ edition～","Normal","3.0","3.4","0.4","상향",""
"Basic Pianist","1590","凛として咲く花の如く ～ひなビタ♪ edition～","Hard","6.7","7.1","0.4","상향",""
"Basic Pianist","1591","凛として咲く花の如く ～ひなビタ♪ edition～","Expert","10.8","10.9","0.1","상향",""
"Basic Pianist","1592","凛として咲く花の如く ～ひなビタ♪ edition～","Real","12.1","12.2","0.1","상향",""
"Basic Pianist","1593","凪を穿つ","Normal","5.0","4.8","-0.2","하향",""
"Basic Pianist","1594","凪を穿つ","Hard","8.2","8.3","0.1","상향",""
"Basic Pianist","1596","凪を穿つ","Real","12.8","12.7","-0.1","하향",""
"Basic Pianist","1597","初音ミクの消失","Normal","2.0","2.4","0.4","상향",""
"Basic Pianist","1599","初音ミクの消失","Expert","10.0","10.2","0.2","상향",""
"Basic Pianist","1600","別れのワルツ","Normal","3.0","2.5","-0.5","하향",""
"Basic Pianist","1601","別れのワルツ","Hard","6.0","5.8","-0.2","하향",""
"Basic Pianist","1602","別れのワルツ","Expert","8.1","7.6","-0.5","하향",""
"Basic Pianist","1603","別れのワルツ","Real","9.0","8.6","-0.4","하향",""
"Basic Pianist","1604","別れの曲","Normal","3.0","3.3","0.3","상향",""
"Basic Pianist","1605","別れの曲","Hard","6.4","6.3","-0.1","하향",""
"Basic Pianist","1606","別れの曲","Expert","8.3","7.6","-0.7","하향",""
"Basic Pianist","1607","別れの曲","Real","10.6","10.5","-0.1","하향",""
"Basic Pianist","1608","前奏曲 Op.23-5","Normal","4.0","3.8","-0.2","하향",""
"Basic Pianist","1609","前奏曲 Op.23-5","Hard","7.6","7.8","0.2","상향",""
"Basic Pianist","1610","前奏曲 Op.23-5","Expert","10.6","10.7","0.1","상향",""
"Basic Pianist","1611","前奏曲 Op.23-5","Real","12.2","12.3","0.1","상향",""
"Basic Pianist","1612","前奏曲 Op.23-9","Normal","3.0","2.9","-0.1","하향",""
"Basic Pianist","1613","前奏曲 Op.23-9","Hard","7.0","6.9","-0.1","하향",""
"Basic Pianist","1614","前奏曲 Op.23-9","Expert","11.7","11.6","-0.1","하향",""
"Basic Pianist","1615","前奏曲 Op.23-9","Real","13.1","12.9","-0.2","하향",""
"Basic Pianist","1616","前奏曲 Op.3-2 「鐘」","Normal","3.0","2.5","-0.5","하향",""
"Basic Pianist","1617","前奏曲 Op.3-2 「鐘」","Hard","6.9","6.5","-0.4","하향",""
"Basic Pianist","1618","前奏曲 Op.3-2 「鐘」","Expert","9.9","9.6","-0.3","하향",""
"Basic Pianist","1619","前奏曲 Op.3-2 「鐘」","Real","12.1","12.3","0.2","상향",""
"Basic Pianist","1620","創世ノート","Normal","5.0","4.6","-0.4","하향",""
"Basic Pianist","1621","創世ノート","Hard","7.7","7.8","0.1","상향",""
"Basic Pianist","1623","創世ノート","Real","12.5","12.6","0.1","상향",""
"Basic Pianist","1624","動物の謝肉祭より第13曲「白鳥」","Normal","3.0","2.5","-0.5","하향",""
"Basic Pianist","1625","動物の謝肉祭より第13曲「白鳥」","Hard","5.8","5.6","-0.2","하향",""
"Basic Pianist","1627","動物の謝肉祭より第13曲「白鳥」","Real","12.4","12.3","-0.1","하향",""
"Basic Pianist","1628","動物の謝肉祭より第7曲「水族館」","Normal","2.0","1.9","-0.1","하향",""
"Basic Pianist","1629","動物の謝肉祭より第7曲「水族館」","Hard","4.8","5.3","0.5","상향",""
"Basic Pianist","1630","動物の謝肉祭より第7曲「水族館」","Expert","12.1","11.9","-0.2","하향",""
"Basic Pianist","1631","動物の謝肉祭より第7曲「水族館」","Real","12.8","12.7","-0.1","하향",""
"Basic Pianist","1632","千年ノ理","Normal","3.0","3.4","0.4","상향",""
"Basic Pianist","1633","千年ノ理","Hard","7.8","8.2","0.4","상향",""
"Basic Pianist","1634","千年ノ理","Expert","12.1","11.7","-0.4","하향",""
"Basic Pianist","1635","千本桜","Normal","4.0","4.1","0.1","상향",""
"Basic Pianist","1636","千本桜","Hard","8.0","8.1","0.1","상향",""
"Basic Pianist","1637","千本桜","Expert","10.2","10.3","0.1","상향",""
"Basic Pianist","1638","千本桜","Real","11.9","12.0","0.1","상향",""
"Basic Pianist","1639","半音階的大ギャロップ","Normal","5.0","5.2","0.2","상향",""
"Basic Pianist","1640","半音階的大ギャロップ","Hard","8.9","9.4","0.5","상향",""
"Basic Pianist","1641","半音階的大ギャロップ","Expert","12.4","12.2","-0.2","하향",""
"Basic Pianist","1643","協奏曲「世界の果てに約束の凱歌を」～28の鍵盤のための～","Normal","4.0","4.5","0.5","상향",""
"Basic Pianist","1644","協奏曲「世界の果てに約束の凱歌を」～28の鍵盤のための～","Hard","8.0","8.2","0.2","상향",""
"Basic Pianist","1645","協奏曲「世界の果てに約束の凱歌を」～28の鍵盤のための～","Expert","12.0","11.9","-0.1","하향",""
"Basic Pianist","1647","協奏曲第1番ホ長調 RV 269「春」より第一楽章","Normal","4.0","3.6","-0.4","하향",""
"Basic Pianist","1648","協奏曲第1番ホ長調 RV 269「春」より第一楽章","Hard","6.7","6.6","-0.1","하향",""
"Basic Pianist","1649","協奏曲第1番ホ長調 RV 269「春」より第一楽章","Expert","11.0","10.7","-0.3","하향",""
"Basic Pianist","1650","協奏曲第1番ホ長調 RV 269「春」より第一楽章","Real","12.0","11.9","-0.1","하향",""
"Basic Pianist","1651","協奏曲第2番ト短調 RV 315「夏」より第三楽章","Normal","3.0","3.4","0.4","상향",""
"Basic Pianist","1652","協奏曲第2番ト短調 RV 315「夏」より第三楽章","Hard","7.3","7.5","0.2","상향",""
"Basic Pianist","1653","協奏曲第2番ト短調 RV 315「夏」より第三楽章","Expert","12.7","12.2","-0.5","하향",""
"Basic Pianist","1654","協奏曲第2番ト短調 RV 315「夏」より第三楽章","Real","13.4","13.2","-0.2","하향",""
"Basic Pianist","1655","協奏曲第3番ヘ長調 RV 293「秋」より第一楽章","Normal","3.0","2.9","-0.1","하향",""
"Basic Pianist","1656","協奏曲第3番ヘ長調 RV 293「秋」より第一楽章","Hard","5.8","6.2","0.4","상향",""
"Basic Pianist","1657","協奏曲第3番ヘ長調 RV 293「秋」より第一楽章","Expert","10.4","10.5","0.1","상향",""
"Basic Pianist","1659","協奏曲第4番ヘ短調 RV 297「冬」より第一楽章","Normal","4.0","4.4","0.4","상향",""
"Basic Pianist","1660","協奏曲第4番ヘ短調 RV 297「冬」より第一楽章","Hard","7.1","7.5","0.4","상향",""
"Basic Pianist","1661","協奏曲第4番ヘ短調 RV 297「冬」より第一楽章","Expert","12.1","12.2","0.1","상향",""
"Basic Pianist","1665","叛逆のディスパレート","Expert","11.6","11.5","-0.1","하향",""
"Basic Pianist","1666","叛逆のディスパレート","Real","12.5","12.4","-0.1","하향",""
"Basic Pianist","1667","古風なメヌエット","Normal","4.0","3.6","-0.4","하향",""
"Basic Pianist","1670","古風なメヌエット","Real","11.5","11.6","0.1","상향",""
"Basic Pianist","1671","向日葵サンセット","Normal","4.0","3.8","-0.2","하향",""
"Basic Pianist","1672","向日葵サンセット","Hard","7.0","7.1","0.1","상향",""
"Basic Pianist","1673","向日葵サンセット","Expert","10.2","10.3","0.1","상향",""
"Basic Pianist","1674","君氏危うくも近うよれ","Normal","3.0","2.6","-0.4","하향",""
"Basic Pianist","1677","君氏危うくも近うよれ","Real","11.2","11.3","0.1","상향",""
"Basic Pianist","1678","嘆きの樹 (BEMANI SYMPHONY NOSTALGIA mix)","Normal","4.0","4.2","0.2","상향",""
"Basic Pianist","1679","嘆きの樹 (BEMANI SYMPHONY NOSTALGIA mix)","Hard","6.7","6.8","0.1","상향",""
"Basic Pianist","1681","嘆きの樹 (BEMANI SYMPHONY NOSTALGIA mix)","Real","12.3","12.2","-0.1","하향",""
"Basic Pianist","1682","変わりゆく時間とノスタルジアと","Normal","4.0","4.1","0.1","상향",""
"Basic Pianist","1683","変わりゆく時間とノスタルジアと","Hard","6.5","6.3","-0.2","하향",""
"Basic Pianist","1684","変わりゆく時間とノスタルジアと","Expert","9.1","9.0","-0.1","하향",""
"Basic Pianist","1685","変わりゆく時間とノスタルジアと","Real","10.2","10.3","0.1","상향",""
"Basic Pianist","1686","変奏曲「天空遊覧」","Normal","3.0","3.5","0.5","상향",""
"Basic Pianist","1687","変奏曲「天空遊覧」","Hard","5.7","6.2","0.5","상향",""
"Basic Pianist","1688","変奏曲「天空遊覧」","Expert","9.5","9.7","0.2","상향",""
"Basic Pianist","1689","変奏曲「天空遊覧」","Real","10.9","11.4","0.5","상향",""
"Basic Pianist","1690","夏色DIARY 夕凪ノスタルジア","Normal","3.0","3.4","0.4","상향",""
"Basic Pianist","1691","夏色DIARY 夕凪ノスタルジア","Hard","7.2","7.5","0.3","상향",""
"Basic Pianist","1692","夏色DIARY 夕凪ノスタルジア","Expert","10.1","10.3","0.2","상향",""
"Basic Pianist","1693","夏色DIARY 夕凪ノスタルジア","Real","11.1","11.4","0.3","상향",""
"Basic Pianist","1694","夕映の真鍮","Normal","4.0","3.7","-0.3","하향",""
"Basic Pianist","1695","夕映の真鍮","Hard","7.0","7.1","0.1","상향",""
"Basic Pianist","1696","夕映の真鍮","Expert","11.0","11.1","0.1","상향",""
"Basic Pianist","1697","夕映の真鍮","Real","11.9","11.8","-0.1","하향",""
"Basic Pianist","1698","夕焼け猫とブリキのロボット","Normal","3.0","3.1","0.1","상향",""
"Basic Pianist","1699","夕焼け猫とブリキのロボット","Hard","4.9","5.4","0.5","상향",""
"Basic Pianist","1700","夕焼け猫とブリキのロボット","Expert","6.8","6.6","-0.2","하향",""
"Basic Pianist","1701","夕焼け猫とブリキのロボット","Real","9.9","10.2","0.3","상향",""
"Basic Pianist","1702","多極性ニューロンの崩壊による人間の末路","Normal","3.0","3.2","0.2","상향",""
"Basic Pianist","1703","多極性ニューロンの崩壊による人間の末路","Hard","7.0","7.3","0.3","상향",""
"Basic Pianist","1704","多極性ニューロンの崩壊による人間の末路","Expert","11.9","11.7","-0.2","하향",""
"Basic Pianist","1705","多極性ニューロンの崩壊による人間の末路","Real","12.9","12.8","-0.1","하향",""
"Basic Pianist","1706","夜想曲（ノクターン）第２番","Normal","2.0","2.3","0.3","상향",""
"Basic Pianist","1707","夜想曲（ノクターン）第２番","Hard","5.9","6.1","0.2","상향",""
"Basic Pianist","1708","夜想曲（ノクターン）第２番","Expert","7.1","6.5","-0.6","하향",""
"Basic Pianist","1709","夢ハ夢ノママデ","Normal","4.0","4.4","0.4","상향",""
"Basic Pianist","1711","夢ハ夢ノママデ","Expert","11.2","11.4","0.2","상향",""
"Basic Pianist","1712","夢想","Normal","3.0","2.5","-0.5","하향",""
"Basic Pianist","1713","夢想","Hard","5.9","5.6","-0.3","하향",""
"Basic Pianist","1714","夢想","Expert","9.0","8.6","-0.4","하향",""
"Basic Pianist","1715","夢想","Real","10.1","9.8","-0.3","하향",""
"Basic Pianist","1717","天ノ弱","Hard","6.9","7.2","0.3","상향",""
"Basic Pianist","1718","天ノ弱","Expert","9.8","9.9","0.1","상향",""
"Basic Pianist","1719","天使の追放","Normal","8.0","7.7","-0.3","하향",""
"Basic Pianist","1720","天使の追放","Hard","11.0","11.5","0.5","상향",""
"Basic Pianist","1721","天使の追放","Expert","12.5","12.2","-0.3","하향",""
"Basic Pianist","1722","天使の追放","Real","13.8","14.3","0.5","상향",""
"Basic Pianist","1723","天泣","Normal","4.0","4.3","0.3","상향",""
"Basic Pianist","1724","天泣","Hard","7.0","7.4","0.4","상향",""
"Basic Pianist","1725","天泣","Expert","12.2","12.1","-0.1","하향",""
"Basic Pianist","1726","天泣","Real","13.3","13.2","-0.1","하향",""
"Basic Pianist","1727","天空の夜明け (BEMANI SYMPHONY NOSTALGIA mix)","Normal","4.0","4.4","0.4","상향",""
"Basic Pianist","1728","天空の夜明け (BEMANI SYMPHONY NOSTALGIA mix)","Hard","7.9","8.0","0.1","상향",""
"Basic Pianist","1729","天空の夜明け (BEMANI SYMPHONY NOSTALGIA mix)","Expert","12.2","12.1","-0.1","하향",""
"Basic Pianist","1730","天空の夜明け (BEMANI SYMPHONY NOSTALGIA mix)","Real","13.3","13.2","-0.1","하향",""
"Basic Pianist","1731","女神の微睡","Normal","7.0","6.5","-0.5","하향",""
"Basic Pianist","1732","女神の微睡","Hard","8.9","9.3","0.4","상향",""
"Basic Pianist","1733","女神の微睡","Expert","12.7","12.2","-0.5","하향",""
"Basic Pianist","1734","女神の微睡","Real","13.9","14.2","0.3","상향",""
"Basic Pianist","1735","妖隠し -あやかしかくし-","Normal","3.0","3.4","0.4","상향",""
"Basic Pianist","1736","妖隠し -あやかしかくし-","Hard","6.9","7.3","0.4","상향",""
"Basic Pianist","1737","妖隠し -あやかしかくし-","Expert","10.0","10.3","0.3","상향",""
"Basic Pianist","1738","子供のためのアルバムより「メロディ」","Normal","1.0","1.1","0.1","상향",""
"Basic Pianist","1739","子供のためのアルバムより「メロディ」","Hard","3.0","3.5","0.5","상향",""
"Basic Pianist","1740","子供のためのアルバムより「メロディ」","Expert","5.7","5.5","-0.2","하향",""
"Basic Pianist","1741","子供のためのアルバムより「メロディ」","Real","9.0","8.5","-0.5","하향",""
"Basic Pianist","1742","官僚的なソナチネより第１楽章・第３楽章","Normal","4.0","3.7","-0.3","하향",""
"Basic Pianist","1745","官僚的なソナチネより第１楽章・第３楽章","Real","12.3","11.7","-0.6","하향",""
"Basic Pianist","1746","小フーガ ト短調 BWV578","Normal","3.0","3.4","0.4","상향",""
"Basic Pianist","1749","小人がひとり森の中で","Normal","1.0","1.1","0.1","상향",""
"Basic Pianist","1751","小人がひとり森の中で","Expert","8.1","7.5","-0.6","하향",""
"Basic Pianist","1753","小悪魔のエチュードOp.1 「タランテラ」","Hard","6.0","6.4","0.4","상향",""
"Basic Pianist","1755","小悪魔のエチュードOp.1 「タランテラ」","Real","12.3","12.1","-0.2","하향",""
"Basic Pianist","1756","小犬のワルツ","Normal","6.0","5.6","-0.4","하향",""
"Basic Pianist","1758","小犬のワルツ","Expert","12.4","12.1","-0.3","하향",""
"Basic Pianist","1759","少女アリスと箱庭幻想コンチェルト","Normal","4.0","4.1","0.1","상향",""
"Basic Pianist","1760","少女アリスと箱庭幻想コンチェルト","Hard","7.7","7.9","0.2","상향",""
"Basic Pianist","1761","少女アリスと箱庭幻想コンチェルト","Expert","11.1","11.3","0.2","상향",""
"Basic Pianist","1762","少女アリスと箱庭幻想コンチェルト","Real","12.8","12.7","-0.1","하향",""
"Basic Pianist","1763","少年と少女のためのラプソディア","Normal","4.0","4.2","0.2","상향",""
"Basic Pianist","1764","少年と少女のためのラプソディア","Hard","7.0","7.3","0.3","상향",""
"Basic Pianist","1765","少年と少女のためのラプソディア","Expert","11.1","11.0","-0.1","하향",""
"Basic Pianist","1766","展覧会の絵","Normal","3.0","3.3","0.3","상향",""
"Basic Pianist","1768","展覧会の絵","Expert","7.5","7.6","0.1","상향",""
"Basic Pianist","1769","山の魔王の宮殿にて","Normal","4.0","3.6","-0.4","하향",""
"Basic Pianist","1771","山の魔王の宮殿にて","Expert","11.7","11.5","-0.2","하향",""
"Basic Pianist","1772","山の魔王の宮殿にて","Real","12.4","12.3","-0.1","하향",""
"Basic Pianist","1773","平均律クラヴィーア曲集第1巻第2番プレリュード","Normal","4.0","3.5","-0.5","하향",""
"Basic Pianist","1774","平均律クラヴィーア曲集第1巻第2番プレリュード","Hard","6.7","6.6","-0.1","하향",""
"Basic Pianist","1775","平均律クラヴィーア曲集第1巻第2番プレリュード","Expert","12.4","11.7","-0.7","하향",""
"Basic Pianist","1776","平均律クラヴィーア曲集第1巻第2番プレリュード","Real","13.3","12.8","-0.5","하향",""
"Basic Pianist","1779","幻想のサテライト","Expert","11.1","10.9","-0.2","하향",""
"Basic Pianist","1780","幻想のサテライト","Real","12.6","12.4","-0.2","하향",""
"Basic Pianist","1781","幻想交響曲第4楽章「断頭台への行進」","Normal","4.0","4.2","0.2","상향",""
"Basic Pianist","1782","幻想交響曲第4楽章「断頭台への行進」","Hard","6.7","6.9","0.2","상향",""
"Basic Pianist","1783","幻想交響曲第4楽章「断頭台への行進」","Expert","12.1","12.0","-0.1","하향",""
"Basic Pianist","1784","幻想交響曲第4楽章「断頭台への行進」","Real","12.5","12.6","0.1","상향",""
"Basic Pianist","1785","幻想即興曲","Normal","6.0","5.7","-0.3","하향",""
"Basic Pianist","1786","幻想即興曲","Hard","9.1","9.4","0.3","상향",""
"Basic Pianist","1787","幻想即興曲","Expert","11.3","11.4","0.1","상향",""
"Basic Pianist","1788","幻想即興曲","Real","13.8","14.0","0.2","상향",""
"Basic Pianist","1789","幻想小曲集Op.12より第2曲「飛翔」","Normal","3.0","2.7","-0.3","하향",""
"Basic Pianist","1790","幻想小曲集Op.12より第2曲「飛翔」","Hard","6.7","6.6","-0.1","하향",""
"Basic Pianist","1791","幻想小曲集Op.12より第2曲「飛翔」","Expert","11.0","10.8","-0.2","하향",""
"Basic Pianist","1792","幻想小曲集Op.12より第2曲「飛翔」","Real","12.0","11.7","-0.3","하향",""
"Basic Pianist","1793","幻想系世界修復少女","Normal","3.0","2.8","-0.2","하향",""
"Basic Pianist","1794","幻想系世界修復少女","Hard","5.9","6.0","0.1","상향",""
"Basic Pianist","1796","幽雅に咲かせ、墨染の桜 ～ Border of Life","Normal","5.0","5.1","0.1","상향",""
"Basic Pianist","1797","幽雅に咲かせ、墨染の桜 ～ Border of Life","Hard","8.3","8.5","0.2","상향",""
"Basic Pianist","1799","序曲「煌」","Normal","4.0","4.1","0.1","상향",""
"Basic Pianist","1800","序曲「煌」","Hard","8.0","8.4","0.4","상향",""
"Basic Pianist","1801","序曲「煌」","Expert","11.9","11.8","-0.1","하향",""
"Basic Pianist","1803","形無き旋律","Normal","5.0","4.7","-0.3","하향",""
"Basic Pianist","1804","形無き旋律","Hard","7.5","7.4","-0.1","하향",""
"Basic Pianist","1805","形無き旋律","Expert","10.0","10.2","0.2","상향",""
"Basic Pianist","1806","形無き旋律","Real","12.0","11.8","-0.2","하향",""
"Basic Pianist","1807","待チ人ハ来ズ。","Normal","3.0","3.4","0.4","상향",""
"Basic Pianist","1808","待チ人ハ来ズ。","Hard","5.7","6.0","0.3","상향",""
"Basic Pianist","1809","待チ人ハ来ズ。","Expert","7.7","7.6","-0.1","하향",""
"Basic Pianist","1810","待チ人ハ来ズ。","Real","11.2","10.8","-0.4","하향",""
"Basic Pianist","1811","御伽噺に幕切れを","Normal","4.0","3.5","-0.5","하향",""
"Basic Pianist","1812","御伽噺に幕切れを","Hard","6.9","6.7","-0.2","하향",""
"Basic Pianist","1813","御伽噺に幕切れを","Expert","11.0","10.7","-0.3","하향",""
"Basic Pianist","1814","御伽噺に幕切れを","Real","11.9","11.8","-0.1","하향",""
"Basic Pianist","1816","恋とキングコング","Hard","7.1","7.0","-0.1","하향",""
"Basic Pianist","1817","恋とキングコング","Expert","10.0","10.2","0.2","상향",""
"Basic Pianist","1818","恋とキングコング","Real","12.0","11.9","-0.1","하향",""
"Basic Pianist","1819","恋と赤方偏移","Normal","4.0","3.6","-0.4","하향",""
"Basic Pianist","1820","恋と赤方偏移","Hard","6.7","6.6","-0.1","하향",""
"Basic Pianist","1821","恋と赤方偏移","Expert","11.4","11.5","0.1","상향",""
"Basic Pianist","1822","恋と赤方偏移","Real","12.4","12.3","-0.1","하향",""
"Basic Pianist","1824","恋愛観測 -2021真夏のエンディング ver.-","Hard","6.9","7.2","0.3","상향",""
"Basic Pianist","1825","恋愛観測 -2021真夏のエンディング ver.-","Expert","9.8","10.2","0.4","상향",""
"Basic Pianist","1826","恋愛観測 -2021真夏のエンディング ver.-","Real","12.0","12.2","0.2","상향",""
"Basic Pianist","1827","情操ディストピア","Normal","4.0","3.8","-0.2","하향",""
"Basic Pianist","1830","情操ディストピア","Real","12.5","12.6","0.1","상향",""
"Basic Pianist","1831","愛、遠く","Normal","3.0","3.5","0.5","상향",""
"Basic Pianist","1832","愛、遠く","Hard","6.4","6.5","0.1","상향",""
"Basic Pianist","1833","愛、遠く","Expert","10.3","10.4","0.1","상향",""
"Basic Pianist","1834","愛、遠く","Real","11.9","12.1","0.2","상향",""
"Basic Pianist","1835","愛の夢","Normal","4.0","4.2","0.2","상향",""
"Basic Pianist","1836","愛の夢","Hard","7.2","7.1","-0.1","하향",""
"Basic Pianist","1837","愛の夢","Expert","10.0","10.2","0.2","상향",""
"Basic Pianist","1838","愛の挨拶","Normal","2.0","2.4","0.4","상향",""
"Basic Pianist","1839","愛の挨拶","Hard","5.1","5.4","0.3","상향",""
"Basic Pianist","1840","愛の挨拶","Expert","6.7","6.6","-0.1","하향",""
"Basic Pianist","1841","打打打打打打打打打打","Normal","3.0","3.3","0.3","상향",""
"Basic Pianist","1842","打打打打打打打打打打","Hard","6.8","7.2","0.4","상향",""
"Basic Pianist","1845","斑咲花","Normal","4.0","3.7","-0.3","하향",""
"Basic Pianist","1846","斑咲花","Hard","6.7","6.8","0.1","상향",""
"Basic Pianist","1847","斑咲花","Expert","11.0","11.2","0.2","상향",""
"Basic Pianist","1849","明鏡止水","Normal","4.0","3.8","-0.2","하향",""
"Basic Pianist","1850","明鏡止水","Hard","9.0","9.2","0.2","상향",""
"Basic Pianist","1851","明鏡止水","Expert","12.1","11.8","-0.3","하향",""
"Basic Pianist","1852","星座が恋した瞬間を。","Normal","3.0","3.4","0.4","상향",""
"Basic Pianist","1853","星座が恋した瞬間を。","Hard","7.3","7.4","0.1","상향",""
"Basic Pianist","1855","春の歌","Normal","3.0","3.5","0.5","상향",""
"Basic Pianist","1856","春の歌","Hard","4.0","4.5","0.5","상향",""
"Basic Pianist","1857","春の歌","Expert","8.0","7.7","-0.3","하향",""
"Basic Pianist","1858","晴天Bon Voyage","Normal","3.0","2.7","-0.3","하향",""
"Basic Pianist","1859","晴天Bon Voyage","Hard","5.9","5.8","-0.1","하향",""
"Basic Pianist","1860","晴天Bon Voyage","Expert","9.8","9.6","-0.2","하향",""
"Basic Pianist","1861","晴天Bon Voyage","Real","12.0","11.7","-0.3","하향",""
"Basic Pianist","1862","最小三倍完全数(NOSTALGIA Style)","Normal","5.0","4.7","-0.3","하향",""
"Basic Pianist","1863","最小三倍完全数(NOSTALGIA Style)","Hard","7.8","8.0","0.2","상향",""
"Basic Pianist","1864","最小三倍完全数(NOSTALGIA Style)","Expert","11.1","11.2","0.1","상향",""
"Basic Pianist","1865","月に叢雲華に風","Normal","3.0","2.6","-0.4","하향",""
"Basic Pianist","1866","月に叢雲華に風","Hard","5.1","5.4","0.3","상향",""
"Basic Pianist","1867","月に叢雲華に風","Expert","7.9","7.6","-0.3","하향",""
"Basic Pianist","1868","月の光","Normal","5.0","4.7","-0.3","하향",""
"Basic Pianist","1869","月の光","Hard","6.2","6.4","0.2","상향",""
"Basic Pianist","1870","月の光","Expert","7.1","6.6","-0.5","하향",""
"Basic Pianist","1872","朧","Hard","6.8","7.1","0.3","상향",""
"Basic Pianist","1874","朧","Real","12.1","12.0","-0.1","하향",""
"Basic Pianist","1875","木枯らしのエチュード","Normal","4.0","4.5","0.5","상향",""
"Basic Pianist","1876","木枯らしのエチュード","Hard","7.9","8.4","0.5","상향",""
"Basic Pianist","1877","木枯らしのエチュード","Expert","12.5","12.2","-0.3","하향",""
"Basic Pianist","1879","東洋風幻想曲イスラメイ","Hard","9.1","9.3","0.2","상향",""
"Basic Pianist","1880","東洋風幻想曲イスラメイ","Expert","12.4","12.2","-0.2","하향",""
"Basic Pianist","1881","東洋風幻想曲イスラメイ","Real","13.8","13.9","0.1","상향",""
"Basic Pianist","1882","枕元で聞いた不思議な国のお話","Normal","4.0","4.3","0.3","상향",""
"Basic Pianist","1883","枕元で聞いた不思議な国のお話","Hard","7.1","7.5","0.4","상향",""
"Basic Pianist","1884","枕元で聞いた不思議な国のお話","Expert","11.0","11.3","0.3","상향",""
"Basic Pianist","1886","樅の木","Normal","2.0","1.6","-0.4","하향",""
"Basic Pianist","1887","樅の木","Hard","6.2","5.7","-0.5","하향",""
"Basic Pianist","1888","樅の木","Expert","8.9","8.6","-0.3","하향",""
"Basic Pianist","1889","樅の木","Real","11.9","11.6","-0.3","하향",""
"Basic Pianist","1890","残日の聲","Normal","5.0","4.9","-0.1","하향",""
"Basic Pianist","1891","残日の聲","Hard","7.9","8.3","0.4","상향",""
"Basic Pianist","1893","残日の聲","Real","12.6","12.7","0.1","상향",""
"Basic Pianist","1894","水の戯れ","Normal","4.0","3.7","-0.3","하향",""
"Basic Pianist","1896","水の戯れ","Expert","11.1","10.8","-0.3","하향",""
"Basic Pianist","1897","水の戯れ","Real","13.0","12.5","-0.5","하향",""
"Basic Pianist","1898","水上の音楽よりホーンパイプ","Normal","3.0","3.3","0.3","상향",""
"Basic Pianist","1899","水上の音楽よりホーンパイプ","Hard","5.8","5.9","0.1","상향",""
"Basic Pianist","1900","水上の音楽よりホーンパイプ","Expert","10.7","10.6","-0.1","하향",""
"Basic Pianist","1901","水上の音楽よりホーンパイプ","Real","11.5","11.6","0.1","상향",""
"Basic Pianist","1902","水恋アダージョ","Normal","3.0","3.1","0.1","상향",""
"Basic Pianist","1903","水恋アダージョ","Hard","5.9","6.2","0.3","상향",""
"Basic Pianist","1904","水恋アダージョ","Expert","10.0","10.1","0.1","상향",""
"Basic Pianist","1905","水晶塔のオルカ","Normal","5.0","5.1","0.1","상향",""
"Basic Pianist","1906","水晶塔のオルカ","Hard","8.2","8.4","0.2","상향",""
"Basic Pianist","1907","水晶塔のオルカ","Expert","10.9","11.1","0.2","상향",""
"Basic Pianist","1908","水晶塔のオルカ","Real","12.8","12.7","-0.1","하향",""
"Basic Pianist","1909","氷上の激情","Normal","4.0","3.7","-0.3","하향",""
"Basic Pianist","1911","氷上の激情","Expert","11.3","11.2","-0.1","하향",""
"Basic Pianist","1912","氷上の激情","Real","12.2","11.9","-0.3","하향",""
"Basic Pianist","1913","波と凪の挟間で","Normal","3.0","3.1","0.1","상향",""
"Basic Pianist","1914","波と凪の挟間で","Hard","6.9","7.1","0.2","상향",""
"Basic Pianist","1915","波と凪の挟間で","Expert","10.9","10.8","-0.1","하향",""
"Basic Pianist","1917","流砂の嵐 (BEMANI SYMPHONY Arr.)","Normal","4.0","4.3","0.3","상향",""
"Basic Pianist","1918","流砂の嵐 (BEMANI SYMPHONY Arr.)","Hard","6.7","6.8","0.1","상향",""
"Basic Pianist","1919","流砂の嵐 (BEMANI SYMPHONY Arr.)","Expert","10.7","10.8","0.1","상향",""
"Basic Pianist","1920","流砂の嵐 (BEMANI SYMPHONY Arr.)","Real","11.6","11.9","0.3","상향",""
"Basic Pianist","1921","海神 (BEMANI SYMPHONY Arr.)","Normal","4.0","4.2","0.2","상향",""
"Basic Pianist","1922","海神 (BEMANI SYMPHONY Arr.)","Hard","7.8","8.0","0.2","상향",""
"Basic Pianist","1923","海神 (BEMANI SYMPHONY Arr.)","Expert","11.8","11.7","-0.1","하향",""
"Basic Pianist","1924","海神 (BEMANI SYMPHONY Arr.)","Real","13.0","12.9","-0.1","하향",""
"Basic Pianist","1925","深海の夢","Normal","4.0","4.1","0.1","상향",""
"Basic Pianist","1926","深海の夢","Hard","7.0","7.3","0.3","상향",""
"Basic Pianist","1927","深海の夢","Expert","9.9","10.2","0.3","상향",""
"Basic Pianist","1928","深海の夢","Real","10.7","11.1","0.4","상향",""
"Basic Pianist","1929","滅びに至るエランプシス","Normal","4.0","3.9","-0.1","하향",""
"Basic Pianist","1930","滅びに至るエランプシス","Hard","7.7","7.8","0.1","상향",""
"Basic Pianist","1931","滅びに至るエランプシス","Expert","10.9","10.7","-0.2","하향",""
"Basic Pianist","1932","滅びに至るエランプシス","Real","12.5","12.4","-0.1","하향",""
"Basic Pianist","1933","熊蜂の飛行","Normal","3.0","2.6","-0.4","하향",""
"Basic Pianist","1934","熊蜂の飛行","Hard","7.9","7.7","-0.2","하향",""
"Basic Pianist","1935","熊蜂の飛行","Expert","12.3","11.7","-0.6","하향",""
"Basic Pianist","1936","熊蜂の飛行","Real","13.9","13.3","-0.6","하향",""
"Basic Pianist","1937","熱砂のバザルドュズ","Normal","5.0","4.9","-0.1","하향",""
"Basic Pianist","1938","熱砂のバザルドュズ","Hard","8.1","8.2","0.1","상향",""
"Basic Pianist","1941","狂水一華","Normal","4.0","4.2","0.2","상향",""
"Basic Pianist","1944","狂水一華","Real","11.9","12.0","0.1","상향",""
"Basic Pianist","1945","猫のワルツ","Normal","4.0","4.3","0.3","상향",""
"Basic Pianist","1946","猫のワルツ","Hard","8.2","7.9","-0.3","하향",""
"Basic Pianist","1951","猫侍の逆襲","Expert","10.9","11.3","0.4","상향",""
"Basic Pianist","1952","猫侍の逆襲","Real","12.6","12.7","0.1","상향",""
"Basic Pianist","1953","琥珀のくちづけ ～まり花＆一舞 duet edition～","Normal","3.0","3.2","0.2","상향",""
"Basic Pianist","1954","琥珀のくちづけ ～まり花＆一舞 duet edition～","Hard","6.7","6.8","0.1","상향",""
"Basic Pianist","1955","琥珀のくちづけ ～まり花＆一舞 duet edition～","Expert","10.9","11.0","0.1","상향",""
"Basic Pianist","1956","琥珀のくちづけ ～まり花＆一舞 duet edition～","Real","12.0","12.1","0.1","상향",""
"Basic Pianist","1957","琥珀の夢","Normal","2.0","1.6","-0.4","하향",""
"Basic Pianist","1958","琥珀の夢","Hard","4.7","5.0","0.3","상향",""
"Basic Pianist","1959","琥珀の夢","Expert","8.8","8.5","-0.3","하향",""
"Basic Pianist","1960","琥珀の夢","Real","10.7","10.5","-0.2","하향",""
"Basic Pianist","1961","神々が恋した幻想郷","Normal","3.0","3.2","0.2","상향",""
"Basic Pianist","1963","神々が恋した幻想郷","Expert","10.1","10.2","0.1","상향",""
"Basic Pianist","1964","神話に芽吹く","Normal","4.0","3.5","-0.5","하향",""
"Basic Pianist","1965","神話に芽吹く","Hard","6.7","6.8","0.1","상향",""
"Basic Pianist","1966","神話に芽吹く","Expert","11.9","11.6","-0.3","하향",""
"Basic Pianist","1967","管弦楽組曲第2番より「バディヌリー」","Normal","3.0","2.7","-0.3","하향",""
"Basic Pianist","1968","管弦楽組曲第2番より「バディヌリー」","Hard","6.9","6.8","-0.1","하향",""
"Basic Pianist","1969","管弦楽組曲第2番より「バディヌリー」","Expert","12.4","11.6","-0.8","하향",""
"Basic Pianist","1970","管弦楽組曲第2番より「バディヌリー」","Real","12.6","12.3","-0.3","하향",""
"Basic Pianist","1971","紡ぎ歌","Normal","4.0","4.3","0.3","상향",""
"Basic Pianist","1972","紡ぎ歌","Hard","5.8","6.1","0.3","상향",""
"Basic Pianist","1973","紡ぎ歌","Expert","8.8","9.0","0.2","상향",""
"Basic Pianist","1974","累乗のカルマ","Normal","5.0","4.5","-0.5","하향",""
"Basic Pianist","1975","累乗のカルマ","Hard","7.8","7.7","-0.1","하향",""
"Basic Pianist","1976","累乗のカルマ","Expert","11.6","11.5","-0.1","하향",""
"Basic Pianist","1977","累乗のカルマ","Real","12.0","12.3","0.3","상향",""
"Basic Pianist","1978","終曲「黒の狂」","Normal","5.0","4.8","-0.2","하향",""
"Basic Pianist","1979","終曲「黒の狂」","Hard","8.9","9.2","0.3","상향",""
"Basic Pianist","1980","終曲「黒の狂」","Expert","12.3","12.2","-0.1","하향",""
"Basic Pianist","1981","終曲「黒の狂」","Real","13.3","13.2","-0.1","하향",""
"Basic Pianist","1983","終曲・改「三儀の凱奏」","Hard","9.8","10.5","0.7","상향",""
"Basic Pianist","1986","結婚行進曲","Normal","2.0","2.2","0.2","상향",""
"Basic Pianist","1988","結婚行進曲","Expert","10.2","10.3","0.1","상향",""
"Basic Pianist","1989","結婚行進曲","Real","12.1","11.8","-0.3","하향",""
"Basic Pianist","1990","絵画的練習曲「音の絵」第6曲「赤ずきんと狼」","Normal","5.0","4.6","-0.4","하향",""
"Basic Pianist","1991","絵画的練習曲「音の絵」第6曲「赤ずきんと狼」","Hard","8.8","9.2","0.4","상향",""
"Basic Pianist","1992","絵画的練習曲「音の絵」第6曲「赤ずきんと狼」","Expert","12.1","12.0","-0.1","하향",""
"Basic Pianist","1993","絵画的練習曲「音の絵」第6曲「赤ずきんと狼」","Real","13.7","13.5","-0.2","하향",""
"Basic Pianist","1994","綠の風","Normal","2.0","2.3","0.3","상향",""
"Basic Pianist","1995","綠の風","Hard","3.7","4.5","0.8","상향",""
"Basic Pianist","1996","綠の風","Expert","5.8","5.5","-0.3","하향",""
"Basic Pianist","1997","羊皮紙の上の銀河","Normal","4.0","4.1","0.1","상향",""
"Basic Pianist","1998","羊皮紙の上の銀河","Hard","4.9","5.4","0.5","상향",""
"Basic Pianist","2000","羊皮紙の上の銀河","Real","10.8","10.9","0.1","상향",""
"Basic Pianist","2002","至上のラトゥーリア","Hard","7.0","6.9","-0.1","하향",""
"Basic Pianist","2003","至上のラトゥーリア","Expert","11.1","10.7","-0.4","하향",""
"Basic Pianist","2004","至上のラトゥーリア","Real","12.0","11.8","-0.2","하향",""
"Basic Pianist","2005","花のやくそく","Normal","2.0","2.1","0.1","상향",""
"Basic Pianist","2006","花のやくそく","Hard","4.8","5.4","0.6","상향",""
"Basic Pianist","2007","花のやくそく","Expert","5.9","5.6","-0.3","하향",""
"Basic Pianist","2008","花のように微笑むように","Normal","3.0","3.1","0.1","상향",""
"Basic Pianist","2009","花のように微笑むように","Hard","6.8","7.0","0.2","상향",""
"Basic Pianist","2010","花のように微笑むように","Expert","9.7","9.9","0.2","상향",""
"Basic Pianist","2011","花の歌","Normal","3.0","2.8","-0.2","하향",""
"Basic Pianist","2012","花の歌","Hard","4.9","5.2","0.3","상향",""
"Basic Pianist","2013","花の歌","Expert","11.2","10.8","-0.4","하향",""
"Basic Pianist","2014","花は折りたし梢は高し","Normal","3.0","2.8","-0.2","하향",""
"Basic Pianist","2015","花は折りたし梢は高し","Hard","6.1","5.9","-0.2","하향",""
"Basic Pianist","2016","花は折りたし梢は高し","Expert","9.9","9.8","-0.1","하향",""
"Basic Pianist","2017","花は折りたし梢は高し","Real","12.1","12.3","0.2","상향",""
"Basic Pianist","2018","英雄ポロネーズ","Normal","6.0","5.6","-0.4","하향",""
"Basic Pianist","2019","英雄ポロネーズ","Hard","7.2","7.4","0.2","상향",""
"Basic Pianist","2020","英雄ポロネーズ","Expert","11.2","11.5","0.3","상향",""
"Basic Pianist","2021","英雄ポロネーズ","Real","12.1","12.5","0.4","상향",""
"Basic Pianist","2022","華麗なるニョアの剣舞","Normal","4.0","3.5","-0.5","하향",""
"Basic Pianist","2023","華麗なるニョアの剣舞","Hard","8.4","8.0","-0.4","하향",""
"Basic Pianist","2024","華麗なるニョアの剣舞","Expert","11.7","11.5","-0.2","하향",""
"Basic Pianist","2025","華麗なるニョアの剣舞","Real","12.9","12.8","-0.1","하향",""
"Basic Pianist","2026","華麗なる大円舞曲","Normal","4.0","4.4","0.4","상향",""
"Basic Pianist","2027","華麗なる大円舞曲","Hard","7.2","7.4","0.2","상향",""
"Basic Pianist","2028","華麗なる大円舞曲","Expert","9.7","10.0","0.3","상향",""
"Basic Pianist","2030","蒼氷のフラグメント","Normal","3.0","3.2","0.2","상향",""
"Basic Pianist","2031","蒼氷のフラグメント","Hard","5.8","6.0","0.2","상향",""
"Basic Pianist","2033","蒼氷のフラグメント","Real","12.6","12.3","-0.3","하향",""
"Basic Pianist","2034","虚空を飛ぶ鳥は誰の夢を見るか","Normal","3.0","3.4","0.4","상향",""
"Basic Pianist","2035","虚空を飛ぶ鳥は誰の夢を見るか","Hard","6.9","7.4","0.5","상향",""
"Basic Pianist","2036","虚空を飛ぶ鳥は誰の夢を見るか","Expert","12.3","12.1","-0.2","하향",""
"Basic Pianist","2037","虹色の花","Normal","4.0","3.8","-0.2","하향",""
"Basic Pianist","2038","虹色の花","Hard","5.9","6.0","0.1","상향",""
"Basic Pianist","2039","虹色の花","Expert","10.7","10.6","-0.1","하향",""
"Basic Pianist","2040","虹色の花","Real","12.6","12.5","-0.1","하향",""
"Basic Pianist","2041","見知らぬ国と人々について","Normal","1.0","1.2","0.2","상향",""
"Basic Pianist","2042","見知らぬ国と人々について","Hard","2.8","3.2","0.4","상향",""
"Basic Pianist","2043","見知らぬ国と人々について","Expert","6.9","6.5","-0.4","하향",""
"Basic Pianist","2044","見知らぬ国と人々について","Real","9.8","9.5","-0.3","하향",""
"Basic Pianist","2045","調子の良い鍛冶屋","Normal","3.0","2.9","-0.1","하향",""
"Basic Pianist","2047","調子の良い鍛冶屋","Expert","11.1","10.9","-0.2","하향",""
"Basic Pianist","2048","調子の良い鍛冶屋","Real","12.3","12.1","-0.2","하향",""
"Basic Pianist","2049","貴婦人の乗馬","Normal","3.0","3.3","0.3","상향",""
"Basic Pianist","2050","貴婦人の乗馬","Hard","6.1","6.3","0.2","상향",""
"Basic Pianist","2051","貴婦人の乗馬","Expert","9.8","9.7","-0.1","하향",""
"Basic Pianist","2052","走れメロンパン","Normal","2.0","1.7","-0.3","하향",""
"Basic Pianist","2053","走れメロンパン","Hard","4.8","5.2","0.4","상향",""
"Basic Pianist","2054","走れメロンパン","Expert","8.8","8.6","-0.2","하향",""
"Basic Pianist","2056","踊るあやつり人形","Normal","3.0","3.3","0.3","상향",""
"Basic Pianist","2057","踊るあやつり人形","Hard","5.8","6.0","0.2","상향",""
"Basic Pianist","2058","踊るあやつり人形","Expert","10.7","10.6","-0.1","하향",""
"Basic Pianist","2059","踊るあやつり人形","Real","11.9","11.7","-0.2","하향",""
"Basic Pianist","2060","軍隊行進曲第1番","Normal","4.0","3.7","-0.3","하향",""
"Basic Pianist","2061","軍隊行進曲第1番","Hard","6.0","6.3","0.3","상향",""
"Basic Pianist","2062","軍隊行進曲第1番","Expert","10.9","11.0","0.1","상향",""
"Basic Pianist","2063","轟け！恋のビーンボール！！","Normal","4.0","3.6","-0.4","하향",""
"Basic Pianist","2064","轟け！恋のビーンボール！！","Hard","7.7","7.8","0.1","상향",""
"Basic Pianist","2068","追憶のアラウカリア","Hard","6.7","7.0","0.3","상향",""
"Basic Pianist","2069","追憶のアラウカリア","Expert","11.2","11.3","0.1","상향",""
"Basic Pianist","2070","追憶のアラウカリア","Real","12.2","12.1","-0.1","하향",""
"Basic Pianist","2071","追憶のアリア","Normal","3.0","2.9","-0.1","하향",""
"Basic Pianist","2072","追憶のアリア","Hard","5.8","6.0","0.2","상향",""
"Basic Pianist","2074","追憶のアリア","Real","11.8","11.7","-0.1","하향",""
"Basic Pianist","2075","追憶の変奏曲","Normal","4.0","3.8","-0.2","하향",""
"Basic Pianist","2076","追憶の変奏曲","Hard","6.8","6.9","0.1","상향",""
"Basic Pianist","2077","追憶の変奏曲","Expert","12.0","11.8","-0.2","하향",""
"Basic Pianist","2078","追憶の変奏曲","Real","12.7","12.5","-0.2","하향",""
"Basic Pianist","2079","逆さま(ハート)シンデレラパレード","Normal","3.0","3.2","0.2","상향",""
"Basic Pianist","2080","逆さま(ハート)シンデレラパレード","Hard","5.7","6.0","0.3","상향",""
"Basic Pianist","2081","逆さま(ハート)シンデレラパレード","Expert","9.8","10.0","0.2","상향",""
"Basic Pianist","2083","遠い世界の時と空","Normal","4.0","4.2","0.2","상향",""
"Basic Pianist","2084","遠い世界の時と空","Hard","7.2","7.3","0.1","상향",""
"Basic Pianist","2085","遠い世界の時と空","Expert","10.1","10.3","0.2","상향",""
"Basic Pianist","2086","遠い世界の時と空","Real","12.2","12.1","-0.1","하향",""
"Basic Pianist","2087","野ばら","Normal","4.0","3.7","-0.3","하향",""
"Basic Pianist","2088","野ばら","Hard","6.7","6.8","0.1","상향",""
"Basic Pianist","2089","野ばら","Expert","10.9","10.7","-0.2","하향",""
"Basic Pianist","2090","野ばら","Real","12.1","12.3","0.2","상향",""
"Basic Pianist","2091","量子の海のリントヴルム","Normal","3.0","2.7","-0.3","하향",""
"Basic Pianist","2092","量子の海のリントヴルム","Hard","7.0","6.9","-0.1","하향",""
"Basic Pianist","2093","量子の海のリントヴルム","Expert","10.9","10.7","-0.2","하향",""
"Basic Pianist","2094","量子の海のリントヴルム","Real","12.8","12.5","-0.3","하향",""
"Basic Pianist","2095","量子の海のリントヴルム (BEMANI SYMPHONY NOSTALGIA mix)","Normal","4.0","4.3","0.3","상향",""
"Basic Pianist","2096","量子の海のリントヴルム (BEMANI SYMPHONY NOSTALGIA mix)","Hard","6.6","6.8","0.2","상향",""
"Basic Pianist","2097","量子の海のリントヴルム (BEMANI SYMPHONY NOSTALGIA mix)","Expert","11.1","11.4","0.3","상향",""
"Basic Pianist","2098","量子の海のリントヴルム (BEMANI SYMPHONY NOSTALGIA mix)","Real","12.5","12.6","0.1","상향",""
"Basic Pianist","2099","鋳鉄の檻","Normal","3.0","2.7","-0.3","하향",""
"Basic Pianist","2104","防人恋歌","Hard","5.7","6.2","0.5","상향",""
"Basic Pianist","2106","防人恋歌","Real","10.9","11.0","0.1","상향",""
"Basic Pianist","2107","隅田川夏恋歌","Normal","4.0","4.3","0.3","상향",""
"Basic Pianist","2108","隅田川夏恋歌","Hard","8.4","8.5","0.1","상향",""
"Basic Pianist","2109","隅田川夏恋歌","Expert","12.1","11.9","-0.2","하향",""
"Basic Pianist","2111","雫","Normal","4.0","4.4","0.4","상향",""
"Basic Pianist","2112","雫","Hard","8.2","8.3","0.1","상향",""
"Basic Pianist","2114","零と弌の鍵の唄","Normal","4.0","4.1","0.1","상향",""
"Basic Pianist","2115","零と弌の鍵の唄","Hard","6.7","6.9","0.2","상향",""
"Basic Pianist","2116","零と弌の鍵の唄","Expert","11.7","11.6","-0.1","하향",""
"Basic Pianist","2118","霖が哭く","Normal","5.0","4.9","-0.1","하향",""
"Basic Pianist","2119","霖が哭く","Hard","9.2","9.3","0.1","상향",""
"Basic Pianist","2120","霖が哭く","Expert","11.8","11.7","-0.1","하향",""
"Basic Pianist","2122","静謐なる揺籃","Hard","6.1","6.3","0.2","상향",""
"Basic Pianist","2123","静謐なる揺籃","Expert","10.0","10.4","0.4","상향",""
"Basic Pianist","2124","静謐なる揺籃","Real","12.5","12.2","-0.3","하향",""
"Basic Pianist","2125","面影橋","Normal","4.0","4.4","0.4","상향",""
"Basic Pianist","2126","面影橋","Hard","5.8","6.3","0.5","상향",""
"Basic Pianist","2127","面影橋","Expert","9.8","10.1","0.3","상향",""
"Basic Pianist","2128","面影橋","Real","11.5","11.7","0.2","상향",""
"Basic Pianist","2129","革命","Normal","6.0","5.6","-0.4","하향",""
"Basic Pianist","2131","革命","Expert","12.3","12.1","-0.2","하향",""
"Basic Pianist","2132","革命","Real","13.8","14.1","0.3","상향",""
"Basic Pianist","2133","風の丘の東","Normal","3.0","3.3","0.3","상향",""
"Basic Pianist","2134","風の丘の東","Hard","7.0","7.2","0.2","상향",""
"Basic Pianist","2135","風の丘の東","Expert","9.9","10.1","0.2","상향",""
"Basic Pianist","2136","風の丘の東","Real","11.3","11.5","0.2","상향",""
"Basic Pianist","2137","風鈴花火","Normal","3.0","3.2","0.2","상향",""
"Basic Pianist","2138","風鈴花火","Hard","6.0","6.2","0.2","상향",""
"Basic Pianist","2140","飽和世界","Normal","3.0","2.8","-0.2","하향",""
"Basic Pianist","2141","飽和世界","Hard","6.3","6.4","0.1","상향",""
"Basic Pianist","2142","飽和世界","Expert","7.4","6.6","-0.8","하향",""
"Basic Pianist","2143","飽和世界","Real","9.9","10.4","0.5","상향",""
"Basic Pianist","2144","魔王","Normal","3.0","3.3","0.3","상향",""
"Basic Pianist","2145","魔王","Hard","7.1","7.5","0.4","상향",""
"Basic Pianist","2146","魔王","Expert","11.9","12.2","0.3","상향",""
"Basic Pianist","2147","魔王","Real","12.9","13.3","0.4","상향",""
"Basic Pianist","2148","魔笛より夜の女王のアリア","Normal","4.0","3.7","-0.3","하향",""
"Basic Pianist","2149","魔笛より夜の女王のアリア","Hard","6.9","6.7","-0.2","하향",""
"Basic Pianist","2150","魔笛より夜の女王のアリア","Expert","11.1","10.9","-0.2","하향",""
"Basic Pianist","2151","魔笛より夜の女王のアリア","Real","12.6","12.4","-0.2","하향",""
"Basic Pianist","2152","黒緋の白鳥座","Normal","4.0","3.8","-0.2","하향",""
"Basic Pianist","2153","黒緋の白鳥座","Hard","6.9","7.2","0.3","상향",""
"Basic Pianist","2154","黒緋の白鳥座","Expert","10.7","10.6","-0.1","하향",""
"Basic Pianist","2156","４つの音の終止点によるimpromptu","Normal","4.0","3.8","-0.2","하향",""
"Basic Pianist","2157","４つの音の終止点によるimpromptu","Hard","7.7","7.8","0.1","상향",""
"Basic Pianist","2159","４つの音の終止点によるimpromptu","Real","12.8","12.6","-0.2","하향",""
"Basic Pianist","2243","Pink Rose","Real","11.0","11.2","0.2","상향",""
"Basic Pianist","2472","Towards the TOWER","Real","12.7","12.6","-0.1","하향",""
"Basic Pianist","3878","音楽","Normal","","5.5","","신규",""
"Basic Pianist","3879","音楽","Hard","9.9","10.5","0.6","상향",""
"Basic Pianist","3880","音楽","Expert","12.1","12.2","0.1","상향",""
"Basic Pianist","3885","Just Be Friends","Real","11.1","11.4","0.3","상향",""
"Basic Pianist","3934","Somebody Stole My Gal","Normal","","2.5","","신규",""
"Basic Pianist","3935","Somebody Stole My Gal","Hard","5.7","5.5","-0.2","하향",""
"Basic Pianist","3936","Somebody Stole My Gal","Expert","8.8","8.6","-0.2","하향",""
"Basic Pianist","3937","Somebody Stole My Gal","Real","9.9","9.8","-0.1","하향",""
"Basic Pianist","4337","月の光","Real","","10.8","","신규","공식 상수 미확인, 분석용 임시 기준 11.0 사용"
"Recital Grd","1","24の前奏曲より｢雨だれ｣","Normal","1.0","1.5","0.5","상향",""
"Recital Grd","2","24の前奏曲より｢雨だれ｣","Hard","4.0","4.4","0.4","상향",""
"Recital Grd","3","24の前奏曲より｢雨だれ｣","Expert","7.0","7.2","0.2","상향",""
"Recital Grd","4","3 A.M. ディテクティブ・ゲーム","Normal","3.0","2.8","-0.2","하향",""
"Recital Grd","5","3 A.M. ディテクティブ・ゲーム","Hard","6.9","6.6","-0.3","하향",""
"Recital Grd","6","3 A.M. ディテクティブ・ゲーム","Expert","11.0","10.7","-0.3","하향",""
"Recital Grd","7","3 A.M. ディテクティブ・ゲーム","Real","11.9","11.8","-0.1","하향",""
"Recital Grd","8","3人の王女と進め","Normal","4.0","3.8","-0.2","하향",""
"Recital Grd","9","3人の王女と進め","Hard","6.0","6.2","0.2","상향",""
"Recital Grd","10","3人の王女と進め","Expert","9.0","9.2","0.2","상향",""
"Recital Grd","11","50th Memorial Songs -Beginning Story-","Normal","3.0","2.8","-0.2","하향",""
"Recital Grd","12","50th Memorial Songs -Beginning Story-","Hard","6.0","6.3","0.3","상향",""
"Recital Grd","13","50th Memorial Songs -Beginning Story-","Expert","10.0","10.4","0.4","상향",""
"Recital Grd","14","50th Memorial Songs -Flagship medley-","Normal","3.0","2.5","-0.5","하향",""
"Recital Grd","15","50th Memorial Songs -Flagship medley-","Hard","7.0","6.6","-0.4","하향",""
"Recital Grd","16","50th Memorial Songs -Flagship medley-","Expert","10.9","10.8","-0.1","하향",""
"Recital Grd","17","50th Memorial Songs -The BEMANI History-","Normal","3.0","2.8","-0.2","하향",""
"Recital Grd","18","50th Memorial Songs -The BEMANI History-","Hard","7.0","7.2","0.2","상향",""
"Recital Grd","19","50th Memorial Songs -The BEMANI History-","Expert","11.0","11.2","0.2","상향",""
"Recital Grd","20","50th Memorial Songs -二人の時 ～under the cherry blossoms～-","Normal","4.0","3.6","-0.4","하향",""
"Recital Grd","21","50th Memorial Songs -二人の時 ～under the cherry blossoms～-","Hard","6.0","6.2","0.2","상향",""
"Recital Grd","22","50th Memorial Songs -二人の時 ～under the cherry blossoms～-","Expert","9.9","10.2","0.3","상향",""
"Recital Grd","23","Afterimage d'automne","Normal","4.0","4.3","0.3","상향",""
"Recital Grd","24","Afterimage d'automne","Hard","7.0","7.2","0.2","상향",""
"Recital Grd","25","Afterimage d'automne","Expert","11.0","11.2","0.2","상향",""
"Recital Grd","26","Aftermath","Normal","3.0","3.2","0.2","상향",""
"Recital Grd","27","Aftermath","Hard","6.9","6.8","-0.1","하향",""
"Recital Grd","28","Aftermath","Expert","11.0","11.1","0.1","상향",""
"Recital Grd","29","Aftermath","Real","12.3","12.4","0.1","상향",""
"Recital Grd","30","Altale","Normal","5.0","4.6","-0.4","하향",""
"Recital Grd","31","Altale","Hard","7.2","7.5","0.3","상향",""
"Recital Grd","33","Altale","Real","12.0","12.2","0.2","상향",""
"Recital Grd","34","Ater Regis","Normal","5.0","5.5","0.5","상향",""
"Recital Grd","35","Ater Regis","Hard","9.0","8.8","-0.2","하향",""
"Recital Grd","38","Audite Nostalgia","Normal","3.0","3.2","0.2","상향",""
"Recital Grd","39","Audite Nostalgia","Hard","6.0","5.7","-0.3","하향",""
"Recital Grd","42","Ave","Normal","4.0","4.5","0.5","상향",""
"Recital Grd","43","Ave","Hard","8.0","8.2","0.2","상향",""
"Recital Grd","46","Awakening Wings(NOSTALGIA Style)","Normal","3.0","2.7","-0.3","하향",""
"Recital Grd","47","Awakening Wings(NOSTALGIA Style)","Hard","6.0","5.7","-0.3","하향",""
"Recital Grd","48","Awakening Wings(NOSTALGIA Style)","Expert","10.0","9.9","-0.1","하향",""
"Recital Grd","50","BIG SHOT / [[BIG]]の力","Normal","3.0","3.1","0.1","상향",""
"Recital Grd","51","BIG SHOT / [[BIG]]の力","Hard","6.0","6.3","0.3","상향",""
"Recital Grd","52","BIG SHOT / [[BIG]]の力","Expert","10.9","11.0","0.1","상향",""
"Recital Grd","53","BIG SHOT / [[BIG]]の力","Real","12.5","12.7","0.2","상향",""
"Recital Grd","54","BLACK JACKAL(NOSTALGIA Style)","Normal","5.0","4.7","-0.3","하향",""
"Recital Grd","55","BLACK JACKAL(NOSTALGIA Style)","Hard","7.0","7.3","0.3","상향",""
"Recital Grd","56","BLACK JACKAL(NOSTALGIA Style)","Expert","11.0","11.3","0.3","상향",""
"Recital Grd","57","Bad Apple!! feat. nomico","Normal","4.0","4.2","0.2","상향",""
"Recital Grd","59","Bad Apple!! feat. nomico","Expert","10.0","10.4","0.4","상향",""
"Recital Grd","60","Barbara","Normal","4.0","4.3","0.3","상향",""
"Recital Grd","61","Barbara","Hard","6.9","7.2","0.3","상향",""
"Recital Grd","62","Barbara","Expert","11.9","11.7","-0.2","하향",""
"Recital Grd","63","Barbara","Real","12.4","12.6","0.2","상향",""
"Recital Grd","64","Battle Against a True Hero / 本物のヒーローとの戦い","Normal","4.0","4.4","0.4","상향",""
"Recital Grd","65","Battle Against a True Hero / 本物のヒーローとの戦い","Hard","7.0","7.4","0.4","상향",""
"Recital Grd","67","Battle Against a True Hero / 本物のヒーローとの戦い","Real","12.9","13.0","0.1","상향",""
"Recital Grd","68","Be a Hero!","Normal","5.0","4.6","-0.4","하향",""
"Recital Grd","70","Be a Hero!","Expert","11.9","12.0","0.1","상향",""
"Recital Grd","71","Beyond the Ocean","Normal","3.0","2.6","-0.4","하향",""
"Recital Grd","72","Beyond the Ocean","Hard","6.0","6.2","0.2","상향",""
"Recital Grd","73","Beyond the Ocean","Expert","10.0","10.1","0.1","상향",""
"Recital Grd","74","Blind Justice ～Torn souls,Hurt Faiths～","Normal","5.0","4.8","-0.2","하향",""
"Recital Grd","75","Blind Justice ～Torn souls,Hurt Faiths～","Hard","7.0","7.4","0.4","상향",""
"Recital Grd","76","Blind Justice ～Torn souls,Hurt Faiths～","Expert","10.1","10.3","0.2","상향",""
"Recital Grd","77","Blind Justice ～Torn souls,Hurt Faiths～","Real","11.1","11.4","0.3","상향",""
"Recital Grd","78","Bonetrousle","Normal","4.0","4.3","0.3","상향",""
"Recital Grd","79","Bonetrousle","Hard","6.9","7.1","0.2","상향",""
"Recital Grd","80","Bonetrousle","Expert","11.8","11.6","-0.2","하향",""
"Recital Grd","82","CHOCOLATE PHILOSOPHY","Normal","4.0","3.6","-0.4","하향",""
"Recital Grd","83","CHOCOLATE PHILOSOPHY","Hard","6.0","6.1","0.1","상향",""
"Recital Grd","84","CHOCOLATE PHILOSOPHY","Expert","11.0","10.8","-0.2","하향",""
"Recital Grd","87","COSMIC SYMPHONY","Hard","8.0","8.2","0.2","상향",""
"Recital Grd","88","COSMIC SYMPHONY","Expert","11.0","11.2","0.2","상향",""
"Recital Grd","90","CandyPop★Showcase","Normal","4.0","3.6","-0.4","하향",""
"Recital Grd","93","CandyPop★Showcase","Real","11.9","11.7","-0.2","하향",""
"Recital Grd","94","CaptivAte ～浄化～","Normal","5.0","5.1","0.1","상향",""
"Recital Grd","95","CaptivAte ～浄化～","Hard","8.0","8.2","0.2","상향",""
"Recital Grd","96","CaptivAte ～浄化～","Expert","9.1","9.4","0.3","상향",""
"Recital Grd","97","CaptivAte ～浄化～","Real","11.0","11.1","0.1","상향",""
"Recital Grd","98","Carezza","Normal","4.0","4.5","0.5","상향",""
"Recital Grd","99","Carezza","Hard","9.9","9.6","-0.3","하향",""
"Recital Grd","100","Carezza","Expert","12.0","12.1","0.1","상향",""
"Recital Grd","102","Catapulted Arch","Hard","8.0","8.4","0.4","상향",""
"Recital Grd","103","Catapulted Arch","Expert","11.0","11.5","0.5","상향",""
"Recital Grd","105","Catch Our Fire!","Normal","5.0","5.1","0.1","상향",""
"Recital Grd","106","Catch Our Fire!","Hard","8.0","8.2","0.2","상향",""
"Recital Grd","107","Catch Our Fire!","Expert","12.0","12.2","0.2","상향",""
"Recital Grd","108","Celsus","Normal","3.0","3.3","0.3","상향",""
"Recital Grd","110","Celsus","Expert","11.1","11.3","0.2","상향",""
"Recital Grd","111","Celsus","Real","12.5","12.4","-0.1","하향",""
"Recital Grd","112","Chronos","Normal","4.0","4.3","0.3","상향",""
"Recital Grd","113","Chronos","Hard","7.0","7.4","0.4","상향",""
"Recital Grd","115","City of Mirrors","Normal","3.0","2.7","-0.3","하향",""
"Recital Grd","116","City of Mirrors","Hard","6.0","5.7","-0.3","하향",""
"Recital Grd","117","City of Mirrors","Expert","8.0","8.5","0.5","상향",""
"Recital Grd","118","City of Mirrors","Real","11.1","11.4","0.3","상향",""
"Recital Grd","119","Claustra","Normal","4.0","4.2","0.2","상향",""
"Recital Grd","120","Claustra","Hard","8.0","8.1","0.1","상향",""
"Recital Grd","121","Claustra","Expert","11.1","11.2","0.1","상향",""
"Recital Grd","122","Claustra","Real","13.0","13.1","0.1","상향",""
"Recital Grd","123","Colorful Cookie (BEMANI SYMPHONY NOSTALGIA mix)","Normal","3.0","2.7","-0.3","하향",""
"Recital Grd","124","Colorful Cookie (BEMANI SYMPHONY NOSTALGIA mix)","Hard","6.1","5.7","-0.4","하향",""
"Recital Grd","125","Colorful Cookie (BEMANI SYMPHONY NOSTALGIA mix)","Expert","10.0","9.8","-0.2","하향",""
"Recital Grd","126","Colorful Cookie (BEMANI SYMPHONY NOSTALGIA mix)","Real","12.5","12.3","-0.2","하향",""
"Recital Grd","127","Concertino in Blue","Normal","6.0","5.7","-0.3","하향",""
"Recital Grd","128","Concertino in Blue","Hard","8.9","9.1","0.2","상향",""
"Recital Grd","129","Concertino in Blue","Expert","11.9","11.8","-0.1","하향",""
"Recital Grd","130","Concertino in Blue","Real","12.7","12.8","0.1","상향",""
"Recital Grd","131","Corridor of Reminiscence","Normal","3.0","2.7","-0.3","하향",""
"Recital Grd","132","Corridor of Reminiscence","Hard","6.0","5.6","-0.4","하향",""
"Recital Grd","133","Corridor of Reminiscence","Expert","9.9","9.5","-0.4","하향",""
"Recital Grd","134","Corridor of Reminiscence","Real","11.8","11.5","-0.3","하향",""
"Recital Grd","135","DUAL STRIKER","Normal","3.0","3.1","0.1","상향",""
"Recital Grd","137","DUAL STRIKER","Expert","11.0","10.8","-0.2","하향",""
"Recital Grd","138","DUAL STRIKER","Real","11.9","11.8","-0.1","하향",""
"Recital Grd","139","Danza Pantera","Normal","4.0","3.8","-0.2","하향",""
"Recital Grd","140","Danza Pantera","Hard","8.0","7.9","-0.1","하향",""
"Recital Grd","141","Danza Pantera","Expert","11.9","11.7","-0.2","하향",""
"Recital Grd","142","Datte! Brand-New Me!!","Normal","3.0","3.1","0.1","상향",""
"Recital Grd","143","Datte! Brand-New Me!!","Hard","6.9","6.7","-0.2","하향",""
"Recital Grd","144","Datte! Brand-New Me!!","Expert","10.0","10.2","0.2","상향",""
"Recital Grd","145","Dream of You","Normal","4.0","4.4","0.4","상향",""
"Recital Grd","147","Dream of You","Expert","10.0","10.3","0.3","상향",""
"Recital Grd","148","Dream of You","Real","11.1","11.2","0.1","상향",""
"Recital Grd","149","Drive in Sunday","Normal","4.0","3.6","-0.4","하향",""
"Recital Grd","150","Drive in Sunday","Hard","6.2","6.5","0.3","상향",""
"Recital Grd","151","Drive in Sunday","Expert","10.9","11.0","0.1","상향",""
"Recital Grd","152","Dust In The World","Normal","5.0","4.9","-0.1","하향",""
"Recital Grd","153","Dust In The World","Hard","6.9","7.2","0.3","상향",""
"Recital Grd","154","Dust In The World","Expert","11.9","12.0","0.1","상향",""
"Recital Grd","155","Dust In The World","Real","12.6","12.7","0.1","상향",""
"Recital Grd","156","EBONY & IVORY","Normal","4.0","3.6","-0.4","하향",""
"Recital Grd","157","EBONY & IVORY","Hard","8.0","7.6","-0.4","하향",""
"Recital Grd","158","EBONY & IVORY","Expert","12.0","11.7","-0.3","하향",""
"Recital Grd","160","Echoes of Oblivion","Normal","3.0","3.1","0.1","상향",""
"Recital Grd","162","Echoes of Oblivion","Expert","9.0","9.3","0.3","상향",""
"Recital Grd","163","Echoes of Oblivion","Real","11.0","10.8","-0.2","하향",""
"Recital Grd","164","Eine Haube ～聖地の果てにあるもの～","Normal","3.0","3.1","0.1","상향",""
"Recital Grd","165","Eine Haube ～聖地の果てにあるもの～","Hard","7.0","6.8","-0.2","하향",""
"Recital Grd","168","Element of SPADA","Normal","2.0","2.3","0.3","상향",""
"Recital Grd","169","Element of SPADA","Hard","5.0","5.5","0.5","상향",""
"Recital Grd","170","Element of SPADA","Expert","8.0","8.5","0.5","상향",""
"Recital Grd","171","Element of SPADA","Real","11.9","11.6","-0.3","하향",""
"Recital Grd","172","Element of SPADA (BEMANI SYMPHONY NOSTALGIA mix)","Normal","4.0","4.1","0.1","상향",""
"Recital Grd","173","Element of SPADA (BEMANI SYMPHONY NOSTALGIA mix)","Hard","6.0","6.5","0.5","상향",""
"Recital Grd","174","Element of SPADA (BEMANI SYMPHONY NOSTALGIA mix)","Expert","10.0","9.9","-0.1","하향",""
"Recital Grd","175","Element of SPADA (BEMANI SYMPHONY NOSTALGIA mix)","Real","12.0","12.1","0.1","상향",""
"Recital Grd","176","Elemental Creation","Normal","5.0","4.7","-0.3","하향",""
"Recital Grd","177","Elemental Creation","Hard","9.0","8.6","-0.4","하향",""
"Recital Grd","178","Elemental Creation","Expert","12.0","12.1","0.1","상향",""
"Recital Grd","179","Elemental Creation","Real","13.0","13.2","0.2","상향",""
"Recital Grd","180","Empathetic","Normal","4.0","3.6","-0.4","하향",""
"Recital Grd","181","Empathetic","Hard","8.0","7.6","-0.4","하향",""
"Recital Grd","182","Empathetic","Expert","11.0","10.9","-0.1","하향",""
"Recital Grd","183","Empathetic","Real","12.0","12.1","0.1","상향",""
"Recital Grd","184","Endless Chain ～2人でトリガーをひこう～","Normal","3.0","2.8","-0.2","하향",""
"Recital Grd","185","Endless Chain ～2人でトリガーをひこう～","Hard","6.0","5.6","-0.4","하향",""
"Recital Grd","186","Endless Chain ～2人でトリガーをひこう～","Expert","10.0","9.7","-0.3","하향",""
"Recital Grd","187","Endless Chain ～2人でトリガーをひこう～","Real","11.0","11.2","0.2","상향",""
"Recital Grd","188","Enigmatic Synchronization","Normal","5.0","4.9","-0.1","하향",""
"Recital Grd","189","Enigmatic Synchronization","Hard","8.1","8.2","0.1","상향",""
"Recital Grd","190","Enigmatic Synchronization","Expert","11.0","10.7","-0.3","하향",""
"Recital Grd","191","Enigmatic Synchronization","Real","12.0","11.7","-0.3","하향",""
"Recital Grd","192","Ensemble Forecast 3/28","Normal","3.0","2.8","-0.2","하향",""
"Recital Grd","194","Ensemble Forecast 3/28","Expert","10.0","10.5","0.5","상향",""
"Recital Grd","195","Ensemble Forecast 3/28","Real","11.9","12.0","0.1","상향",""
"Recital Grd","196","Eurasian Journey","Normal","4.0","4.1","0.1","상향",""
"Recital Grd","197","Eurasian Journey","Hard","7.0","7.3","0.3","상향",""
"Recital Grd","198","Eurasian Journey","Expert","10.0","10.4","0.4","상향",""
"Recital Grd","200","Evans","Normal","6.0","5.7","-0.3","하향",""
"Recital Grd","201","Evans","Hard","10.1","9.9","-0.2","하향",""
"Recital Grd","202","Evans","Expert","11.7","11.5","-0.2","하향",""
"Recital Grd","203","Evans","Real","12.5","12.3","-0.2","하향",""
"Recital Grd","204","Everlasting Message (BEMANI SYMPHONY NOSTALGIA mix)","Normal","5.0","4.8","-0.2","하향",""
"Recital Grd","205","Everlasting Message (BEMANI SYMPHONY NOSTALGIA mix)","Hard","7.0","6.6","-0.4","하향",""
"Recital Grd","206","Everlasting Message (BEMANI SYMPHONY NOSTALGIA mix)","Expert","10.9","11.1","0.2","상향",""
"Recital Grd","208","FLOWER (BEMANI SYMPHONY NOSTALGIA mix)","Normal","3.0","2.9","-0.1","하향",""
"Recital Grd","209","FLOWER (BEMANI SYMPHONY NOSTALGIA mix)","Hard","6.9","6.6","-0.3","하향",""
"Recital Grd","210","FLOWER (BEMANI SYMPHONY NOSTALGIA mix)","Expert","10.8","10.7","-0.1","하향",""
"Recital Grd","212","FLOWER ～live pf addition～","Normal","4.0","3.6","-0.4","하향",""
"Recital Grd","213","FLOWER ～live pf addition～","Hard","7.0","7.4","0.4","상향",""
"Recital Grd","214","FLOWER ～live pf addition～","Expert","12.0","12.1","0.1","상향",""
"Recital Grd","215","FLOWER ～live pf addition～","Real","13.3","13.5","0.2","상향",""
"Recital Grd","216","Far east nightbird","Normal","4.0","3.6","-0.4","하향",""
"Recital Grd","219","Far east nightbird","Real","12.0","11.9","-0.1","하향",""
"Recital Grd","220","Fear the Merry","Normal","4.0","3.8","-0.2","하향",""
"Recital Grd","221","Fear the Merry","Hard","8.0","7.7","-0.3","하향",""
"Recital Grd","223","Field of Hopes and Dreams / 夢と希望の平原","Normal","4.0","4.3","0.3","상향",""
"Recital Grd","224","Field of Hopes and Dreams / 夢と希望の平原","Hard","6.1","6.4","0.3","상향",""
"Recital Grd","225","Field of Hopes and Dreams / 夢と希望の平原","Expert","10.8","10.7","-0.1","하향",""
"Recital Grd","227","Fly far bounce","Normal","4.0","4.4","0.4","상향",""
"Recital Grd","228","Fly far bounce","Hard","7.0","7.2","0.2","상향",""
"Recital Grd","229","Fly far bounce","Expert","9.9","9.7","-0.2","하향",""
"Recital Grd","230","Fly far bounce","Real","12.0","12.1","0.1","상향",""
"Recital Grd","232","Forgery","Hard","7.0","7.1","0.1","상향",""
"Recital Grd","233","Forgery","Expert","11.9","11.7","-0.2","하향",""
"Recital Grd","234","Forgery","Real","12.5","12.6","0.1","상향",""
"Recital Grd","235","Fortuna ～フォルトゥーナ～","Normal","2.0","1.7","-0.3","하향",""
"Recital Grd","236","Fortuna ～フォルトゥーナ～","Hard","5.0","4.6","-0.4","하향",""
"Recital Grd","237","Fortuna ～フォルトゥーナ～","Expert","9.0","8.7","-0.3","하향",""
"Recital Grd","238","Frozen Ray -nostal mix-","Normal","3.0","2.9","-0.1","하향",""
"Recital Grd","239","Frozen Ray -nostal mix-","Hard","6.0","6.1","0.1","상향",""
"Recital Grd","240","Frozen Ray -nostal mix-","Expert","10.0","9.9","-0.1","하향",""
"Recital Grd","241","Fuego","Normal","4.0","3.8","-0.2","하향",""
"Recital Grd","242","Fuego","Hard","8.0","7.9","-0.1","하향",""
"Recital Grd","243","Fuego","Expert","11.0","11.3","0.3","상향",""
"Recital Grd","245","GAIA","Normal","3.0","2.7","-0.3","하향",""
"Recital Grd","246","GAIA","Hard","8.0","7.6","-0.4","하향",""
"Recital Grd","247","GAIA","Expert","11.9","11.7","-0.2","하향",""
"Recital Grd","250","GHOST KINGDOM","Hard","8.0","7.8","-0.2","하향",""
"Recital Grd","252","GHOST KINGDOM","Real","11.9","11.8","-0.1","하향",""
"Recital Grd","253","Gamja Dog","Normal","4.0","3.8","-0.2","하향",""
"Recital Grd","254","Gamja Dog","Hard","6.9","7.0","0.1","상향",""
"Recital Grd","255","Gamja Dog","Expert","11.0","11.4","0.4","상향",""
"Recital Grd","256","Gamja Dog","Real","12.5","12.6","0.1","상향",""
"Recital Grd","258","Globe Glitter","Hard","8.0","7.7","-0.3","하향",""
"Recital Grd","259","Globe Glitter","Expert","11.9","11.8","-0.1","하향",""
"Recital Grd","260","Globe Glitter","Real","12.5","12.6","0.1","상향",""
"Recital Grd","261","Good bye, Summer～さよならは言わない～","Normal","3.0","2.7","-0.3","하향",""
"Recital Grd","262","Good bye, Summer～さよならは言わない～","Hard","6.0","5.7","-0.3","하향",""
"Recital Grd","263","Good bye, Summer～さよならは言わない～","Expert","9.9","9.6","-0.3","하향",""
"Recital Grd","264","Good bye, Summer～さよならは言わない～","Real","11.9","11.6","-0.3","하향",""
"Recital Grd","265","Groovin' Keys","Normal","4.0","3.6","-0.4","하향",""
"Recital Grd","266","Groovin' Keys","Hard","6.0","5.6","-0.4","하향",""
"Recital Grd","267","Groovin' Keys","Expert","11.0","10.9","-0.1","하향",""
"Recital Grd","268","Groovin' Keys","Real","12.0","12.2","0.2","상향",""
"Recital Grd","269","Happy Birthday to You","Normal","3.0","2.8","-0.2","하향",""
"Recital Grd","270","Happy Birthday to You","Hard","7.0","6.7","-0.3","하향",""
"Recital Grd","271","Happy Birthday to You","Expert","10.0","9.8","-0.2","하향",""
"Recital Grd","272","Happy Birthday to You","Real","11.0","10.6","-0.4","하향",""
"Recital Grd","273","Harmonia","Normal","5.0","4.6","-0.4","하향",""
"Recital Grd","274","Harmonia","Hard","7.0","7.3","0.3","상향",""
"Recital Grd","275","Harmonia","Expert","11.0","11.3","0.3","상향",""
"Recital Grd","276","Harmonia","Real","12.0","12.2","0.2","상향",""
"Recital Grd","277","Ha・lle・lu・jah","Normal","3.0","2.6","-0.4","하향",""
"Recital Grd","278","Ha・lle・lu・jah","Hard","6.1","6.2","0.1","상향",""
"Recital Grd","280","Ha・lle・lu・jah","Real","11.9","11.8","-0.1","하향",""
"Recital Grd","281","Holy Snow","Normal","3.0","3.1","0.1","상향",""
"Recital Grd","282","Holy Snow","Hard","7.0","6.8","-0.2","하향",""
"Recital Grd","283","Holy Snow","Expert","12.0","11.6","-0.4","하향",""
"Recital Grd","284","Homesick Pt.2&3 (Nostalgia Edition)","Normal","3.0","3.3","0.3","상향",""
"Recital Grd","285","Homesick Pt.2&3 (Nostalgia Edition)","Hard","6.0","6.2","0.2","상향",""
"Recital Grd","286","Homesick Pt.2&3 (Nostalgia Edition)","Expert","9.0","9.2","0.2","상향",""
"Recital Grd","288","Hopes and Dreams / 夢と希望","Normal","3.0","3.4","0.4","상향",""
"Recital Grd","289","Hopes and Dreams / 夢と希望","Hard","6.0","6.4","0.4","상향",""
"Recital Grd","290","Hopes and Dreams / 夢と希望","Expert","11.0","11.1","0.1","상향",""
"Recital Grd","291","Hopes and Dreams / 夢と希望","Real","12.0","11.9","-0.1","하향",""
"Recital Grd","292","I","Normal","2.0","2.3","0.3","상향",""
"Recital Grd","295","I","Real","10.0","9.6","-0.4","하향",""
"Recital Grd","296","I and I","Normal","4.0","4.2","0.2","상향",""
"Recital Grd","297","I and I","Hard","7.0","6.8","-0.2","하향",""
"Recital Grd","298","I and I","Expert","11.9","11.5","-0.4","하향",""
"Recital Grd","299","I and I","Real","12.5","12.6","0.1","상향",""
"Recital Grd","300","I'm so Happy","Normal","4.0","3.5","-0.5","하향",""
"Recital Grd","301","I'm so Happy","Hard","7.0","6.5","-0.5","하향",""
"Recital Grd","302","I'm so Happy","Expert","12.0","11.6","-0.4","하향",""
"Recital Grd","303","I'm so Happy","Real","12.4","12.3","-0.1","하향",""
"Recital Grd","304","IX","Normal","4.0","3.9","-0.1","하향",""
"Recital Grd","305","IX","Hard","9.0","8.9","-0.1","하향",""
"Recital Grd","306","IX","Expert","11.9","11.8","-0.1","하향",""
"Recital Grd","307","IX","Real","13.0","13.2","0.2","상향",""
"Recital Grd","308","Idola","Normal","5.0","4.9","-0.1","하향",""
"Recital Grd","309","Idola","Hard","8.0","8.1","0.1","상향",""
"Recital Grd","310","Idola","Expert","12.0","12.1","0.1","상향",""
"Recital Grd","311","Illegal Harmony","Normal","4.0","3.8","-0.2","하향",""
"Recital Grd","314","Illegal Harmony","Real","12.4","12.5","0.1","상향",""
"Recital Grd","315","Indigo Nocturne","Normal","4.0","3.5","-0.5","하향",""
"Recital Grd","316","Indigo Nocturne","Hard","7.0","6.6","-0.4","하향",""
"Recital Grd","317","Indigo Nocturne","Expert","11.9","11.6","-0.3","하향",""
"Recital Grd","319","JOMANDA (BEMANI SYMPHONY NOSTALGIA mix)","Normal","4.0","3.8","-0.2","하향",""
"Recital Grd","320","JOMANDA (BEMANI SYMPHONY NOSTALGIA mix)","Hard","7.0","6.7","-0.3","하향",""
"Recital Grd","321","JOMANDA (BEMANI SYMPHONY NOSTALGIA mix)","Expert","11.0","10.8","-0.2","하향",""
"Recital Grd","323","Je te veux","Normal","3.0","3.4","0.4","상향",""
"Recital Grd","324","Je te veux","Hard","6.0","6.4","0.4","상향",""
"Recital Grd","325","Je te veux","Expert","8.0","8.4","0.4","상향",""
"Recital Grd","326","Jetcoaster Windy","Normal","4.0","4.1","0.1","상향",""
"Recital Grd","328","Jetcoaster Windy","Expert","11.0","10.7","-0.3","하향",""
"Recital Grd","330","Just Be Friends","Normal","2.0","1.8","-0.2","하향",""
"Recital Grd","331","Just Be Friends","Hard","7.0","6.9","-0.1","하향",""
"Recital Grd","332","Just Be Friends","Expert","9.0","9.3","0.3","상향",""
"Recital Grd","333","KETER","Normal","4.0","3.6","-0.4","하향",""
"Recital Grd","334","KETER","Hard","7.0","7.2","0.2","상향",""
"Recital Grd","335","KETER","Expert","10.9","10.8","-0.1","하향",""
"Recital Grd","336","KETER","Real","12.0","11.8","-0.2","하향",""
"Recital Grd","337","KOUYOU","Normal","3.0","2.9","-0.1","하향",""
"Recital Grd","338","KOUYOU","Hard","6.0","5.7","-0.3","하향",""
"Recital Grd","339","KOUYOU","Expert","9.0","8.8","-0.2","하향",""
"Recital Grd","340","LIKE A VAMPIRE","Normal","3.0","2.6","-0.4","하향",""
"Recital Grd","341","LIKE A VAMPIRE","Hard","6.1","5.6","-0.5","하향",""
"Recital Grd","342","LIKE A VAMPIRE","Expert","10.0","9.7","-0.3","하향",""
"Recital Grd","343","LIKE A VAMPIRE","Real","11.9","11.7","-0.2","하향",""
"Recital Grd","344","La fame di Adria","Normal","4.0","3.7","-0.3","하향",""
"Recital Grd","345","La fame di Adria","Hard","7.9","7.6","-0.3","하향",""
"Recital Grd","346","La fame di Adria","Expert","11.0","11.1","0.1","상향",""
"Recital Grd","348","Lachryma《Re:Queen’M》 (BEMANI SYMPHONY NOSTALGIA mix)","Normal","4.0","4.2","0.2","상향",""
"Recital Grd","349","Lachryma《Re:Queen’M》 (BEMANI SYMPHONY NOSTALGIA mix)","Hard","8.0","8.1","0.1","상향",""
"Recital Grd","350","Lachryma《Re:Queen’M》 (BEMANI SYMPHONY NOSTALGIA mix)","Expert","12.0","12.2","0.2","상향",""
"Recital Grd","351","Lachryma《Re:Queen’M》 (BEMANI SYMPHONY NOSTALGIA mix)","Real","13.0","13.2","0.2","상향",""
"Recital Grd","352","Last Twilight","Normal","4.0","4.3","0.3","상향",""
"Recital Grd","353","Last Twilight","Hard","7.0","7.5","0.5","상향",""
"Recital Grd","354","Last Twilight","Expert","11.9","12.1","0.2","상향",""
"Recital Grd","356","Le Vent","Hard","7.9","8.0","0.1","상향",""
"Recital Grd","357","Le Vent","Expert","10.9","11.1","0.2","상향",""
"Recital Grd","359","Leviathan","Normal","4.0","4.2","0.2","상향",""
"Recital Grd","360","Leviathan","Hard","7.0","7.1","0.1","상향",""
"Recital Grd","361","Leviathan","Expert","11.0","11.4","0.4","상향",""
"Recital Grd","362","Leviathan","Real","12.5","12.6","0.1","상향",""
"Recital Grd","365","Life is beautiful","Expert","11.0","11.2","0.2","상향",""
"Recital Grd","366","Limitation","Normal","3.0","2.8","-0.2","하향",""
"Recital Grd","367","Limitation","Hard","6.0","5.9","-0.1","하향",""
"Recital Grd","368","Limitation","Expert","11.1","11.3","0.2","상향",""
"Recital Grd","369","Lisa-RICCIA (BEMANI SYMPHONY NOSTALGIA mix)","Normal","3.0","3.3","0.3","상향",""
"Recital Grd","370","Lisa-RICCIA (BEMANI SYMPHONY NOSTALGIA mix)","Hard","7.9","7.7","-0.2","하향",""
"Recital Grd","371","Lisa-RICCIA (BEMANI SYMPHONY NOSTALGIA mix)","Expert","11.0","11.2","0.2","상향",""
"Recital Grd","372","Lisa-RICCIA (BEMANI SYMPHONY NOSTALGIA mix)","Real","12.9","13.0","0.1","상향",""
"Recital Grd","374","Little Prayer","Hard","6.9","7.2","0.3","상향",""
"Recital Grd","375","Little Prayer","Expert","11.9","11.6","-0.3","하향",""
"Recital Grd","377","Lord=Crossight","Normal","3.0","2.8","-0.2","하향",""
"Recital Grd","378","Lord=Crossight","Hard","8.0","7.7","-0.3","하향",""
"Recital Grd","380","Lord=Crossight","Real","12.4","12.3","-0.1","하향",""
"Recital Grd","381","MAGICAL SUMMER SMILE","Normal","4.0","4.2","0.2","상향",""
"Recital Grd","382","MAGICAL SUMMER SMILE","Hard","6.9","7.0","0.1","상향",""
"Recital Grd","383","MAGICAL SUMMER SMILE","Expert","10.9","11.2","0.3","상향",""
"Recital Grd","384","MAGICAL SUMMER SMILE","Real","12.5","12.4","-0.1","하향",""
"Recital Grd","385","MEGALOVANIA","Normal","4.0","3.7","-0.3","하향",""
"Recital Grd","386","MEGALOVANIA","Hard","8.0","8.3","0.3","상향",""
"Recital Grd","387","MEGALOVANIA","Expert","11.9","11.6","-0.3","하향",""
"Recital Grd","388","MEGALOVANIA","Real","12.5","12.6","0.1","상향",""
"Recital Grd","389","MONOLITH","Normal","4.0","3.5","-0.5","하향",""
"Recital Grd","390","MONOLITH","Hard","7.0","7.1","0.1","상향",""
"Recital Grd","391","MONOLITH","Expert","11.1","11.3","0.2","상향",""
"Recital Grd","392","Manhattan","Normal","4.0","4.4","0.4","상향",""
"Recital Grd","393","Manhattan","Hard","7.0","6.9","-0.1","하향",""
"Recital Grd","394","Manhattan","Expert","10.1","10.3","0.2","상향",""
"Recital Grd","395","Marigold (Jazzy Hip-Hop Remix)","Normal","3.0","2.5","-0.5","하향",""
"Recital Grd","396","Marigold (Jazzy Hip-Hop Remix)","Hard","6.0","5.5","-0.5","하향",""
"Recital Grd","397","Marigold (Jazzy Hip-Hop Remix)","Expert","10.9","10.5","-0.4","하향",""
"Recital Grd","398","Marigold (Jazzy Hip-Hop Remix)","Real","11.8","11.5","-0.3","하향",""
"Recital Grd","399","Metamorphic","Normal","4.0","3.5","-0.5","하향",""
"Recital Grd","400","Metamorphic","Hard","6.9","6.6","-0.3","하향",""
"Recital Grd","401","Metamorphic","Expert","11.9","11.7","-0.2","하향",""
"Recital Grd","402","Metamorphic","Real","12.6","12.7","0.1","상향",""
"Recital Grd","403","Mighty Guy","Normal","3.0","2.5","-0.5","하향",""
"Recital Grd","404","Mighty Guy","Hard","7.0","6.5","-0.5","하향",""
"Recital Grd","405","Mighty Guy","Expert","10.0","9.7","-0.3","하향",""
"Recital Grd","407","Milky Way Star(Extended Ver.)","Hard","6.1","5.8","-0.3","하향",""
"Recital Grd","408","Milky Way Star(Extended Ver.)","Expert","10.0","9.7","-0.3","하향",""
"Recital Grd","409","Milky Way Star(Extended Ver.)","Real","12.0","11.9","-0.1","하향",""
"Recital Grd","410","Miroir Riorim","Normal","5.0","5.3","0.3","상향",""
"Recital Grd","411","Miroir Riorim","Hard","9.0","9.1","0.1","상향",""
"Recital Grd","412","Miroir Riorim","Expert","12.1","12.0","-0.1","하향",""
"Recital Grd","414","Missing in the snow","Hard","6.0","6.1","0.1","상향",""
"Recital Grd","415","Missing in the snow","Expert","10.1","10.4","0.3","상향",""
"Recital Grd","416","Missing in the snow","Real","11.9","12.0","0.1","상향",""
"Recital Grd","417","Moonstone","Normal","3.0","3.3","0.3","상향",""
"Recital Grd","418","Moonstone","Hard","7.0","6.7","-0.3","하향",""
"Recital Grd","419","Moonstone","Expert","10.9","11.0","0.1","상향",""
"Recital Grd","421","My Little Snowman","Normal","3.0","2.9","-0.1","하향",""
"Recital Grd","422","My Little Snowman","Hard","5.0","5.4","0.4","상향",""
"Recital Grd","424","My Little Snowman","Real","10.9","10.7","-0.2","하향",""
"Recital Grd","425","My dear child, mother's arm","Normal","3.0","2.9","-0.1","하향",""
"Recital Grd","426","My dear child, mother's arm","Hard","5.0","5.3","0.3","상향",""
"Recital Grd","427","My dear child, mother's arm","Expert","9.0","8.8","-0.2","하향",""
"Recital Grd","428","NEGAI","Normal","3.0","3.4","0.4","상향",""
"Recital Grd","429","NEGAI","Hard","7.0","7.4","0.4","상향",""
"Recital Grd","430","NEGAI","Expert","11.0","11.3","0.3","상향",""
"Recital Grd","432","Noah's song","Normal","3.0","3.2","0.2","상향",""
"Recital Grd","433","Noah's song","Hard","7.0","6.7","-0.3","하향",""
"Recital Grd","435","Noah's song","Real","11.0","10.6","-0.4","하향",""
"Recital Grd","436","Noah's song of collapse","Normal","4.0","4.4","0.4","상향",""
"Recital Grd","437","Noah's song of collapse","Hard","8.1","8.2","0.1","상향",""
"Recital Grd","438","Noah's song of collapse","Expert","12.1","11.7","-0.4","하향",""
"Recital Grd","439","Noah's song of collapse","Real","13.1","13.0","-0.1","하향",""
"Recital Grd","441","Northern Cross","Hard","8.0","8.2","0.2","상향",""
"Recital Grd","442","Northern Cross","Expert","11.9","11.6","-0.3","하향",""
"Recital Grd","444","Note d'Azur","Normal","4.0","3.7","-0.3","하향",""
"Recital Grd","445","Note d'Azur","Hard","7.0","7.3","0.3","상향",""
"Recital Grd","446","Note d'Azur","Expert","11.9","11.8","-0.1","하향",""
"Recital Grd","447","On top of the world","Normal","4.0","4.1","0.1","상향",""
"Recital Grd","448","On top of the world","Hard","7.0","7.2","0.2","상향",""
"Recital Grd","450","On top of the world","Real","12.5","12.7","0.2","상향",""
"Recital Grd","451","Once Upon a Time / むかしむかし…","Normal","1.0","1.4","0.4","상향",""
"Recital Grd","453","Once Upon a Time / むかしむかし…","Expert","10.1","9.8","-0.3","하향",""
"Recital Grd","454","Once Upon a Time / むかしむかし…","Real","12.1","11.9","-0.2","하향",""
"Recital Grd","455","Owls","Normal","4.0","4.2","0.2","상향",""
"Recital Grd","456","Owls","Hard","7.0","7.1","0.1","상향",""
"Recital Grd","457","Owls","Expert","10.0","10.3","0.3","상향",""
"Recital Grd","458","Owls","Real","12.0","11.8","-0.2","하향",""
"Recital Grd","459","PF flowing","Normal","4.0","4.4","0.4","상향",""
"Recital Grd","460","PF flowing","Hard","8.0","8.3","0.3","상향",""
"Recital Grd","461","PF flowing","Expert","11.0","11.3","0.3","상향",""
"Recital Grd","462","PF flowing","Real","11.9","11.8","-0.1","하향",""
"Recital Grd","463","PLEASURE STREAM","Normal","5.0","4.6","-0.4","하향",""
"Recital Grd","465","PLEASURE STREAM","Expert","10.1","10.4","0.3","상향",""
"Recital Grd","466","PLEASURE STREAM","Real","11.1","11.4","0.3","상향",""
"Recital Grd","468","PON☆PON☆PARADE","Hard","7.0","6.6","-0.4","하향",""
"Recital Grd","470","PON☆PON☆PARADE","Real","12.3","12.5","0.2","상향",""
"Recital Grd","471","PUNISHER","Normal","4.0","3.5","-0.5","하향",""
"Recital Grd","472","PUNISHER","Hard","7.0","6.5","-0.5","하향",""
"Recital Grd","473","PUNISHER","Expert","10.0","10.3","0.3","상향",""
"Recital Grd","475","Pee-wee Boogie","Normal","5.0","5.2","0.2","상향",""
"Recital Grd","476","Pee-wee Boogie","Hard","8.0","8.1","0.1","상향",""
"Recital Grd","477","Pee-wee Boogie","Expert","11.1","11.4","0.3","상향",""
"Recital Grd","478","Pee-wee Boogie","Real","12.5","12.6","0.1","상향",""
"Recital Grd","479","Petite Queen","Normal","4.0","4.2","0.2","상향",""
"Recital Grd","480","Petite Queen","Hard","7.0","7.4","0.4","상향",""
"Recital Grd","481","Petite Queen","Expert","10.9","11.3","0.4","상향",""
"Recital Grd","483","Philsomia","Normal","4.0","4.1","0.1","상향",""
"Recital Grd","484","Philsomia","Hard","6.9","7.0","0.1","상향",""
"Recital Grd","485","Philsomia","Expert","12.0","11.9","-0.1","하향",""
"Recital Grd","486","Ping×Pong×Dash","Normal","3.0","3.4","0.4","상향",""
"Recital Grd","487","Ping×Pong×Dash","Hard","5.0","5.3","0.3","상향",""
"Recital Grd","488","Ping×Pong×Dash","Expert","8.0","8.4","0.4","상향",""
"Recital Grd","489","Ping×Pong×Dash","Real","11.0","11.3","0.3","상향",""
"Recital Grd","490","Pink Rose","Normal","4.0","3.8","-0.2","하향",""
"Recital Grd","491","Pink Rose","Hard","7.0","6.7","-0.3","하향",""
"Recital Grd","492","Pink Rose","Expert","9.0","8.9","-0.1","하향",""
"Recital Grd","493","Preserved Valkyria","Normal","6.0","5.9","-0.1","하향",""
"Recital Grd","494","Preserved Valkyria","Hard","9.0","9.3","0.3","상향",""
"Recital Grd","495","Preserved Valkyria","Expert","11.0","11.3","0.3","상향",""
"Recital Grd","496","Preserved Valkyria","Real","12.6","12.8","0.2","상향",""
"Recital Grd","497","Presto","Normal","4.0","3.6","-0.4","하향",""
"Recital Grd","498","Presto","Hard","7.0","6.8","-0.2","하향",""
"Recital Grd","499","Presto","Expert","12.1","11.7","-0.4","하향",""
"Recital Grd","500","Prey","Normal","5.0","5.2","0.2","상향",""
"Recital Grd","501","Prey","Hard","9.0","9.1","0.1","상향",""
"Recital Grd","503","Puberty Dysthymia","Normal","4.0","4.3","0.3","상향",""
"Recital Grd","504","Puberty Dysthymia","Hard","6.9","7.3","0.4","상향",""
"Recital Grd","505","Puberty Dysthymia","Expert","11.0","11.4","0.4","상향",""
"Recital Grd","506","REcorrection","Normal","3.0","2.5","-0.5","하향",""
"Recital Grd","507","REcorrection","Hard","6.0","5.6","-0.4","하향",""
"Recital Grd","508","REcorrection","Expert","10.9","10.5","-0.4","하향",""
"Recital Grd","509","REcorrection","Real","11.9","11.5","-0.4","하향",""
"Recital Grd","510","ROOM","Normal","3.0","2.9","-0.1","하향",""
"Recital Grd","513","Rampage☆Rag","Normal","4.0","4.1","0.1","상향",""
"Recital Grd","514","Rampage☆Rag","Hard","8.0","7.9","-0.1","하향",""
"Recital Grd","515","Rampage☆Rag","Expert","11.9","11.8","-0.1","하향",""
"Recital Grd","517","Rapunzel","Normal","4.0","3.7","-0.3","하향",""
"Recital Grd","518","Rapunzel","Hard","6.0","6.2","0.2","상향",""
"Recital Grd","519","Rapunzel","Expert","9.0","9.4","0.4","상향",""
"Recital Grd","520","Rapunzel","Real","11.0","10.8","-0.2","하향",""
"Recital Grd","521","Red Cape Theorem","Normal","4.0","3.8","-0.2","하향",""
"Recital Grd","522","Red Cape Theorem","Hard","7.0","6.7","-0.3","하향",""
"Recital Grd","523","Red Cape Theorem","Expert","11.0","10.6","-0.4","하향",""
"Recital Grd","524","Red Cape Theorem","Real","12.1","12.2","0.1","상향",""
"Recital Grd","525","Rejoin","Normal","4.0","4.4","0.4","상향",""
"Recital Grd","526","Rejoin","Hard","7.0","7.4","0.4","상향",""
"Recital Grd","527","Rejoin","Expert","11.0","11.2","0.2","상향",""
"Recital Grd","528","Replica","Normal","5.0","4.5","-0.5","하향",""
"Recital Grd","529","Replica","Hard","7.0","7.1","0.1","상향",""
"Recital Grd","530","Replica","Expert","9.0","9.1","0.1","상향",""
"Recital Grd","531","Replica","Real","11.0","10.7","-0.3","하향",""
"Recital Grd","532","Ride on the Light","Normal","4.0","3.5","-0.5","하향",""
"Recital Grd","533","Ride on the Light","Hard","6.0","5.8","-0.2","하향",""
"Recital Grd","534","Ride on the Light","Expert","9.0","9.2","0.2","상향",""
"Recital Grd","535","SAMBA DE NISHI-NIPPON","Normal","3.0","3.3","0.3","상향",""
"Recital Grd","536","SAMBA DE NISHI-NIPPON","Hard","7.0","7.3","0.3","상향",""
"Recital Grd","537","SAMBA DE NISHI-NIPPON","Expert","11.9","12.1","0.2","상향",""
"Recital Grd","538","SHION","Normal","3.0","2.6","-0.4","하향",""
"Recital Grd","539","SHION","Hard","6.9","6.6","-0.3","하향",""
"Recital Grd","540","SHION","Expert","10.1","9.9","-0.2","하향",""
"Recital Grd","542","STULTI","Normal","4.0","3.7","-0.3","하향",""
"Recital Grd","543","STULTI","Hard","7.9","7.6","-0.3","하향",""
"Recital Grd","544","STULTI","Expert","12.0","11.6","-0.4","하향",""
"Recital Grd","545","STULTI","Real","12.5","12.6","0.1","상향",""
"Recital Grd","546","SUPER SUMMER SALE","Normal","3.0","3.1","0.1","상향",""
"Recital Grd","547","SUPER SUMMER SALE","Hard","7.0","7.1","0.1","상향",""
"Recital Grd","548","SUPER SUMMER SALE","Expert","11.0","10.8","-0.2","하향",""
"Recital Grd","549","Sakura Sunrise","Normal","5.0","5.3","0.3","상향",""
"Recital Grd","550","Sakura Sunrise","Hard","8.9","9.0","0.1","상향",""
"Recital Grd","551","Sakura Sunrise","Expert","11.9","11.7","-0.2","하향",""
"Recital Grd","552","Scandal","Normal","4.0","4.4","0.4","상향",""
"Recital Grd","553","Scandal","Hard","7.0","7.1","0.1","상향",""
"Recital Grd","554","Scandal","Expert","11.0","11.2","0.2","상향",""
"Recital Grd","555","Seyana.～何でも言うことを聞いてくれるアカネチャン～","Normal","4.0","3.8","-0.2","하향",""
"Recital Grd","556","Seyana.～何でも言うことを聞いてくれるアカネチャン～","Hard","6.9","7.0","0.1","상향",""
"Recital Grd","559","She Is On The Lemon Tree","Normal","3.0","3.4","0.4","상향",""
"Recital Grd","560","She Is On The Lemon Tree","Hard","5.0","5.5","0.5","상향",""
"Recital Grd","561","She Is On The Lemon Tree","Expert","8.0","8.4","0.4","상향",""
"Recital Grd","562","She Is On The Lemon Tree","Real","11.0","10.8","-0.2","하향",""
"Recital Grd","564","Shoot the Moon","Hard","6.0","6.3","0.3","상향",""
"Recital Grd","565","Shoot the Moon","Expert","10.9","10.6","-0.3","하향",""
"Recital Grd","566","Six String Proof(NOSTALGIA Style)","Normal","5.0","4.8","-0.2","하향",""
"Recital Grd","567","Six String Proof(NOSTALGIA Style)","Hard","8.0","8.2","0.2","상향",""
"Recital Grd","568","Six String Proof(NOSTALGIA Style)","Expert","11.1","11.4","0.3","상향",""
"Recital Grd","569","Somnio","Normal","2.0","2.4","0.4","상향",""
"Recital Grd","570","Somnio","Hard","6.0","6.3","0.3","상향",""
"Recital Grd","571","Somnio","Expert","9.1","9.3","0.2","상향",""
"Recital Grd","572","Somnio","Real","11.0","10.9","-0.1","하향",""
"Recital Grd","573","Sparkle Smilin'","Normal","3.0","2.9","-0.1","하향",""
"Recital Grd","574","Sparkle Smilin'","Hard","6.0","5.8","-0.2","하향",""
"Recital Grd","575","Sparkle Smilin'","Expert","10.0","9.9","-0.1","하향",""
"Recital Grd","576","Sparkle Smilin'","Real","11.0","11.3","0.3","상향",""
"Recital Grd","577","Spica","Normal","5.0","4.8","-0.2","하향",""
"Recital Grd","579","Spica","Expert","11.9","11.6","-0.3","하향",""
"Recital Grd","581","Starlight Fantasia","Normal","5.0","4.9","-0.1","하향",""
"Recital Grd","582","Starlight Fantasia","Hard","7.0","7.3","0.3","상향",""
"Recital Grd","583","Starlight Fantasia","Expert","10.1","10.5","0.4","상향",""
"Recital Grd","584","Starlight Fantasia","Real","11.8","11.6","-0.2","하향",""
"Recital Grd","585","Stella Sinistra","Normal","4.0","3.5","-0.5","하향",""
"Recital Grd","586","Stella Sinistra","Hard","6.0","5.6","-0.4","하향",""
"Recital Grd","587","Stella Sinistra","Expert","11.0","10.6","-0.4","하향",""
"Recital Grd","588","Stella Sinistra","Real","12.0","11.6","-0.4","하향",""
"Recital Grd","590","Storm of Suspicion","Hard","6.9","6.7","-0.2","하향",""
"Recital Grd","591","Storm of Suspicion","Expert","11.0","11.3","0.3","상향",""
"Recital Grd","593","Surf on the Light","Normal","4.0","4.3","0.3","상향",""
"Recital Grd","594","Surf on the Light","Hard","7.0","7.1","0.1","상향",""
"Recital Grd","595","Surf on the Light","Expert","8.9","9.2","0.3","상향",""
"Recital Grd","596","Surf on the Light","Real","11.9","11.6","-0.3","하향",""
"Recital Grd","597","Sweet tea","Normal","3.0","2.5","-0.5","하향",""
"Recital Grd","598","Sweet tea","Hard","7.0","6.6","-0.4","하향",""
"Recital Grd","599","Sweet tea","Expert","11.0","10.7","-0.3","하향",""
"Recital Grd","600","Synergy For Angels Forever","Normal","3.0","2.6","-0.4","하향",""
"Recital Grd","601","Synergy For Angels Forever","Hard","7.0","6.5","-0.5","하향",""
"Recital Grd","602","Synergy For Angels Forever","Expert","10.9","10.5","-0.4","하향",""
"Recital Grd","603","Synergy For Angels Forever","Real","12.0","11.6","-0.4","하향",""
"Recital Grd","604","TAKUMI／匠","Normal","2.0","2.4","0.4","상향",""
"Recital Grd","606","TAKUMI／匠","Expert","8.9","8.6","-0.3","하향",""
"Recital Grd","607","THE WORLD REVOLVING","Normal","4.0","4.3","0.3","상향",""
"Recital Grd","608","THE WORLD REVOLVING","Hard","7.1","7.5","0.4","상향",""
"Recital Grd","609","THE WORLD REVOLVING","Expert","12.0","11.9","-0.1","하향",""
"Recital Grd","610","THE WORLD REVOLVING","Real","12.5","12.7","0.2","상향",""
"Recital Grd","611","TRUTH behind U","Normal","4.0","3.9","-0.1","하향",""
"Recital Grd","612","TRUTH behind U","Hard","7.0","7.4","0.4","상향",""
"Recital Grd","613","TRUTH behind U","Expert","12.0","12.1","0.1","상향",""
"Recital Grd","614","Tapioca","Normal","4.0","3.5","-0.5","하향",""
"Recital Grd","615","Tapioca","Hard","6.0","6.2","0.2","상향",""
"Recital Grd","616","Tapioca","Expert","10.9","10.7","-0.2","하향",""
"Recital Grd","617","Tapioca","Real","11.9","12.1","0.2","상향",""
"Recital Grd","618","Tea for Two","Normal","3.0","3.3","0.3","상향",""
"Recital Grd","619","Tea for Two","Hard","6.0","5.9","-0.1","하향",""
"Recital Grd","621","Tea for Two","Real","11.0","10.7","-0.3","하향",""
"Recital Grd","622","Terminus of Reminiscence","Normal","3.0","2.6","-0.4","하향",""
"Recital Grd","623","Terminus of Reminiscence","Hard","6.0","5.5","-0.5","하향",""
"Recital Grd","624","Terminus of Reminiscence","Expert","11.0","10.5","-0.5","하향",""
"Recital Grd","625","Terminus of Reminiscence","Real","12.0","11.5","-0.5","하향",""
"Recital Grd","626","The Dynamics of an Asteroid","Normal","4.0","4.3","0.3","상향",""
"Recital Grd","627","The Dynamics of an Asteroid","Hard","7.0","6.8","-0.2","하향",""
"Recital Grd","628","The Dynamics of an Asteroid","Expert","11.9","11.8","-0.1","하향",""
"Recital Grd","629","The Dynamics of an Asteroid","Real","12.5","12.7","0.2","상향",""
"Recital Grd","630","The Entertainer","Normal","4.0","4.2","0.2","상향",""
"Recital Grd","631","The Entertainer","Hard","6.0","6.4","0.4","상향",""
"Recital Grd","632","The Entertainer","Expert","7.9","8.4","0.5","상향",""
"Recital Grd","633","The Least 100sec","Normal","3.0","3.4","0.4","상향",""
"Recital Grd","634","The Least 100sec","Hard","6.9","7.3","0.4","상향",""
"Recital Grd","635","The Least 100sec","Expert","12.0","11.8","-0.2","하향",""
"Recital Grd","636","The Nameless","Normal","4.0","3.8","-0.2","하향",""
"Recital Grd","638","The Nameless","Expert","11.9","11.7","-0.2","하향",""
"Recital Grd","640","The Pinnacle","Normal","4.0","3.8","-0.2","하향",""
"Recital Grd","641","The Pinnacle","Hard","6.0","5.7","-0.3","하향",""
"Recital Grd","642","The Pinnacle","Expert","11.9","11.5","-0.4","하향",""
"Recital Grd","643","The Pinnacle","Real","12.5","12.4","-0.1","하향",""
"Recital Grd","644","The Splendid Expression","Normal","4.0","4.3","0.3","상향",""
"Recital Grd","646","The Splendid Expression","Expert","11.9","11.8","-0.1","하향",""
"Recital Grd","647","The Splendid Expression","Real","13.0","13.1","0.1","상향",""
"Recital Grd","648","The way to the castle","Normal","4.0","3.8","-0.2","하향",""
"Recital Grd","649","The way to the castle","Hard","7.0","6.6","-0.4","하향",""
"Recital Grd","650","The way to the castle","Expert","11.0","10.8","-0.2","하향",""
"Recital Grd","651","The way to the castle","Real","12.4","12.5","0.1","상향",""
"Recital Grd","652","Theme of Ricerca","Normal","5.0","5.1","0.1","상향",""
"Recital Grd","653","Theme of Ricerca","Hard","7.0","7.4","0.4","상향",""
"Recital Grd","654","Theme of Ricerca","Expert","9.0","9.4","0.4","상향",""
"Recital Grd","655","Timepiece phase II","Normal","5.0","4.9","-0.1","하향",""
"Recital Grd","656","Timepiece phase II","Hard","8.0","8.2","0.2","상향",""
"Recital Grd","657","Timepiece phase II","Expert","11.9","11.7","-0.2","하향",""
"Recital Grd","658","Towards the TOWER","Normal","3.0","2.9","-0.1","하향",""
"Recital Grd","659","Towards the TOWER","Hard","7.0","6.8","-0.2","하향",""
"Recital Grd","661","Trill auf G(NOSTALGIA Style)","Normal","4.0","3.7","-0.3","하향",""
"Recital Grd","663","Trill auf G(NOSTALGIA Style)","Expert","11.2","11.5","0.3","상향",""
"Recital Grd","665","Triple Cross","Hard","7.0","6.7","-0.3","하향",""
"Recital Grd","668","True Blue","Normal","5.0","4.5","-0.5","하향",""
"Recital Grd","669","True Blue","Hard","8.0","7.8","-0.2","하향",""
"Recital Grd","670","True Blue","Expert","11.0","11.1","0.1","상향",""
"Recital Grd","671","True Blue","Real","12.4","12.5","0.1","상향",""
"Recital Grd","673","Turn the story","Hard","7.0","7.2","0.2","상향",""
"Recital Grd","674","Turn the story","Expert","11.0","11.1","0.1","상향",""
"Recital Grd","676","Twinkle Wonderland","Normal","5.0","4.5","-0.5","하향",""
"Recital Grd","677","Twinkle Wonderland","Hard","7.0","6.7","-0.3","하향",""
"Recital Grd","678","Twinkle Wonderland","Expert","9.2","9.3","0.1","상향",""
"Recital Grd","679","Twinkle Wonderland","Real","12.0","11.9","-0.1","하향",""
"Recital Grd","680","U.N.オーエンは彼女なのか？","Normal","3.0","2.9","-0.1","하향",""
"Recital Grd","681","U.N.オーエンは彼女なのか？","Hard","7.9","7.8","-0.1","하향",""
"Recital Grd","682","U.N.オーエンは彼女なのか？","Expert","12.0","11.9","-0.1","하향",""
"Recital Grd","683","U.N.オーエンは彼女なのか？","Real","12.5","12.7","0.2","상향",""
"Recital Grd","684","Ubertreffen","Normal","5.0","5.3","0.3","상향",""
"Recital Grd","685","Ubertreffen","Hard","10.1","10.2","0.1","상향",""
"Recital Grd","687","Ubertreffen","Real","13.5","13.4","-0.1","하향",""
"Recital Grd","688","Un Happy Heart","Normal","3.0","2.6","-0.4","하향",""
"Recital Grd","689","Un Happy Heart","Hard","6.0","6.1","0.1","상향",""
"Recital Grd","690","Un Happy Heart","Expert","9.1","9.5","0.4","상향",""
"Recital Grd","693","Urban Life","Hard","6.1","6.4","0.3","상향",""
"Recital Grd","694","Urban Life","Expert","9.0","9.3","0.3","상향",""
"Recital Grd","695","VALKYRIAS -英雄誕生-","Normal","4.0","4.2","0.2","상향",""
"Recital Grd","696","VALKYRIAS -英雄誕生-","Hard","8.0","7.9","-0.1","하향",""
"Recital Grd","697","VALKYRIAS -英雄誕生-","Expert","11.0","11.5","0.5","상향",""
"Recital Grd","698","VALKYRIAS -英雄誕生-","Real","12.4","12.7","0.3","상향",""
"Recital Grd","699","VALLIS-NERIA (BEMANI SYMPHONY NOSTALGIA mix)","Normal","3.0","3.1","0.1","상향",""
"Recital Grd","700","VALLIS-NERIA (BEMANI SYMPHONY NOSTALGIA mix)","Hard","7.0","7.1","0.1","상향",""
"Recital Grd","701","VALLIS-NERIA (BEMANI SYMPHONY NOSTALGIA mix)","Expert","11.0","11.2","0.2","상향",""
"Recital Grd","703","VOLAQUAS","Normal","5.0","4.7","-0.3","하향",""
"Recital Grd","704","VOLAQUAS","Hard","7.9","7.5","-0.4","하향",""
"Recital Grd","705","VOLAQUAS","Expert","11.9","12.0","0.1","상향",""
"Recital Grd","706","VOLAQUAS","Real","13.0","13.2","0.2","상향",""
"Recital Grd","707","Vide Nostalgia","Normal","4.0","4.4","0.4","상향",""
"Recital Grd","708","Vide Nostalgia","Hard","7.9","8.4","0.5","상향",""
"Recital Grd","709","Vide Nostalgia","Expert","12.1","11.8","-0.3","하향",""
"Recital Grd","711","Vinculum stellarum","Normal","4.0","4.4","0.4","상향",""
"Recital Grd","712","Vinculum stellarum","Hard","8.1","8.4","0.3","상향",""
"Recital Grd","713","Vinculum stellarum","Expert","11.9","11.6","-0.3","하향",""
"Recital Grd","714","Vinculum stellarum","Real","13.0","13.2","0.2","상향",""
"Recital Grd","715","Voca Nostalgia","Normal","3.0","3.4","0.4","상향",""
"Recital Grd","716","Voca Nostalgia","Hard","7.0","7.3","0.3","상향",""
"Recital Grd","718","Volcanos","Normal","4.0","3.6","-0.4","하향",""
"Recital Grd","719","Volcanos","Hard","7.0","6.9","-0.1","하향",""
"Recital Grd","720","Volcanos","Expert","11.0","11.2","0.2","상향",""
"Recital Grd","721","Volcanos","Real","12.4","12.5","0.1","상향",""
"Recital Grd","722","Votum Stellarum","Normal","5.0","4.8","-0.2","하향",""
"Recital Grd","724","Votum Stellarum","Expert","11.9","11.7","-0.2","하향",""
"Recital Grd","726","Voyager","Normal","3.0","3.4","0.4","상향",""
"Recital Grd","727","Voyager","Hard","7.0","7.4","0.4","상향",""
"Recital Grd","728","Voyager","Expert","9.9","10.3","0.4","상향",""
"Recital Grd","729","Voyager","Real","12.4","12.5","0.1","상향",""
"Recital Grd","730","WHITEOUT","Normal","4.0","3.7","-0.3","하향",""
"Recital Grd","731","WHITEOUT","Hard","8.0","7.9","-0.1","하향",""
"Recital Grd","732","WHITEOUT","Expert","12.0","11.6","-0.4","하향",""
"Recital Grd","733","WHITEOUT","Real","12.9","12.8","-0.1","하향",""
"Recital Grd","734","WONDERLAND","Normal","3.0","2.9","-0.1","하향",""
"Recital Grd","735","WONDERLAND","Hard","5.0","5.2","0.2","상향",""
"Recital Grd","736","WONDERLAND","Expert","9.1","8.9","-0.2","하향",""
"Recital Grd","737","WONDERLAND","Real","12.0","11.9","-0.1","하향",""
"Recital Grd","738","Welcome to pop'n fantasy","Normal","4.0","3.7","-0.3","하향",""
"Recital Grd","739","Welcome to pop'n fantasy","Hard","7.0","7.3","0.3","상향",""
"Recital Grd","740","Welcome to pop'n fantasy","Expert","11.0","11.1","0.1","상향",""
"Recital Grd","741","Welcome to pop'n fantasy","Real","12.0","12.1","0.1","상향",""
"Recital Grd","742","Windy Fairy","Normal","4.0","4.3","0.3","상향",""
"Recital Grd","744","Windy Fairy","Expert","11.0","10.9","-0.1","하향",""
"Recital Grd","745","Yum Yum Sweetie","Normal","4.0","4.1","0.1","상향",""
"Recital Grd","746","Yum Yum Sweetie","Hard","8.0","8.2","0.2","상향",""
"Recital Grd","747","Yum Yum Sweetie","Expert","11.9","11.6","-0.3","하향",""
"Recital Grd","749","ambages","Normal","6.0","5.8","-0.2","하향",""
"Recital Grd","751","ambages","Expert","12.1","12.2","0.1","상향",""
"Recital Grd","752","ambages","Real","13.5","14.1","0.6","상향",""
"Recital Grd","753","break through the clouds","Normal","3.0","2.7","-0.3","하향",""
"Recital Grd","754","break through the clouds","Hard","7.0","6.9","-0.1","하향",""
"Recital Grd","755","break through the clouds","Expert","11.0","10.7","-0.3","하향",""
"Recital Grd","756","break through the clouds","Real","12.0","11.9","-0.1","하향",""
"Recital Grd","757","chaplet","Normal","4.0","3.9","-0.1","하향",""
"Recital Grd","758","chaplet","Hard","8.0","7.9","-0.1","하향",""
"Recital Grd","759","chaplet","Expert","12.0","11.8","-0.2","하향",""
"Recital Grd","760","chaplet","Real","12.9","12.8","-0.1","하향",""
"Recital Grd","762","concon ～live pf addition～","Hard","7.0","7.3","0.3","상향",""
"Recital Grd","763","concon ～live pf addition～","Expert","11.0","11.5","0.5","상향",""
"Recital Grd","764","crAtus","Normal","6.0","5.7","-0.3","하향",""
"Recital Grd","765","crAtus","Hard","8.9","8.8","-0.1","하향",""
"Recital Grd","766","crAtus","Expert","12.1","12.2","0.1","상향",""
"Recital Grd","767","crAtus","Real","13.5","14.3","0.8","상향",""
"Recital Grd","768","fallen leaves","Normal","5.0","4.7","-0.3","하향",""
"Recital Grd","769","fallen leaves","Hard","8.0","7.6","-0.4","하향",""
"Recital Grd","770","fallen leaves","Expert","12.1","11.7","-0.4","하향",""
"Recital Grd","771","felys","Normal","3.0","3.3","0.3","상향",""
"Recital Grd","772","felys","Hard","7.0","7.1","0.1","상향",""
"Recital Grd","773","felys","Expert","10.1","10.4","0.3","상향",""
"Recital Grd","774","felys","Real","12.4","12.3","-0.1","하향",""
"Recital Grd","775","flee for free!!","Normal","4.0","4.5","0.5","상향",""
"Recital Grd","776","flee for free!!","Hard","6.0","6.5","0.5","상향",""
"Recital Grd","777","flee for free!!","Expert","9.0","9.4","0.4","상향",""
"Recital Grd","778","flee for free!!","Real","12.2","12.3","0.1","상향",""
"Recital Grd","779","garden","Normal","5.0","4.7","-0.3","하향",""
"Recital Grd","780","garden","Hard","7.0","7.3","0.3","상향",""
"Recital Grd","781","garden","Expert","10.9","10.6","-0.3","하향",""
"Recital Grd","782","insist","Normal","4.0","3.7","-0.3","하향",""
"Recital Grd","783","insist","Hard","7.0","6.8","-0.2","하향",""
"Recital Grd","784","insist","Expert","9.8","10.0","0.2","상향",""
"Recital Grd","785","ivy of rutiles","Normal","5.0","4.6","-0.4","하향",""
"Recital Grd","786","ivy of rutiles","Hard","8.0","7.8","-0.2","하향",""
"Recital Grd","788","ivy of rutiles","Real","13.1","13.2","0.1","상향",""
"Recital Grd","789","little runaway","Normal","3.0","2.8","-0.2","하향",""
"Recital Grd","790","little runaway","Hard","6.0","5.9","-0.1","하향",""
"Recital Grd","791","little runaway","Expert","9.0","9.2","0.2","상향",""
"Recital Grd","792","little runaway","Real","11.2","11.5","0.3","상향",""
"Recital Grd","793","mariposa","Normal","4.0","3.7","-0.3","하향",""
"Recital Grd","794","mariposa","Hard","7.0","6.7","-0.3","하향",""
"Recital Grd","795","mariposa","Expert","10.9","10.6","-0.3","하향",""
"Recital Grd","796","mariposa","Real","11.9","11.5","-0.4","하향",""
"Recital Grd","797","minne","Normal","3.0","3.2","0.2","상향",""
"Recital Grd","798","minne","Hard","6.0","5.9","-0.1","하향",""
"Recital Grd","799","minne","Expert","10.0","9.8","-0.2","하향",""
"Recital Grd","800","minne","Real","11.1","10.8","-0.3","하향",""
"Recital Grd","801","mint candy ☆ citrus drop","Normal","3.0","2.7","-0.3","하향",""
"Recital Grd","802","mint candy ☆ citrus drop","Hard","5.0","5.4","0.4","상향",""
"Recital Grd","803","mint candy ☆ citrus drop","Expert","9.0","9.4","0.4","상향",""
"Recital Grd","804","mint candy ☆ citrus drop","Real","11.9","11.6","-0.3","하향",""
"Recital Grd","805","morning music","Normal","4.0","3.6","-0.4","하향",""
"Recital Grd","806","morning music","Hard","7.0","6.6","-0.4","하향",""
"Recital Grd","807","morning music","Expert","8.0","7.9","-0.1","하향",""
"Recital Grd","808","morning music","Real","11.0","10.5","-0.5","하향",""
"Recital Grd","809","murmur twins","Normal","5.0","4.7","-0.3","하향",""
"Recital Grd","810","murmur twins","Hard","8.0","8.1","0.1","상향",""
"Recital Grd","811","murmur twins","Expert","11.0","11.3","0.3","상향",""
"Recital Grd","812","murmur twins","Real","12.4","12.5","0.1","상향",""
"Recital Grd","813","nalca","Normal","3.0","3.1","0.1","상향",""
"Recital Grd","814","nalca","Hard","7.0","7.2","0.2","상향",""
"Recital Grd","815","nalca","Expert","11.0","10.8","-0.2","하향",""
"Recital Grd","816","nalca","Real","12.5","12.4","-0.1","하향",""
"Recital Grd","818","neko fun jitter","Hard","6.1","6.2","0.1","상향",""
"Recital Grd","819","neko fun jitter","Expert","8.0","8.5","0.5","상향",""
"Recital Grd","820","neko fun jitter","Real","12.0","12.1","0.1","상향",""
"Recital Grd","821","neko*neko","Normal","3.0","2.8","-0.2","하향",""
"Recital Grd","822","neko*neko","Hard","6.0","5.9","-0.1","하향",""
"Recital Grd","823","neko*neko","Expert","9.9","9.6","-0.3","하향",""
"Recital Grd","824","neko*neko","Real","11.0","10.8","-0.2","하향",""
"Recital Grd","825","neu","Normal","5.0","4.5","-0.5","하향",""
"Recital Grd","826","neu","Hard","7.0","6.7","-0.3","하향",""
"Recital Grd","828","neu","Real","10.0","9.7","-0.3","하향",""
"Recital Grd","829","neu*","Normal","5.0","5.2","0.2","상향",""
"Recital Grd","831","neu*","Expert","11.9","12.0","0.1","상향",""
"Recital Grd","832","neu*","Real","13.3","13.5","0.2","상향",""
"Recital Grd","833","nostos","Normal","5.0","5.1","0.1","상향",""
"Recital Grd","834","nostos","Hard","8.0","8.3","0.3","상향",""
"Recital Grd","835","nostos","Expert","11.0","11.2","0.2","상향",""
"Recital Grd","836","nostos","Real","12.5","12.4","-0.1","하향",""
"Recital Grd","838","nostos algos","Hard","6.0","5.9","-0.1","하향",""
"Recital Grd","839","nostos algos","Expert","11.0","11.1","0.1","상향",""
"Recital Grd","841","n番目の女","Normal","3.0","3.3","0.3","상향",""
"Recital Grd","842","n番目の女","Hard","7.0","7.1","0.1","상향",""
"Recital Grd","844","perditus†paradisus (BEMANI SYMPHONY NOSTALGIA mix)","Normal","5.0","5.2","0.2","상향",""
"Recital Grd","845","perditus†paradisus (BEMANI SYMPHONY NOSTALGIA mix)","Hard","9.1","9.0","-0.1","하향",""
"Recital Grd","847","perditus†paradisus (BEMANI SYMPHONY NOSTALGIA mix)","Real","13.6","14.1","0.5","상향",""
"Recital Grd","848","phantasmagoria","Normal","5.0","5.1","0.1","상향",""
"Recital Grd","849","phantasmagoria","Hard","7.9","8.0","0.1","상향",""
"Recital Grd","850","phantasmagoria","Expert","10.1","10.3","0.2","상향",""
"Recital Grd","851","phantasmagoria","Real","12.0","11.9","-0.1","하향",""
"Recital Grd","852","printemps","Normal","4.0","3.7","-0.3","하향",""
"Recital Grd","853","printemps","Hard","7.0","6.8","-0.2","하향",""
"Recital Grd","854","printemps","Expert","10.9","10.6","-0.3","하향",""
"Recital Grd","856","robotip phactory","Normal","4.0","3.9","-0.1","하향",""
"Recital Grd","857","robotip phactory","Hard","6.9","7.0","0.1","상향",""
"Recital Grd","858","robotip phactory","Expert","11.0","11.3","0.3","상향",""
"Recital Grd","859","robotip phactory","Real","12.0","12.2","0.2","상향",""
"Recital Grd","860","say...but in vain","Normal","4.0","4.2","0.2","상향",""
"Recital Grd","862","say...but in vain","Expert","11.0","11.2","0.2","상향",""
"Recital Grd","863","say...but in vain","Real","12.4","12.3","-0.1","하향",""
"Recital Grd","864","smooooch・∀・ (BEMANI SYMPHONY NOSTALGIA mix)","Normal","3.0","3.4","0.4","상향",""
"Recital Grd","865","smooooch・∀・ (BEMANI SYMPHONY NOSTALGIA mix)","Hard","7.0","6.9","-0.1","하향",""
"Recital Grd","866","smooooch・∀・ (BEMANI SYMPHONY NOSTALGIA mix)","Expert","11.0","10.9","-0.1","하향",""
"Recital Grd","867","smooooch・∀・ (BEMANI SYMPHONY NOSTALGIA mix)","Real","12.0","12.1","0.1","상향",""
"Recital Grd","868","starmine (BEMANI SYMPHONY NOSTALGIA mix)","Normal","4.0","4.1","0.1","상향",""
"Recital Grd","869","starmine (BEMANI SYMPHONY NOSTALGIA mix)","Hard","7.0","6.9","-0.1","하향",""
"Recital Grd","870","starmine (BEMANI SYMPHONY NOSTALGIA mix)","Expert","9.8","9.7","-0.1","하향",""
"Recital Grd","872","storia","Normal","4.0","4.2","0.2","상향",""
"Recital Grd","873","storia","Hard","7.0","7.1","0.1","상향",""
"Recital Grd","874","storia","Expert","11.0","10.9","-0.1","하향",""
"Recital Grd","875","storia","Real","12.0","12.2","0.2","상향",""
"Recital Grd","876","tears proof masquerade","Normal","5.0","4.8","-0.2","하향",""
"Recital Grd","877","tears proof masquerade","Hard","8.0","7.7","-0.3","하향",""
"Recital Grd","878","tears proof masquerade","Expert","11.9","11.7","-0.2","하향",""
"Recital Grd","879","toy boxer(NOSTALGIA Style)","Normal","4.0","3.7","-0.3","하향",""
"Recital Grd","880","toy boxer(NOSTALGIA Style)","Hard","6.9","7.0","0.1","상향",""
"Recital Grd","881","toy boxer(NOSTALGIA Style)","Expert","10.1","10.5","0.4","상향",""
"Recital Grd","882","turn into white","Normal","3.0","2.9","-0.1","하향",""
"Recital Grd","883","turn into white","Hard","6.0","5.7","-0.3","하향",""
"Recital Grd","884","turn into white","Expert","10.0","9.8","-0.2","하향",""
"Recital Grd","885","turn into white","Real","10.0","10.4","0.4","상향",""
"Recital Grd","886","viator in vitro","Normal","5.0","4.8","-0.2","하향",""
"Recital Grd","889","viator in vitro","Real","13.0","13.1","0.1","상향",""
"Recital Grd","890","virkatoの主題によるperson09風超絶技巧変奏曲","Normal","5.0","5.2","0.2","상향",""
"Recital Grd","891","virkatoの主題によるperson09風超絶技巧変奏曲","Hard","7.0","7.4","0.4","상향",""
"Recital Grd","892","virkatoの主題によるperson09風超絶技巧変奏曲","Expert","12.0","12.1","0.1","상향",""
"Recital Grd","893","virkatoの主題によるperson09風超絶技巧変奏曲","Real","13.4","13.6","0.2","상향",""
"Recital Grd","894","voltississimo(NOSTALGIA Style)","Normal","5.0","4.7","-0.3","하향",""
"Recital Grd","895","voltississimo(NOSTALGIA Style)","Hard","8.0","7.8","-0.2","하향",""
"Recital Grd","897","you","Normal","2.0","1.8","-0.2","하향",""
"Recital Grd","898","you","Hard","5.1","5.4","0.3","상향",""
"Recital Grd","899","you","Expert","7.9","8.0","0.1","상향",""
"Recital Grd","901","zeeros","Hard","9.0","8.8","-0.2","하향",""
"Recital Grd","902","zeeros","Expert","12.1","12.2","0.1","상향",""
"Recital Grd","903","zeeros","Real","13.0","13.1","0.1","상향",""
"Recital Grd","904","†渚のリベンジΣ脈あり!?バケェ～ション†","Normal","4.0","4.4","0.4","상향",""
"Recital Grd","905","†渚のリベンジΣ脈あり!?バケェ～ション†","Hard","6.9","7.3","0.4","상향",""
"Recital Grd","906","†渚のリベンジΣ脈あり!?バケェ～ション†","Expert","11.9","12.1","0.2","상향",""
"Recital Grd","907","†渚のリベンジΣ脈あり!?バケェ～ション†","Real","12.9","13.2","0.3","상향",""
"Recital Grd","908","†渚の小悪魔ラヴリィ～レイディオ†","Normal","5.0","4.9","-0.1","하향",""
"Recital Grd","909","†渚の小悪魔ラヴリィ～レイディオ†","Hard","7.9","8.0","0.1","상향",""
"Recital Grd","911","†渚の小悪魔ラヴリィ～レイディオ†","Real","12.4","12.6","0.2","상향",""
"Recital Grd","912","「6つのメヌエット」より第2番ト長調","Normal","2.0","2.1","0.1","상향",""
"Recital Grd","913","「6つのメヌエット」より第2番ト長調","Hard","4.0","4.4","0.4","상향",""
"Recital Grd","914","「6つのメヌエット」より第2番ト長調","Expert","8.0","7.5","-0.5","하향",""
"Recital Grd","915","「6つのメヌエット」より第2番ト長調","Real","10.0","9.7","-0.3","하향",""
"Recital Grd","916","「交錯する使命」","Normal","4.0","4.3","0.3","상향",""
"Recital Grd","918","「交錯する使命」","Expert","11.9","11.7","-0.2","하향",""
"Recital Grd","919","「交錯する使命」","Real","12.9","13.0","0.1","상향",""
"Recital Grd","920","うそつき","Normal","3.0","2.9","-0.1","하향",""
"Recital Grd","921","うそつき","Hard","6.0","6.3","0.3","상향",""
"Recital Grd","923","おおきなこえで","Normal","3.0","2.7","-0.3","하향",""
"Recital Grd","924","おおきなこえで","Hard","7.0","6.6","-0.4","하향",""
"Recital Grd","925","おおきなこえで","Expert","10.0","9.7","-0.3","하향",""
"Recital Grd","926","おおきなこえで","Real","11.0","10.9","-0.1","하향",""
"Recital Grd","927","おもちゃの兵隊の行進","Normal","3.0","2.6","-0.4","하향",""
"Recital Grd","928","おもちゃの兵隊の行進","Hard","5.0","5.1","0.1","상향",""
"Recital Grd","929","おもちゃの兵隊の行進","Expert","8.0","8.4","0.4","상향",""
"Recital Grd","930","おもちゃの兵隊の行進","Real","11.9","11.8","-0.1","하향",""
"Recital Grd","931","おーまい！らぶりー！すうぃーてぃ！だーりん！","Normal","4.0","4.1","0.1","상향",""
"Recital Grd","932","おーまい！らぶりー！すうぃーてぃ！だーりん！","Hard","6.0","6.4","0.4","상향",""
"Recital Grd","933","おーまい！らぶりー！すうぃーてぃ！だーりん！","Expert","10.9","11.4","0.5","상향",""
"Recital Grd","934","お米の美味しい炊き方、そしてお米を食べることによるその効果。","Normal","4.0","3.9","-0.1","하향",""
"Recital Grd","935","お米の美味しい炊き方、そしてお米を食べることによるその効果。","Hard","6.9","7.1","0.2","상향",""
"Recital Grd","936","お米の美味しい炊き方、そしてお米を食べることによるその効果。","Expert","11.9","11.6","-0.3","하향",""
"Recital Grd","937","お米の美味しい炊き方、そしてお米を食べることによるその効果。","Real","12.4","12.6","0.2","상향",""
"Recital Grd","938","かぞへうたヴァリエーシォン","Normal","4.0","3.8","-0.2","하향",""
"Recital Grd","939","かぞへうたヴァリエーシォン","Hard","7.0","6.6","-0.4","하향",""
"Recital Grd","940","かぞへうたヴァリエーシォン","Expert","10.9","10.5","-0.4","하향",""
"Recital Grd","941","かぞへうたヴァリエーシォン","Real","12.0","11.8","-0.2","하향",""
"Recital Grd","942","からくりピエロ","Normal","3.0","2.6","-0.4","하향",""
"Recital Grd","943","からくりピエロ","Hard","6.0","5.7","-0.3","하향",""
"Recital Grd","946","きらきら星変奏曲","Hard","6.0","5.9","-0.1","하향",""
"Recital Grd","947","きらきら星変奏曲","Expert","11.0","10.6","-0.4","하향",""
"Recital Grd","948","きらきら星変奏曲","Real","12.5","12.3","-0.2","하향",""
"Recital Grd","949","くるみ割り人形よりトレパック","Normal","3.0","3.3","0.3","상향",""
"Recital Grd","950","くるみ割り人形よりトレパック","Hard","7.0","7.1","0.1","상향",""
"Recital Grd","951","くるみ割り人形よりトレパック","Expert","10.0","9.7","-0.3","하향",""
"Recital Grd","952","くるみ割り人形より小序曲","Normal","3.0","3.2","0.2","상향",""
"Recital Grd","953","くるみ割り人形より小序曲","Hard","7.0","7.3","0.3","상향",""
"Recital Grd","955","くるみ割り人形より花のワルツ","Normal","2.0","2.1","0.1","상향",""
"Recital Grd","956","くるみ割り人形より花のワルツ","Hard","6.0","6.2","0.2","상향",""
"Recital Grd","957","くるみ割り人形より花のワルツ","Expert","11.0","11.3","0.3","상향",""
"Recital Grd","958","くるみ割り人形より行進曲","Normal","3.0","3.4","0.4","상향",""
"Recital Grd","959","くるみ割り人形より行進曲","Hard","7.0","7.1","0.1","상향",""
"Recital Grd","960","くるみ割り人形より行進曲","Expert","10.0","10.1","0.1","상향",""
"Recital Grd","961","くるみ割り人形より金平糖の踊り","Normal","3.0","3.5","0.5","상향",""
"Recital Grd","962","くるみ割り人形より金平糖の踊り","Hard","6.0","6.4","0.4","상향",""
"Recital Grd","963","くるみ割り人形より金平糖の踊り","Expert","9.0","9.5","0.5","상향",""
"Recital Grd","964","ここからよろしく大作戦143","Normal","2.0","1.8","-0.2","하향",""
"Recital Grd","965","ここからよろしく大作戦143","Hard","7.0","6.8","-0.2","하향",""
"Recital Grd","966","ここからよろしく大作戦143","Expert","10.1","10.5","0.4","상향",""
"Recital Grd","967","ここからよろしく大作戦143","Real","11.1","11.5","0.4","상향",""
"Recital Grd","968","さよならトリップ","Normal","4.0","3.6","-0.4","하향",""
"Recital Grd","969","さよならトリップ","Hard","6.9","6.6","-0.3","하향",""
"Recital Grd","970","さよならトリップ","Expert","10.0","9.9","-0.1","하향",""
"Recital Grd","971","さよならトリップ","Real","11.9","11.7","-0.2","하향",""
"Recital Grd","972","さよなら世界 (BEMANI SYMPHONY Arr.)","Normal","3.0","2.7","-0.3","하향",""
"Recital Grd","973","さよなら世界 (BEMANI SYMPHONY Arr.)","Hard","6.0","5.5","-0.5","하향",""
"Recital Grd","974","さよなら世界 (BEMANI SYMPHONY Arr.)","Expert","10.0","9.6","-0.4","하향",""
"Recital Grd","975","さよなら世界 (BEMANI SYMPHONY Arr.)","Real","11.9","11.5","-0.4","하향",""
"Recital Grd","976","すなおな心","Normal","2.0","1.8","-0.2","하향",""
"Recital Grd","977","すなおな心","Hard","4.0","3.8","-0.2","하향",""
"Recital Grd","978","すなおな心","Expert","6.0","5.8","-0.2","하향",""
"Recital Grd","979","すなおな心","Real","8.9","8.6","-0.3","하향",""
"Recital Grd","980","だから僕は音楽を辞めた","Normal","3.0","2.9","-0.1","하향",""
"Recital Grd","981","だから僕は音楽を辞めた","Hard","6.0","6.2","0.2","상향",""
"Recital Grd","982","だから僕は音楽を辞めた","Expert","11.0","10.9","-0.1","하향",""
"Recital Grd","984","だんだん早くなる -arranged by 事務員G-","Normal","3.0","3.3","0.3","상향",""
"Recital Grd","985","だんだん早くなる -arranged by 事務員G-","Hard","6.0","6.3","0.3","상향",""
"Recital Grd","986","だんだん早くなる -arranged by 事務員G-","Expert","7.9","8.3","0.4","상향",""
"Recital Grd","987","ちくわパフェだよ☆ＣＫＰ","Normal","5.0","4.7","-0.3","하향",""
"Recital Grd","988","ちくわパフェだよ☆ＣＫＰ","Hard","7.0","7.3","0.3","상향",""
"Recital Grd","989","ちくわパフェだよ☆ＣＫＰ","Expert","11.9","11.7","-0.2","하향",""
"Recital Grd","990","ちくわパフェだよ☆ＣＫＰ","Real","12.5","12.7","0.2","상향",""
"Recital Grd","991","とこにゃつ☆トロピカル","Normal","2.0","2.2","0.2","상향",""
"Recital Grd","992","とこにゃつ☆トロピカル","Hard","7.0","6.6","-0.4","하향",""
"Recital Grd","995","なつやすみのぼうけん","Hard","6.1","6.3","0.2","상향",""
"Recital Grd","998","なまいきプリンセス","Normal","3.0","2.8","-0.2","하향",""
"Recital Grd","999","なまいきプリンセス","Hard","6.0","5.8","-0.2","하향",""
"Recital Grd","1000","なまいきプリンセス","Expert","9.0","9.4","0.4","상향",""
"Recital Grd","1002","にゃんだふる55 marble version","Normal","3.0","2.7","-0.3","하향",""
"Recital Grd","1003","にゃんだふる55 marble version","Hard","7.0","6.6","-0.4","하향",""
"Recital Grd","1004","にゃんだふる55 marble version","Expert","9.9","9.8","-0.1","하향",""
"Recital Grd","1005","にゃんだふる55 marble version","Real","11.9","11.7","-0.2","하향",""
"Recital Grd","1006","はなまるぴっぴはよいこだけ","Normal","2.0","1.9","-0.1","하향",""
"Recital Grd","1007","はなまるぴっぴはよいこだけ","Hard","6.1","6.3","0.2","상향",""
"Recital Grd","1008","はなまるぴっぴはよいこだけ","Expert","8.8","8.9","0.1","상향",""
"Recital Grd","1009","はなまるぴっぴはよいこだけ","Real","11.0","11.2","0.2","상향",""
"Recital Grd","1010","ぽかぽかレトロード ～Home Sweet Home edition～","Normal","2.0","2.2","0.2","상향",""
"Recital Grd","1012","ぽかぽかレトロード ～Home Sweet Home edition～","Expert","9.9","9.8","-0.1","하향",""
"Recital Grd","1013","ぽかぽかレトロード ～Home Sweet Home edition～","Real","11.0","11.4","0.4","상향",""
"Recital Grd","1014","めうめうぺったんたん！！","Normal","3.0","2.9","-0.1","하향",""
"Recital Grd","1016","めうめうぺったんたん！！","Expert","10.9","10.7","-0.2","하향",""
"Recital Grd","1017","めうめうぺったんたん！！","Real","12.4","12.6","0.2","상향",""
"Recital Grd","1018","アイネ・クライネ・ナハトムジク第1楽章","Normal","2.0","2.3","0.3","상향",""
"Recital Grd","1019","アイネ・クライネ・ナハトムジク第1楽章","Hard","6.0","5.9","-0.1","하향",""
"Recital Grd","1020","アイネ・クライネ・ナハトムジク第1楽章","Expert","8.1","8.5","0.4","상향",""
"Recital Grd","1022","アクアリウム ブルー","Hard","6.0","5.8","-0.2","하향",""
"Recital Grd","1023","アクアリウム ブルー","Expert","10.1","9.9","-0.2","하향",""
"Recital Grd","1024","アクアリウム ブルー","Real","11.9","11.5","-0.4","하향",""
"Recital Grd","1025","アスノヨゾラ哨戒班","Normal","2.0","1.6","-0.4","하향",""
"Recital Grd","1027","アスノヨゾラ哨戒班","Expert","10.9","10.7","-0.2","하향",""
"Recital Grd","1028","アゼルバイジャニカアルメニアンカ","Normal","4.0","4.3","0.3","상향",""
"Recital Grd","1029","アゼルバイジャニカアルメニアンカ","Hard","7.0","7.1","0.1","상향",""
"Recital Grd","1030","アゼルバイジャニカアルメニアンカ","Expert","10.0","10.2","0.2","상향",""
"Recital Grd","1031","アゼルバイジャニカアルメニアンカ","Real","12.0","12.1","0.1","상향",""
"Recital Grd","1033","アラベスク","Hard","5.0","5.3","0.3","상향",""
"Recital Grd","1035","アラベスク第1番","Normal","6.0","6.4","0.4","상향",""
"Recital Grd","1036","アラベスク第1番","Hard","8.0","7.7","-0.3","하향",""
"Recital Grd","1037","アラベスク第1番","Expert","11.1","10.9","-0.2","하향",""
"Recital Grd","1038","アラベスク第1番","Real","12.0","11.6","-0.4","하향",""
"Recital Grd","1039","アリスサイド・キャスリング","Normal","4.0","3.9","-0.1","하향",""
"Recital Grd","1040","アリスサイド・キャスリング","Hard","6.9","7.0","0.1","상향",""
"Recital Grd","1041","アリスサイド・キャスリング","Expert","11.0","10.9","-0.1","하향",""
"Recital Grd","1044","アルストロメリア","Hard","9.0","8.9","-0.1","하향",""
"Recital Grd","1045","アルストロメリア","Expert","10.0","10.1","0.1","상향",""
"Recital Grd","1046","アルストロメリア","Real","12.4","12.3","-0.1","하향",""
"Recital Grd","1047","アルルの女第二組曲よりファランドール","Normal","3.0","3.5","0.5","상향",""
"Recital Grd","1048","アルルの女第二組曲よりファランドール","Hard","6.1","6.4","0.3","상향",""
"Recital Grd","1049","アルルの女第二組曲よりファランドール","Expert","11.0","11.2","0.2","상향",""
"Recital Grd","1050","アルルの女第二組曲よりファランドール","Real","11.9","12.1","0.2","상향",""
"Recital Grd","1051","アルルの女第二組曲よりメヌエット","Normal","2.0","1.9","-0.1","하향",""
"Recital Grd","1053","アルルの女第二組曲よりメヌエット","Expert","8.0","7.7","-0.3","하향",""
"Recital Grd","1054","アルルの女第二組曲よりメヌエット","Real","10.0","9.8","-0.2","하향",""
"Recital Grd","1055","アヴェ・マリア","Normal","2.0","1.5","-0.5","하향",""
"Recital Grd","1056","アヴェ・マリア","Hard","6.0","5.5","-0.5","하향",""
"Recital Grd","1057","アヴェ・マリア","Expert","9.0","8.6","-0.4","하향",""
"Recital Grd","1058","アヴェ・マリア","Real","11.9","11.5","-0.4","하향",""
"Recital Grd","1059","アーカーシャの碑文","Normal","2.0","2.4","0.4","상향",""
"Recital Grd","1060","アーカーシャの碑文","Hard","5.1","5.5","0.4","상향",""
"Recital Grd","1061","アーカーシャの碑文","Expert","8.0","8.1","0.1","상향",""
"Recital Grd","1062","アーカーシャの碑文","Real","10.0","9.6","-0.4","하향",""
"Recital Grd","1063","イタリア風ポルカ","Normal","5.0","4.9","-0.1","하향",""
"Recital Grd","1065","イタリア風ポルカ","Expert","10.9","10.6","-0.3","하향",""
"Recital Grd","1066","イタリア風ポルカ","Real","12.5","12.4","-0.1","하향",""
"Recital Grd","1067","イノセントバイブル","Normal","3.0","2.8","-0.2","하향",""
"Recital Grd","1069","イノセントバイブル","Expert","9.0","9.1","0.1","상향",""
"Recital Grd","1070","イノセントバイブル","Real","11.0","10.7","-0.3","하향",""
"Recital Grd","1071","イブの時代っ！","Normal","3.0","2.6","-0.4","하향",""
"Recital Grd","1072","イブの時代っ！","Hard","7.0","6.6","-0.4","하향",""
"Recital Grd","1073","イブの時代っ！","Expert","11.0","10.8","-0.2","하향",""
"Recital Grd","1074","イブの時代っ！","Real","11.9","12.0","0.1","상향",""
"Recital Grd","1075","イマココ！この瞬間","Normal","4.0","3.6","-0.4","하향",""
"Recital Grd","1076","イマココ！この瞬間","Hard","6.0","5.6","-0.4","하향",""
"Recital Grd","1077","イマココ！この瞬間","Expert","10.0","9.7","-0.3","하향",""
"Recital Grd","1078","イマココ！この瞬間","Real","11.0","10.7","-0.3","하향",""
"Recital Grd","1079","インベンション第13番","Normal","4.0","4.4","0.4","상향",""
"Recital Grd","1080","インベンション第13番","Hard","6.0","6.2","0.2","상향",""
"Recital Grd","1081","インベンション第13番","Expert","7.0","7.5","0.5","상향",""
"Recital Grd","1083","インベンション第1番","Hard","5.0","5.2","0.2","상향",""
"Recital Grd","1084","インベンション第1番","Expert","7.0","7.5","0.5","상향",""
"Recital Grd","1085","インベンション第4番","Normal","3.0","3.2","0.2","상향",""
"Recital Grd","1086","インベンション第4番","Hard","5.0","5.3","0.3","상향",""
"Recital Grd","1087","インベンション第4番","Expert","7.0","7.2","0.2","상향",""
"Recital Grd","1088","ウィリアム・テル序曲","Normal","4.0","4.5","0.5","상향",""
"Recital Grd","1089","ウィリアム・テル序曲","Hard","8.0","8.2","0.2","상향",""
"Recital Grd","1090","ウィリアム・テル序曲","Expert","11.9","12.1","0.2","상향",""
"Recital Grd","1091","ウィリアム・テル序曲","Real","12.4","12.7","0.3","상향",""
"Recital Grd","1092","ウソツキ横丁は雨模様","Normal","3.0","3.2","0.2","상향",""
"Recital Grd","1093","ウソツキ横丁は雨模様","Hard","7.0","6.8","-0.2","하향",""
"Recital Grd","1094","ウソツキ横丁は雨模様","Expert","11.0","10.7","-0.3","하향",""
"Recital Grd","1096","ウミユリ海底譚","Normal","2.0","1.6","-0.4","하향",""
"Recital Grd","1097","ウミユリ海底譚","Hard","6.0","5.9","-0.1","하향",""
"Recital Grd","1098","ウミユリ海底譚","Expert","8.0","8.4","0.4","상향",""
"Recital Grd","1099","ウミユリ海底譚","Real","11.0","10.9","-0.1","하향",""
"Recital Grd","1100","エイリアンエイリアン","Normal","2.0","1.9","-0.1","하향",""
"Recital Grd","1101","エイリアンエイリアン","Hard","7.0","7.2","0.2","상향",""
"Recital Grd","1102","エイリアンエイリアン","Expert","9.9","10.2","0.3","상향",""
"Recital Grd","1103","エチュード Op.10-1","Normal","3.0","2.7","-0.3","하향",""
"Recital Grd","1104","エチュード Op.10-1","Hard","7.0","6.6","-0.4","하향",""
"Recital Grd","1105","エチュード Op.10-1","Expert","11.9","11.6","-0.3","하향",""
"Recital Grd","1107","エチュード Op.10-2","Normal","3.0","2.8","-0.2","하향",""
"Recital Grd","1108","エチュード Op.10-2","Hard","7.0","6.9","-0.1","하향",""
"Recital Grd","1109","エチュード Op.10-2","Expert","12.0","11.9","-0.1","하향",""
"Recital Grd","1111","エチュード Op.10-4","Normal","5.0","5.2","0.2","상향",""
"Recital Grd","1112","エチュード Op.10-4","Hard","8.2","8.5","0.3","상향",""
"Recital Grd","1113","エチュード Op.10-4","Expert","12.0","12.1","0.1","상향",""
"Recital Grd","1114","エチュード Op.10-4","Real","13.6","14.2","0.6","상향",""
"Recital Grd","1115","エチュード Op.10-5 「黒鍵」","Normal","4.0","4.1","0.1","상향",""
"Recital Grd","1116","エチュード Op.10-5 「黒鍵」","Hard","6.0","6.2","0.2","상향",""
"Recital Grd","1118","エチュード Op.10-5 「黒鍵」","Real","13.6","13.8","0.2","상향",""
"Recital Grd","1119","エチュード Op.25-5","Normal","4.0","3.9","-0.1","하향",""
"Recital Grd","1120","エチュード Op.25-5","Hard","6.9","6.8","-0.1","하향",""
"Recital Grd","1122","エチュード Op.25-5","Real","13.1","13.2","0.1","상향",""
"Recital Grd","1123","エチュード「鵲」","Normal","4.0","3.9","-0.1","하향",""
"Recital Grd","1124","エチュード「鵲」","Hard","6.0","6.4","0.4","상향",""
"Recital Grd","1125","エチュード「鵲」","Expert","11.0","11.1","0.1","상향",""
"Recital Grd","1126","エチュード「鵲」","Real","12.4","12.3","-0.1","하향",""
"Recital Grd","1128","エリーゼのために","Hard","6.0","5.8","-0.2","하향",""
"Recital Grd","1129","エリーゼのために","Expert","7.0","7.4","0.4","상향",""
"Recital Grd","1130","エリーゼのために","Real","10.0","9.8","-0.2","하향",""
"Recital Grd","1131","カヨワキコイノウタ","Normal","3.0","2.8","-0.2","하향",""
"Recital Grd","1132","カヨワキコイノウタ","Hard","6.0","6.4","0.4","상향",""
"Recital Grd","1133","カヨワキコイノウタ","Expert","9.0","9.2","0.2","상향",""
"Recital Grd","1134","カヨワキコイノウタ","Real","10.9","10.8","-0.1","하향",""
"Recital Grd","1135","ガボット","Normal","4.0","3.7","-0.3","하향",""
"Recital Grd","1138","クシコス・ポスト","Normal","3.0","2.6","-0.4","하향",""
"Recital Grd","1139","クシコス・ポスト","Hard","7.0","7.4","0.4","상향",""
"Recital Grd","1140","クシコス・ポスト","Expert","11.0","10.9","-0.1","하향",""
"Recital Grd","1141","クープランの墓よりプレリュード","Normal","6.0","5.6","-0.4","하향",""
"Recital Grd","1142","クープランの墓よりプレリュード","Hard","7.9","7.8","-0.1","하향",""
"Recital Grd","1144","クープランの墓よりプレリュード","Real","13.0","13.1","0.1","상향",""
"Recital Grd","1145","コキュトス","Normal","3.0","2.7","-0.3","하향",""
"Recital Grd","1146","コキュトス","Hard","7.0","6.7","-0.3","하향",""
"Recital Grd","1147","コキュトス","Expert","11.0","10.6","-0.4","하향",""
"Recital Grd","1148","コキュトス","Real","12.5","12.3","-0.2","하향",""
"Recital Grd","1149","コルドバの女","Normal","4.0","3.7","-0.3","하향",""
"Recital Grd","1151","コルドバの女","Expert","11.0","10.9","-0.1","하향",""
"Recital Grd","1152","コルドバの女","Real","12.5","12.6","0.1","상향",""
"Recital Grd","1153","ゴリウォーグのケークウォーク","Normal","3.0","3.2","0.2","상향",""
"Recital Grd","1154","ゴリウォーグのケークウォーク","Hard","6.0","6.1","0.1","상향",""
"Recital Grd","1155","ゴリウォーグのケークウォーク","Expert","10.0","10.1","0.1","상향",""
"Recital Grd","1156","ゴリウォーグのケークウォーク","Real","11.2","11.5","0.3","상향",""
"Recital Grd","1157","サムイウワサ","Normal","4.0","4.4","0.4","상향",""
"Recital Grd","1158","サムイウワサ","Hard","6.2","6.5","0.3","상향",""
"Recital Grd","1159","サムイウワサ","Expert","10.9","11.1","0.2","상향",""
"Recital Grd","1160","サヨナラ・ヘヴン","Normal","3.0","2.6","-0.4","하향",""
"Recital Grd","1161","サヨナラ・ヘヴン","Hard","6.0","6.2","0.2","상향",""
"Recital Grd","1163","サヨナラ・ヘヴン","Real","11.9","11.8","-0.1","하향",""
"Recital Grd","1165","シシリエンヌ","Hard","6.1","6.0","-0.1","하향",""
"Recital Grd","1166","シシリエンヌ","Expert","9.0","8.8","-0.2","하향",""
"Recital Grd","1167","シャルル","Normal","3.0","3.3","0.3","상향",""
"Recital Grd","1168","シャルル","Hard","7.0","6.8","-0.2","하향",""
"Recital Grd","1171","シュレーディンガーの猫","Normal","5.0","5.1","0.1","상향",""
"Recital Grd","1172","シュレーディンガーの猫","Hard","7.9","8.3","0.4","상향",""
"Recital Grd","1173","シュレーディンガーの猫","Expert","12.0","12.1","0.1","상향",""
"Recital Grd","1174","シュレーディンガーの猫","Real","13.5","13.9","0.4","상향",""
"Recital Grd","1176","ジムノペディ第1番","Hard","3.2","2.8","-0.4","하향",""
"Recital Grd","1177","ジムノペディ第1番","Expert","7.0","6.5","-0.5","하향",""
"Recital Grd","1178","ジムノペディ第1番","Real","10.1","9.5","-0.6","하향",""
"Recital Grd","1179","ジャンキーナイトタウンオーケストラ","Normal","4.0","4.3","0.3","상향",""
"Recital Grd","1181","ジャンキーナイトタウンオーケストラ","Expert","10.8","10.6","-0.2","하향",""
"Recital Grd","1182","ジャンキーナイトタウンオーケストラ","Real","11.8","12.0","0.2","상향",""
"Recital Grd","1183","スケルツォ第2番 Op.31","Normal","4.0","3.9","-0.1","하향",""
"Recital Grd","1184","スケルツォ第2番 Op.31","Hard","7.0","7.4","0.4","상향",""
"Recital Grd","1185","スケルツォ第2番 Op.31","Expert","11.9","11.8","-0.1","하향",""
"Recital Grd","1186","スケルツォ第2番 Op.31","Real","12.5","12.7","0.2","상향",""
"Recital Grd","1187","ストレイ・マーチ","Normal","4.0","4.1","0.1","상향",""
"Recital Grd","1188","ストレイ・マーチ","Hard","8.0","7.6","-0.4","하향",""
"Recital Grd","1189","ストレイ・マーチ","Expert","11.8","11.6","-0.2","하향",""
"Recital Grd","1190","ストレイ・マーチ","Real","12.8","12.9","0.1","상향",""
"Recital Grd","1191","スーパー戦湯ババンバーン","Normal","4.0","4.2","0.2","상향",""
"Recital Grd","1192","スーパー戦湯ババンバーン","Hard","8.1","8.4","0.3","상향",""
"Recital Grd","1193","スーパー戦湯ババンバーン","Expert","12.0","12.1","0.1","상향",""
"Recital Grd","1194","スーパー戦湯ババンバーン","Real","12.4","12.7","0.3","상향",""
"Recital Grd","1195","セツナトリップ","Normal","3.0","3.2","0.2","상향",""
"Recital Grd","1196","セツナトリップ","Hard","8.0","7.6","-0.4","하향",""
"Recital Grd","1197","セツナトリップ","Expert","10.0","9.9","-0.1","하향",""
"Recital Grd","1198","ソナチネ Op.20－1","Normal","4.0","3.9","-0.1","하향",""
"Recital Grd","1199","ソナチネ Op.20－1","Hard","5.0","5.4","0.4","상향",""
"Recital Grd","1200","ソナチネ Op.20－1","Expert","11.0","10.6","-0.4","하향",""
"Recital Grd","1201","ソナチネ Op.36－1","Normal","3.0","3.1","0.1","상향",""
"Recital Grd","1202","ソナチネ Op.36－1","Hard","5.0","5.3","0.3","상향",""
"Recital Grd","1203","ソナチネ Op.36－1","Expert","8.1","8.3","0.2","상향",""
"Recital Grd","1204","ソナチネ ト長調 第1楽章","Normal","1.0","1.4","0.4","상향",""
"Recital Grd","1205","ソナチネ ト長調 第1楽章","Hard","5.0","4.8","-0.2","하향",""
"Recital Grd","1206","ソナチネ ト長調 第1楽章","Expert","7.0","6.7","-0.3","하향",""
"Recital Grd","1207","ソナチネ ト長調 第1楽章","Real","9.9","9.5","-0.4","하향",""
"Recital Grd","1208","タランテラ","Normal","3.0","3.3","0.3","상향",""
"Recital Grd","1210","タランテラ","Expert","11.0","10.8","-0.2","하향",""
"Recital Grd","1211","タランテラ","Real","12.5","12.4","-0.1","하향",""
"Recital Grd","1212","チュッチュ♪マチュピチュ","Normal","2.0","1.7","-0.3","하향",""
"Recital Grd","1213","チュッチュ♪マチュピチュ","Hard","7.0","6.7","-0.3","하향",""
"Recital Grd","1217","チョコレートスマイル","Hard","6.0","6.3","0.3","상향",""
"Recital Grd","1218","チョコレートスマイル","Expert","8.9","9.4","0.5","상향",""
"Recital Grd","1219","チョコレートスマイル","Real","11.0","11.4","0.4","상향",""
"Recital Grd","1220","テンションコードにくちづけを","Normal","4.0","3.9","-0.1","하향",""
"Recital Grd","1221","テンションコードにくちづけを","Hard","6.0","6.1","0.1","상향",""
"Recital Grd","1222","テンションコードにくちづけを","Expert","10.0","9.6","-0.4","하향",""
"Recital Grd","1223","デッドボヲルdeホームラン","Normal","3.0","2.6","-0.4","하향",""
"Recital Grd","1224","デッドボヲルdeホームラン","Hard","7.0","6.5","-0.5","하향",""
"Recital Grd","1225","デッドボヲルdeホームラン","Expert","10.9","10.6","-0.3","하향",""
"Recital Grd","1226","デッドボヲルdeホームラン","Real","12.4","12.3","-0.1","하향",""
"Recital Grd","1228","トッカータとフーガ ニ短調","Hard","7.0","7.3","0.3","상향",""
"Recital Grd","1229","トッカータとフーガ ニ短調","Expert","10.2","10.5","0.3","상향",""
"Recital Grd","1230","トッカータとフーガ ニ短調","Real","11.9","11.8","-0.1","하향",""
"Recital Grd","1231","トリッチ・トラッチ・ポルカ","Normal","4.0","4.4","0.4","상향",""
"Recital Grd","1232","トリッチ・トラッチ・ポルカ","Hard","7.9","8.0","0.1","상향",""
"Recital Grd","1233","トリッチ・トラッチ・ポルカ","Expert","11.9","12.0","0.1","상향",""
"Recital Grd","1234","トリッチ・トラッチ・ポルカ","Real","12.3","12.5","0.2","상향",""
"Recital Grd","1235","トリノコシティ -arranged by 事務員G-","Normal","3.0","3.1","0.1","상향",""
"Recital Grd","1236","トリノコシティ -arranged by 事務員G-","Hard","5.0","5.4","0.4","상향",""
"Recital Grd","1237","トリノコシティ -arranged by 事務員G-","Expert","7.0","7.5","0.5","상향",""
"Recital Grd","1238","トルコ行進曲","Normal","6.0","6.1","0.1","상향",""
"Recital Grd","1240","トルコ行進曲","Expert","11.0","11.3","0.3","상향",""
"Recital Grd","1241","トルコ行進曲","Real","12.0","12.2","0.2","상향",""
"Recital Grd","1242","トルコ行進曲","Normal","2.0","2.4","0.4","상향",""
"Recital Grd","1243","トルコ行進曲","Hard","5.0","5.4","0.4","상향",""
"Recital Grd","1244","トルコ行進曲","Expert","8.9","9.4","0.5","상향",""
"Recital Grd","1245","トルコ行進曲","Real","11.0","11.5","0.5","상향",""
"Recital Grd","1246","トロイメライ","Normal","3.0","2.7","-0.3","하향",""
"Recital Grd","1247","トロイメライ","Hard","4.0","4.3","0.3","상향",""
"Recital Grd","1248","トロイメライ","Expert","5.0","5.2","0.2","상향",""
"Recital Grd","1249","ナイト・オブ・ナイツ","Normal","4.0","4.5","0.5","상향",""
"Recital Grd","1250","ナイト・オブ・ナイツ","Hard","9.0","8.8","-0.2","하향",""
"Recital Grd","1251","ナイト・オブ・ナイツ","Expert","10.8","10.9","0.1","상향",""
"Recital Grd","1253","ニコラウスさんの出来心","Normal","5.0","4.7","-0.3","하향",""
"Recital Grd","1254","ニコラウスさんの出来心","Hard","8.0","8.3","0.3","상향",""
"Recital Grd","1255","ニコラウスさんの出来心","Expert","12.0","12.1","0.1","상향",""
"Recital Grd","1257","ニルスのコイン","Normal","3.0","3.1","0.1","상향",""
"Recital Grd","1258","ニルスのコイン","Hard","7.0","7.2","0.2","상향",""
"Recital Grd","1259","ニルスのコイン","Expert","12.0","11.6","-0.4","하향",""
"Recital Grd","1260","ニルスのコイン","Real","12.5","12.6","0.1","상향",""
"Recital Grd","1261","ネイティブフェイス","Normal","2.0","2.4","0.4","상향",""
"Recital Grd","1262","ネイティブフェイス","Hard","7.9","7.6","-0.3","하향",""
"Recital Grd","1263","ネイティブフェイス","Expert","11.0","10.8","-0.2","하향",""
"Recital Grd","1264","ネイティブフェイス","Real","12.4","12.5","0.1","상향",""
"Recital Grd","1266","ネリと琥珀糖","Hard","7.0","7.2","0.2","상향",""
"Recital Grd","1267","ネリと琥珀糖","Expert","11.9","11.7","-0.2","하향",""
"Recital Grd","1269","ハイドンの名によるメヌエット","Normal","3.0","3.1","0.1","상향",""
"Recital Grd","1270","ハイドンの名によるメヌエット","Hard","6.0","5.6","-0.4","하향",""
"Recital Grd","1271","ハイドンの名によるメヌエット","Expert","9.0","8.5","-0.5","하향",""
"Recital Grd","1272","ハイドンの名によるメヌエット","Real","11.0","10.6","-0.4","하향",""
"Recital Grd","1273","ハッピーシンセサイザ","Normal","2.0","1.6","-0.4","하향",""
"Recital Grd","1274","ハッピーシンセサイザ","Hard","7.0","6.7","-0.3","하향",""
"Recital Grd","1275","ハッピーシンセサイザ","Expert","10.0","10.1","0.1","상향",""
"Recital Grd","1276","ハッピーシンセサイザ","Real","11.0","11.1","0.1","상향",""
"Recital Grd","1277","ハテノサキ","Normal","3.0","2.7","-0.3","하향",""
"Recital Grd","1278","ハテノサキ","Hard","6.0","5.6","-0.4","하향",""
"Recital Grd","1279","ハテノサキ","Expert","10.0","9.7","-0.3","하향",""
"Recital Grd","1280","ハテノサキ","Real","11.9","11.5","-0.4","하향",""
"Recital Grd","1281","ハラショー！おにぎりサーカス団☆","Normal","5.0","4.8","-0.2","하향",""
"Recital Grd","1283","ハラショー！おにぎりサーカス団☆","Expert","12.0","12.2","0.2","상향",""
"Recital Grd","1284","ハラショー！おにぎりサーカス団☆","Real","12.5","12.7","0.2","상향",""
"Recital Grd","1285","ハンガリー狂詩曲第2番","Normal","6.0","5.7","-0.3","하향",""
"Recital Grd","1286","ハンガリー狂詩曲第2番","Hard","7.9","8.4","0.5","상향",""
"Recital Grd","1287","ハンガリー狂詩曲第2番","Expert","11.9","12.2","0.3","상향",""
"Recital Grd","1288","ハンガリー狂詩曲第2番","Real","12.9","13.1","0.2","상향",""
"Recital Grd","1290","ハンガリー舞曲第5番","Hard","7.0","7.4","0.4","상향",""
"Recital Grd","1292","ハンガリー舞曲第5番","Real","11.9","12.1","0.2","상향",""
"Recital Grd","1293","ハンガリー舞曲第6番","Normal","4.0","4.4","0.4","상향",""
"Recital Grd","1294","ハンガリー舞曲第6番","Hard","7.0","7.4","0.4","상향",""
"Recital Grd","1295","ハンガリー舞曲第6番","Expert","11.1","11.5","0.4","상향",""
"Recital Grd","1296","ハンガリー舞曲第6番","Real","12.4","12.5","0.1","상향",""
"Recital Grd","1297","バッドエンド・シンドローム","Normal","4.0","4.1","0.1","상향",""
"Recital Grd","1298","バッドエンド・シンドローム","Hard","7.0","7.2","0.2","상향",""
"Recital Grd","1299","バッドエンド・シンドローム","Expert","12.0","12.1","0.1","상향",""
"Recital Grd","1300","バラード第1番","Normal","4.0","3.8","-0.2","하향",""
"Recital Grd","1301","バラード第1番","Hard","7.0","6.9","-0.1","하향",""
"Recital Grd","1302","バラード第1番","Expert","11.0","10.7","-0.3","하향",""
"Recital Grd","1304","バルベリア・タンゴ","Normal","4.0","4.2","0.2","상향",""
"Recital Grd","1305","バルベリア・タンゴ","Hard","8.0","8.3","0.3","상향",""
"Recital Grd","1307","バルベリア・タンゴ","Real","13.0","12.7","-0.3","하향",""
"Recital Grd","1308","バンブーソード・ガール","Normal","4.0","3.9","-0.1","하향",""
"Recital Grd","1309","バンブーソード・ガール","Hard","8.0","8.3","0.3","상향",""
"Recital Grd","1310","バンブーソード・ガール","Expert","11.1","11.5","0.4","상향",""
"Recital Grd","1312","パイナップル・ラグ","Hard","6.0","5.8","-0.2","하향",""
"Recital Grd","1313","パイナップル・ラグ","Expert","9.0","9.1","0.1","상향",""
"Recital Grd","1314","パイナップル・ラグ","Real","11.1","11.3","0.2","상향",""
"Recital Grd","1315","パガニーニによる大練習曲第6番「主題と変奏」","Normal","5.0","4.9","-0.1","하향",""
"Recital Grd","1316","パガニーニによる大練習曲第6番「主題と変奏」","Hard","7.9","8.2","0.3","상향",""
"Recital Grd","1317","パガニーニによる大練習曲第6番「主題と変奏」","Expert","12.0","12.2","0.2","상향",""
"Recital Grd","1318","パガニーニによる大練習曲第6番「主題と変奏」","Real","13.3","13.6","0.3","상향",""
"Recital Grd","1319","パヴァーヌ","Normal","3.0","2.6","-0.4","하향",""
"Recital Grd","1320","パヴァーヌ","Hard","5.0","4.7","-0.3","하향",""
"Recital Grd","1321","パヴァーヌ","Expert","10.0","9.5","-0.5","하향",""
"Recital Grd","1322","パヴァーヌ","Real","11.0","10.5","-0.5","하향",""
"Recital Grd","1323","パーフェクトイーター","Normal","5.0","5.2","0.2","상향",""
"Recital Grd","1324","パーフェクトイーター","Hard","7.9","7.8","-0.1","하향",""
"Recital Grd","1325","パーフェクトイーター","Expert","11.8","11.7","-0.1","하향",""
"Recital Grd","1326","パーフェクトイーター","Real","12.3","12.4","0.1","상향",""
"Recital Grd","1327","ピアノソナタ「テンペスト」第３楽章","Normal","4.0","4.2","0.2","상향",""
"Recital Grd","1328","ピアノソナタ「テンペスト」第３楽章","Hard","6.9","7.0","0.1","상향",""
"Recital Grd","1329","ピアノソナタ「テンペスト」第３楽章","Expert","11.0","10.9","-0.1","하향",""
"Recital Grd","1331","ピアノソナタ「ヴァルトシュタイン」第１楽章","Normal","4.0","4.4","0.4","상향",""
"Recital Grd","1332","ピアノソナタ「ヴァルトシュタイン」第１楽章","Hard","7.9","7.8","-0.1","하향",""
"Recital Grd","1333","ピアノソナタ「ヴァルトシュタイン」第１楽章","Expert","11.9","11.7","-0.2","하향",""
"Recital Grd","1334","ピアノソナタ「ヴァルトシュタイン」第１楽章","Real","12.4","12.7","0.3","상향",""
"Recital Grd","1335","ピアノソナタ「悲愴」第２楽章","Normal","2.0","1.7","-0.3","하향",""
"Recital Grd","1336","ピアノソナタ「悲愴」第２楽章","Hard","6.0","6.2","0.2","상향",""
"Recital Grd","1337","ピアノソナタ「悲愴」第２楽章","Expert","8.1","8.4","0.3","상향",""
"Recital Grd","1338","ピアノソナタ「月光」第１楽章","Normal","2.0","1.5","-0.5","하향",""
"Recital Grd","1339","ピアノソナタ「月光」第１楽章","Hard","3.9","3.5","-0.4","하향",""
"Recital Grd","1340","ピアノソナタ「月光」第１楽章","Expert","10.9","10.5","-0.4","하향",""
"Recital Grd","1341","ピアノソナタ「月光」第３楽章","Normal","4.0","4.4","0.4","상향",""
"Recital Grd","1342","ピアノソナタ「月光」第３楽章","Hard","9.3","9.4","0.1","상향",""
"Recital Grd","1343","ピアノソナタ「月光」第３楽章","Expert","11.1","11.5","0.4","상향",""
"Recital Grd","1344","ピアノソナタ「月光」第３楽章","Real","12.9","13.0","0.1","상향",""
"Recital Grd","1345","ピアノソナタ「熱情」第３楽章","Normal","3.0","3.4","0.4","상향",""
"Recital Grd","1347","ピアノソナタ「熱情」第３楽章","Expert","12.0","12.1","0.1","상향",""
"Recital Grd","1348","ピアノソナタ「熱情」第３楽章","Real","13.4","13.7","0.3","상향",""
"Recital Grd","1349","ピアノソナタ第15番第1楽章","Normal","4.0","4.5","0.5","상향",""
"Recital Grd","1351","ピアノソナタ第15番第1楽章","Expert","12.0","11.9","-0.1","하향",""
"Recital Grd","1352","ピアノソナタ第15番第1楽章","Real","12.4","12.3","-0.1","하향",""
"Recital Grd","1353","ピアノソナタ第2番「葬送」第2楽章","Normal","4.0","4.3","0.3","상향",""
"Recital Grd","1355","ピアノソナタ第2番「葬送」第2楽章","Expert","10.9","11.0","0.1","상향",""
"Recital Grd","1356","ピアノソナタ第2番「葬送」第2楽章","Real","12.0","12.2","0.2","상향",""
"Recital Grd","1357","ピアノ体操第一","Normal","6.0","5.9","-0.1","하향",""
"Recital Grd","1358","ピアノ体操第一","Hard","10.0","10.1","0.1","상향",""
"Recital Grd","1360","ピアノ体操第一","Real","13.4","14.2","0.8","상향",""
"Recital Grd","1361","ピアノ協奏曲第1楽章","Normal","3.0","2.9","-0.1","하향",""
"Recital Grd","1362","ピアノ協奏曲第1楽章","Hard","7.0","6.6","-0.4","하향",""
"Recital Grd","1363","ピアノ協奏曲第1楽章","Expert","12.0","11.6","-0.4","하향",""
"Recital Grd","1364","ピアノ協奏曲第1楽章","Real","12.5","12.6","0.1","상향",""
"Recital Grd","1365","ピアノ協奏曲第1番“蠍火”","Normal","6.0","5.8","-0.2","하향",""
"Recital Grd","1366","ピアノ協奏曲第1番“蠍火”","Hard","9.0","9.2","0.2","상향",""
"Recital Grd","1367","ピアノ協奏曲第1番“蠍火”","Expert","12.1","12.2","0.1","상향",""
"Recital Grd","1368","ピアノ協奏曲第1番第1楽章","Normal","5.0","4.6","-0.4","하향",""
"Recital Grd","1369","ピアノ協奏曲第1番第1楽章","Hard","7.0","6.6","-0.4","하향",""
"Recital Grd","1370","ピアノ協奏曲第1番第1楽章","Expert","12.0","11.6","-0.4","하향",""
"Recital Grd","1372","ピアノ協奏曲第2番第1楽章","Normal","3.0","2.6","-0.4","하향",""
"Recital Grd","1373","ピアノ協奏曲第2番第1楽章","Hard","7.0","6.8","-0.2","하향",""
"Recital Grd","1374","ピアノ協奏曲第2番第1楽章","Expert","12.0","11.7","-0.3","하향",""
"Recital Grd","1375","ピアノ協奏曲第2番第1楽章","Real","12.5","12.6","0.1","상향",""
"Recital Grd","1376","ピアノ独奏無言歌 ""灰燼""","Normal","7.0","6.5","-0.5","하향",""
"Recital Grd","1377","ピアノ独奏無言歌 ""灰燼""","Hard","9.9","10.2","0.3","상향",""
"Recital Grd","1378","ピアノ独奏無言歌 ""灰燼""","Expert","12.0","12.2","0.2","상향",""
"Recital Grd","1379","ピアノ独奏無言歌 ""灰燼""","Real","13.6","14.4","0.8","상향",""
"Recital Grd","1380","フィガロの結婚序曲","Normal","3.0","3.5","0.5","상향",""
"Recital Grd","1381","フィガロの結婚序曲","Hard","7.0","7.4","0.4","상향",""
"Recital Grd","1382","フィガロの結婚序曲","Expert","11.9","11.8","-0.1","하향",""
"Recital Grd","1383","フィガロの結婚序曲","Real","12.9","13.1","0.2","상향",""
"Recital Grd","1384","ボロディン風に","Normal","3.0","2.8","-0.2","하향",""
"Recital Grd","1385","ボロディン風に","Hard","6.0","5.6","-0.4","하향",""
"Recital Grd","1386","ボロディン風に","Expert","10.0","9.5","-0.5","하향",""
"Recital Grd","1387","ボロディン風に","Real","11.0","10.6","-0.4","하향",""
"Recital Grd","1388","ポラリスノウタ","Normal","4.0","3.9","-0.1","하향",""
"Recital Grd","1389","ポラリスノウタ","Hard","6.0","5.9","-0.1","하향",""
"Recital Grd","1391","ポラリスノウタ","Real","12.5","12.6","0.1","상향",""
"Recital Grd","1392","ミッドナイト☆WAR(NOSTALGIA Style)","Normal","3.0","3.4","0.4","상향",""
"Recital Grd","1393","ミッドナイト☆WAR(NOSTALGIA Style)","Hard","6.0","6.5","0.5","상향",""
"Recital Grd","1394","ミッドナイト☆WAR(NOSTALGIA Style)","Expert","11.0","11.4","0.4","상향",""
"Recital Grd","1395","ミッドナイト☆WAR(NOSTALGIA Style)","Real","12.5","12.6","0.1","상향",""
"Recital Grd","1397","メイプルリーフ・ラグ","Hard","6.0","5.8","-0.2","하향",""
"Recital Grd","1398","メイプルリーフ・ラグ","Expert","10.0","10.3","0.3","상향",""
"Recital Grd","1399","メイプルリーフ・ラグ","Real","11.0","11.4","0.4","상향",""
"Recital Grd","1400","メヌエット","Normal","1.0","1.3","0.3","상향",""
"Recital Grd","1401","メヌエット","Hard","3.0","3.1","0.1","상향",""
"Recital Grd","1402","メヌエット","Expert","5.0","5.1","0.1","상향",""
"Recital Grd","1403","メヌエット","Real","9.0","8.5","-0.5","하향",""
"Recital Grd","1404","メヌエット","Normal","3.0","3.3","0.3","상향",""
"Recital Grd","1405","メヌエット","Hard","6.0","5.8","-0.2","하향",""
"Recital Grd","1406","メヌエット","Expert","10.0","9.7","-0.3","하향",""
"Recital Grd","1407","メヌエット","Real","11.0","10.8","-0.2","하향",""
"Recital Grd","1408","メヌエット イ短調","Normal","1.0","1.1","0.1","상향",""
"Recital Grd","1409","メヌエット イ短調","Hard","3.0","2.9","-0.1","하향",""
"Recital Grd","1410","メヌエット イ短調","Expert","5.1","4.8","-0.3","하향",""
"Recital Grd","1411","メヌエット ト短調","Normal","1.0","1.3","0.3","상향",""
"Recital Grd","1412","メヌエット ト短調","Hard","3.0","3.1","0.1","상향",""
"Recital Grd","1413","メヌエット ト短調","Expert","6.0","5.7","-0.3","하향",""
"Recital Grd","1414","メヌエット ト短調","Real","10.0","9.5","-0.5","하향",""
"Recital Grd","1415","モノクロモーメント","Normal","3.0","3.1","0.1","상향",""
"Recital Grd","1416","モノクロモーメント","Hard","7.0","6.9","-0.1","하향",""
"Recital Grd","1417","モノクロモーメント","Expert","10.0","10.4","0.4","상향",""
"Recital Grd","1420","ユメイロムスビ","Hard","8.0","8.1","0.1","상향",""
"Recital Grd","1421","ユメイロムスビ","Expert","11.0","11.1","0.1","상향",""
"Recital Grd","1422","ユメイロムスビ","Real","12.0","11.8","-0.2","하향",""
"Recital Grd","1423","ユモレスク","Normal","3.0","3.1","0.1","상향",""
"Recital Grd","1424","ユモレスク","Hard","6.0","6.1","0.1","상향",""
"Recital Grd","1425","ユモレスク","Expert","9.0","9.1","0.1","상향",""
"Recital Grd","1426","ラキラキ","Normal","4.0","3.6","-0.4","하향",""
"Recital Grd","1427","ラキラキ","Hard","6.0","5.9","-0.1","하향",""
"Recital Grd","1428","ラキラキ","Expert","10.0","10.2","0.2","상향",""
"Recital Grd","1429","ラキラキ","Real","12.0","12.1","0.1","상향",""
"Recital Grd","1430","ラグトレイン","Normal","3.0","2.8","-0.2","하향",""
"Recital Grd","1431","ラグトレイン","Hard","6.0","5.6","-0.4","하향",""
"Recital Grd","1433","ラグトレイン","Real","11.8","11.5","-0.3","하향",""
"Recital Grd","1434","ラデツキー行進曲","Normal","4.0","4.5","0.5","상향",""
"Recital Grd","1435","ラデツキー行進曲","Hard","7.0","7.4","0.4","상향",""
"Recital Grd","1436","ラデツキー行進曲","Expert","10.1","10.4","0.3","상향",""
"Recital Grd","1437","ラデツキー行進曲","Real","10.9","11.4","0.5","상향",""
"Recital Grd","1438","ラブキラ☆スプラッシュ","Normal","3.0","3.2","0.2","상향",""
"Recital Grd","1439","ラブキラ☆スプラッシュ","Hard","6.9","6.8","-0.1","하향",""
"Recital Grd","1440","ラブキラ☆スプラッシュ","Expert","10.0","10.2","0.2","상향",""
"Recital Grd","1442","ラプソディ・イン・ブルー","Normal","4.0","4.1","0.1","상향",""
"Recital Grd","1443","ラプソディ・イン・ブルー","Hard","6.0","6.4","0.4","상향",""
"Recital Grd","1444","ラプソディ・イン・ブルー","Expert","9.9","9.8","-0.1","하향",""
"Recital Grd","1446","ランカーキラーガール","Normal","5.0","5.2","0.2","상향",""
"Recital Grd","1447","ランカーキラーガール","Hard","7.9","8.0","0.1","상향",""
"Recital Grd","1448","ランカーキラーガール","Expert","12.0","12.1","0.1","상향",""
"Recital Grd","1449","ラ・カンパネラ","Normal","2.0","2.5","0.5","상향",""
"Recital Grd","1450","ラ・カンパネラ","Hard","8.2","8.5","0.3","상향",""
"Recital Grd","1451","ラ・カンパネラ","Expert","11.9","12.0","0.1","상향",""
"Recital Grd","1452","リメンバーリメンバー (BEMANI SYMPHONY Arr.)","Normal","4.0","3.9","-0.1","하향",""
"Recital Grd","1453","リメンバーリメンバー (BEMANI SYMPHONY Arr.)","Hard","7.0","6.7","-0.3","하향",""
"Recital Grd","1455","リメンバーリメンバー (BEMANI SYMPHONY Arr.)","Real","11.9","11.6","-0.3","하향",""
"Recital Grd","1456","ルスランとリュドミラ序曲","Normal","4.0","4.5","0.5","상향",""
"Recital Grd","1457","ルスランとリュドミラ序曲","Hard","7.0","7.5","0.5","상향",""
"Recital Grd","1458","ルスランとリュドミラ序曲","Expert","11.8","11.7","-0.1","하향",""
"Recital Grd","1459","ルスランとリュドミラ序曲","Real","12.8","13.0","0.2","상향",""
"Recital Grd","1460","ルミナスデイズ","Normal","3.0","3.2","0.2","상향",""
"Recital Grd","1461","ルミナスデイズ","Hard","5.0","5.4","0.4","상향",""
"Recital Grd","1462","ルミナスデイズ","Expert","9.2","9.5","0.3","상향",""
"Recital Grd","1463","レクイエムより「怒りの日」","Normal","4.0","4.2","0.2","상향",""
"Recital Grd","1464","レクイエムより「怒りの日」","Hard","7.9","8.0","0.1","상향",""
"Recital Grd","1465","レクイエムより「怒りの日」","Expert","11.9","11.8","-0.1","하향",""
"Recital Grd","1466","レクイエムより「怒りの日」","Real","12.9","13.0","0.1","상향",""
"Recital Grd","1467","レグルス αβ","Normal","3.0","3.1","0.1","상향",""
"Recital Grd","1468","レグルス αβ","Hard","7.0","7.1","0.1","상향",""
"Recital Grd","1469","レグルス αβ","Expert","11.0","11.1","0.1","상향",""
"Recital Grd","1470","レグルス αβ","Real","12.5","12.4","-0.1","하향",""
"Recital Grd","1471","ロキ","Normal","4.0","3.8","-0.2","하향",""
"Recital Grd","1472","ロキ","Hard","7.0","6.8","-0.2","하향",""
"Recital Grd","1474","ロストワンの号哭","Normal","3.0","3.4","0.4","상향",""
"Recital Grd","1475","ロストワンの号哭","Hard","7.9","8.1","0.2","상향",""
"Recital Grd","1476","ロストワンの号哭","Expert","11.0","11.4","0.4","상향",""
"Recital Grd","1477","ロストワンの号哭","Real","11.9","12.1","0.2","상향",""
"Recital Grd","1478","ロボット☆ライフ","Normal","4.0","3.9","-0.1","하향",""
"Recital Grd","1479","ロボット☆ライフ","Hard","6.0","5.9","-0.1","하향",""
"Recital Grd","1480","ロボット☆ライフ","Expert","10.0","9.9","-0.1","하향",""
"Recital Grd","1481","ロマンシングエスケープ","Normal","3.0","2.6","-0.4","하향",""
"Recital Grd","1482","ロマンシングエスケープ","Hard","7.0","6.5","-0.5","하향",""
"Recital Grd","1483","ロマンシングエスケープ","Expert","10.9","10.5","-0.4","하향",""
"Recital Grd","1484","ロマンシングエスケープ","Real","11.9","11.6","-0.3","하향",""
"Recital Grd","1485","ロミとロボの宇宙飛行","Normal","4.0","3.5","-0.5","하향",""
"Recital Grd","1486","ロミとロボの宇宙飛行","Hard","8.0","7.7","-0.3","하향",""
"Recital Grd","1487","ロミとロボの宇宙飛行","Expert","11.0","11.1","0.1","상향",""
"Recital Grd","1489","ワルキューレの騎行","Normal","4.0","3.6","-0.4","하향",""
"Recital Grd","1490","ワルキューレの騎行","Hard","8.0","7.8","-0.2","하향",""
"Recital Grd","1491","ワルキューレの騎行","Expert","11.9","11.7","-0.2","하향",""
"Recital Grd","1492","ワルキューレの騎行","Real","12.9","13.1","0.2","상향",""
"Recital Grd","1494","ワルツ第14番","Hard","8.0","7.8","-0.2","하향",""
"Recital Grd","1495","ワルツ第14番","Expert","12.0","11.7","-0.3","하향",""
"Recital Grd","1496","ワルツ第17番 ト短調”大犬のワルツ”","Normal","6.0","6.1","0.1","상향",""
"Recital Grd","1497","ワルツ第17番 ト短調”大犬のワルツ”","Hard","9.0","9.3","0.3","상향",""
"Recital Grd","1498","ワルツ第17番 ト短調”大犬のワルツ”","Expert","12.0","12.2","0.2","상향",""
"Recital Grd","1499","ワルツ第17番 ト短調”大犬のワルツ”","Real","13.4","14.3","0.9","상향",""
"Recital Grd","1501","ヴァイオリンソナタ第5番「春」第1楽章","Hard","6.0","5.8","-0.2","하향",""
"Recital Grd","1502","ヴァイオリンソナタ第5番「春」第1楽章","Expert","10.0","9.8","-0.2","하향",""
"Recital Grd","1503","ヴァイオリンソナタ第5番「春」第1楽章","Real","12.0","12.1","0.1","상향",""
"Recital Grd","1504","ヴォカリーズ","Normal","3.0","2.5","-0.5","하향",""
"Recital Grd","1505","ヴォカリーズ","Hard","6.0","5.6","-0.4","하향",""
"Recital Grd","1506","ヴォカリーズ","Expert","8.0","8.1","0.1","상향",""
"Recital Grd","1507","ヴォカリーズ","Real","10.0","9.6","-0.4","하향",""
"Recital Grd","1508","一夜の恋","Normal","4.0","4.2","0.2","상향",""
"Recital Grd","1509","一夜の恋","Hard","8.0","7.7","-0.3","하향",""
"Recital Grd","1510","一夜の恋","Expert","10.0","10.4","0.4","상향",""
"Recital Grd","1512","世界の果てに約束の凱歌を","Hard","8.0","8.1","0.1","상향",""
"Recital Grd","1513","世界の果てに約束の凱歌を","Expert","11.9","11.8","-0.1","하향",""
"Recital Grd","1514","世界の果てに約束の凱歌を","Real","12.3","12.4","0.1","상향",""
"Recital Grd","1516","主よ、人の望みの喜びよ","Hard","6.0","6.1","0.1","상향",""
"Recital Grd","1517","主よ、人の望みの喜びよ","Expert","7.0","7.3","0.3","상향",""
"Recital Grd","1518","主よ、人の望みの喜びよ","Real","11.0","10.6","-0.4","하향",""
"Recital Grd","1520","久遠の空 ft. 小林まな","Hard","6.0","6.4","0.4","상향",""
"Recital Grd","1521","久遠の空 ft. 小林まな","Expert","11.0","11.3","0.3","상향",""
"Recital Grd","1522","乙女の祈り","Normal","2.0","1.9","-0.1","하향",""
"Recital Grd","1524","乙女の祈り","Expert","10.1","9.9","-0.2","하향",""
"Recital Grd","1525","乙女繚乱 舞い咲き誇れ","Normal","4.0","3.6","-0.4","하향",""
"Recital Grd","1526","乙女繚乱 舞い咲き誇れ","Hard","7.0","6.8","-0.2","하향",""
"Recital Grd","1529","亜麻色の髪の乙女","Normal","3.0","2.9","-0.1","하향",""
"Recital Grd","1530","亜麻色の髪の乙女","Hard","7.0","6.7","-0.3","하향",""
"Recital Grd","1531","亜麻色の髪の乙女","Expert","9.0","8.6","-0.4","하향",""
"Recital Grd","1532","亡き王女のためのパヴァーヌ","Normal","3.0","2.6","-0.4","하향",""
"Recital Grd","1533","亡き王女のためのパヴァーヌ","Hard","6.0","5.6","-0.4","하향",""
"Recital Grd","1534","亡き王女のためのパヴァーヌ","Expert","10.1","9.8","-0.3","하향",""
"Recital Grd","1535","亡き王女の為のセプテット","Normal","2.0","1.8","-0.2","하향",""
"Recital Grd","1536","亡き王女の為のセプテット","Hard","8.0","8.2","0.2","상향",""
"Recital Grd","1537","亡き王女の為のセプテット","Expert","12.0","11.7","-0.3","하향",""
"Recital Grd","1539","交響曲第5番第1楽章""運命""","Normal","3.0","2.7","-0.3","하향",""
"Recital Grd","1540","交響曲第5番第1楽章""運命""","Hard","6.1","6.0","-0.1","하향",""
"Recital Grd","1541","交響曲第5番第1楽章""運命""","Expert","10.1","10.3","0.2","상향",""
"Recital Grd","1542","交響曲第5番第1楽章""運命""","Real","11.9","12.0","0.1","상향",""
"Recital Grd","1543","交響曲第5番第4楽章","Normal","3.0","3.4","0.4","상향",""
"Recital Grd","1544","交響曲第5番第4楽章","Hard","6.0","6.3","0.3","상향",""
"Recital Grd","1545","交響曲第5番第4楽章","Expert","11.0","11.2","0.2","상향",""
"Recital Grd","1546","交響曲第5番第4楽章","Real","12.0","12.2","0.2","상향",""
"Recital Grd","1547","交響曲第7番第1楽章","Normal","3.0","3.3","0.3","상향",""
"Recital Grd","1548","交響曲第7番第1楽章","Hard","7.0","7.3","0.3","상향",""
"Recital Grd","1549","交響曲第7番第1楽章","Expert","10.9","11.3","0.4","상향",""
"Recital Grd","1550","交響曲第7番第1楽章","Real","12.4","12.6","0.2","상향",""
"Recital Grd","1551","交響曲第9番""新世界より""第4楽章","Normal","4.0","3.7","-0.3","하향",""
"Recital Grd","1553","交響曲第9番""新世界より""第4楽章","Expert","10.9","10.8","-0.1","하향",""
"Recital Grd","1554","交響曲第9番""新世界より""第4楽章","Real","12.4","12.5","0.1","상향",""
"Recital Grd","1555","交響曲第9番第4楽章""歓喜の歌""","Normal","3.0","3.4","0.4","상향",""
"Recital Grd","1556","交響曲第9番第4楽章""歓喜の歌""","Hard","7.0","7.5","0.5","상향",""
"Recital Grd","1557","交響曲第9番第4楽章""歓喜の歌""","Expert","11.7","11.6","-0.1","하향",""
"Recital Grd","1558","交響曲第9番第4楽章""歓喜の歌""","Real","12.7","12.8","0.1","상향",""
"Recital Grd","1559","交響詩 「魔女狩り」","Normal","5.0","4.9","-0.1","하향",""
"Recital Grd","1560","交響詩 「魔女狩り」","Hard","8.9","8.5","-0.4","하향",""
"Recital Grd","1561","交響詩 「魔女狩り」","Expert","12.0","11.7","-0.3","하향",""
"Recital Grd","1562","交響詩 「魔女狩り」","Real","13.0","13.1","0.1","상향",""
"Recital Grd","1563","交響詩「はげ山の一夜」","Normal","4.0","4.2","0.2","상향",""
"Recital Grd","1564","交響詩「はげ山の一夜」","Hard","7.0","7.1","0.1","상향",""
"Recital Grd","1565","交響詩「はげ山の一夜」","Expert","11.9","11.8","-0.1","하향",""
"Recital Grd","1566","交響詩「はげ山の一夜」","Real","12.4","12.7","0.3","상향",""
"Recital Grd","1567","交響詩「悪魔の誕生」","Normal","8.0","7.9","-0.1","하향",""
"Recital Grd","1568","交響詩「悪魔の誕生」","Hard","11.0","10.7","-0.3","하향",""
"Recital Grd","1569","交響詩「悪魔の誕生」","Expert","12.0","12.2","0.2","상향",""
"Recital Grd","1571","交響詩「死の舞踏」","Normal","4.0","4.3","0.3","상향",""
"Recital Grd","1572","交響詩「死の舞踏」","Hard","6.9","7.2","0.3","상향",""
"Recital Grd","1573","交響詩「死の舞踏」","Expert","11.9","12.0","0.1","상향",""
"Recital Grd","1574","交響詩「死の舞踏」","Real","12.4","12.7","0.3","상향",""
"Recital Grd","1575","人形の夢と目覚め","Normal","2.0","2.1","0.1","상향",""
"Recital Grd","1576","人形の夢と目覚め","Hard","5.1","5.5","0.4","상향",""
"Recital Grd","1577","人形の夢と目覚め","Expert","9.0","9.2","0.2","상향",""
"Recital Grd","1578","僕の飛行機","Normal","2.0","2.1","0.1","상향",""
"Recital Grd","1579","僕の飛行機","Hard","5.1","5.4","0.3","상향",""
"Recital Grd","1580","僕の飛行機","Expert","8.9","9.3","0.4","상향",""
"Recital Grd","1581","冥 (BEMANI SYMPHONY NOSTALGIA mix)","Normal","4.0","3.7","-0.3","하향",""
"Recital Grd","1582","冥 (BEMANI SYMPHONY NOSTALGIA mix)","Hard","6.9","6.5","-0.4","하향",""
"Recital Grd","1583","冥 (BEMANI SYMPHONY NOSTALGIA mix)","Expert","11.1","10.9","-0.2","하향",""
"Recital Grd","1584","冥 (BEMANI SYMPHONY NOSTALGIA mix)","Real","12.4","12.3","-0.1","하향",""
"Recital Grd","1585","凛として咲く花の如く","Normal","4.0","3.5","-0.5","하향",""
"Recital Grd","1586","凛として咲く花の如く","Hard","6.0","6.4","0.4","상향",""
"Recital Grd","1587","凛として咲く花の如く","Expert","9.1","9.5","0.4","상향",""
"Recital Grd","1588","凛として咲く花の如く","Real","11.0","11.4","0.4","상향",""
"Recital Grd","1589","凛として咲く花の如く ～ひなビタ♪ edition～","Normal","3.0","3.5","0.5","상향",""
"Recital Grd","1590","凛として咲く花の如く ～ひなビタ♪ edition～","Hard","7.0","7.4","0.4","상향",""
"Recital Grd","1591","凛として咲く花の如く ～ひなビタ♪ edition～","Expert","10.9","11.3","0.4","상향",""
"Recital Grd","1592","凛として咲く花の如く ～ひなビタ♪ edition～","Real","11.9","12.2","0.3","상향",""
"Recital Grd","1593","凪を穿つ","Normal","5.0","4.7","-0.3","하향",""
"Recital Grd","1594","凪を穿つ","Hard","7.9","7.7","-0.2","하향",""
"Recital Grd","1596","凪を穿つ","Real","12.6","12.7","0.1","상향",""
"Recital Grd","1597","初音ミクの消失","Normal","2.0","2.5","0.5","상향",""
"Recital Grd","1598","初音ミクの消失","Hard","7.0","6.8","-0.2","하향",""
"Recital Grd","1599","初音ミクの消失","Expert","10.1","10.2","0.1","상향",""
"Recital Grd","1600","別れのワルツ","Normal","3.0","2.6","-0.4","하향",""
"Recital Grd","1601","別れのワルツ","Hard","6.0","5.6","-0.4","하향",""
"Recital Grd","1602","別れのワルツ","Expert","8.0","7.7","-0.3","하향",""
"Recital Grd","1603","別れのワルツ","Real","9.0","8.6","-0.4","하향",""
"Recital Grd","1604","別れの曲","Normal","3.0","2.9","-0.1","하향",""
"Recital Grd","1606","別れの曲","Expert","8.0","7.6","-0.4","하향",""
"Recital Grd","1607","別れの曲","Real","10.9","10.5","-0.4","하향",""
"Recital Grd","1608","前奏曲 Op.23-5","Normal","4.0","3.8","-0.2","하향",""
"Recital Grd","1610","前奏曲 Op.23-5","Expert","10.9","11.4","0.5","상향",""
"Recital Grd","1611","前奏曲 Op.23-5","Real","12.3","12.7","0.4","상향",""
"Recital Grd","1613","前奏曲 Op.23-9","Hard","7.0","6.9","-0.1","하향",""
"Recital Grd","1614","前奏曲 Op.23-9","Expert","12.0","11.8","-0.2","하향",""
"Recital Grd","1616","前奏曲 Op.3-2 「鐘」","Normal","3.0","2.5","-0.5","하향",""
"Recital Grd","1617","前奏曲 Op.3-2 「鐘」","Hard","7.0","6.5","-0.5","하향",""
"Recital Grd","1618","前奏曲 Op.3-2 「鐘」","Expert","10.0","9.6","-0.4","하향",""
"Recital Grd","1619","前奏曲 Op.3-2 「鐘」","Real","12.4","12.3","-0.1","하향",""
"Recital Grd","1620","創世ノート","Normal","5.0","4.6","-0.4","하향",""
"Recital Grd","1621","創世ノート","Hard","7.9","7.5","-0.4","하향",""
"Recital Grd","1622","創世ノート","Expert","11.8","11.5","-0.3","하향",""
"Recital Grd","1623","創世ノート","Real","12.5","12.6","0.1","상향",""
"Recital Grd","1624","動物の謝肉祭より第13曲「白鳥」","Normal","3.0","2.6","-0.4","하향",""
"Recital Grd","1625","動物の謝肉祭より第13曲「白鳥」","Hard","6.0","5.5","-0.5","하향",""
"Recital Grd","1626","動物の謝肉祭より第13曲「白鳥」","Expert","9.9","9.6","-0.3","하향",""
"Recital Grd","1627","動物の謝肉祭より第13曲「白鳥」","Real","12.6","12.5","-0.1","하향",""
"Recital Grd","1629","動物の謝肉祭より第7曲「水族館」","Hard","5.1","5.3","0.2","상향",""
"Recital Grd","1631","動物の謝肉祭より第7曲「水族館」","Real","12.5","12.6","0.1","상향",""
"Recital Grd","1632","千年ノ理","Normal","3.0","3.5","0.5","상향",""
"Recital Grd","1633","千年ノ理","Hard","8.0","8.3","0.3","상향",""
"Recital Grd","1634","千年ノ理","Expert","12.0","11.6","-0.4","하향",""
"Recital Grd","1635","千本桜","Normal","4.0","3.6","-0.4","하향",""
"Recital Grd","1636","千本桜","Hard","7.9","7.6","-0.3","하향",""
"Recital Grd","1637","千本桜","Expert","10.0","10.1","0.1","상향",""
"Recital Grd","1638","千本桜","Real","11.9","11.8","-0.1","하향",""
"Recital Grd","1639","半音階的大ギャロップ","Normal","5.0","5.4","0.4","상향",""
"Recital Grd","1640","半音階的大ギャロップ","Hard","9.0","9.3","0.3","상향",""
"Recital Grd","1641","半音階的大ギャロップ","Expert","11.9","12.2","0.3","상향",""
"Recital Grd","1642","半音階的大ギャロップ","Real","12.5","12.7","0.2","상향",""
"Recital Grd","1643","協奏曲「世界の果てに約束の凱歌を」～28の鍵盤のための～","Normal","4.0","4.5","0.5","상향",""
"Recital Grd","1644","協奏曲「世界の果てに約束の凱歌を」～28の鍵盤のための～","Hard","8.0","8.3","0.3","상향",""
"Recital Grd","1645","協奏曲「世界の果てに約束の凱歌を」～28の鍵盤のための～","Expert","12.1","12.2","0.1","상향",""
"Recital Grd","1646","協奏曲「世界の果てに約束の凱歌を」～28の鍵盤のための～","Real","12.5","12.7","0.2","상향",""
"Recital Grd","1647","協奏曲第1番ホ長調 RV 269「春」より第一楽章","Normal","4.0","3.9","-0.1","하향",""
"Recital Grd","1648","協奏曲第1番ホ長調 RV 269「春」より第一楽章","Hard","7.1","7.0","-0.1","하향",""
"Recital Grd","1649","協奏曲第1番ホ長調 RV 269「春」より第一楽章","Expert","11.0","10.6","-0.4","하향",""
"Recital Grd","1650","協奏曲第1番ホ長調 RV 269「春」より第一楽章","Real","11.8","11.6","-0.2","하향",""
"Recital Grd","1651","協奏曲第2番ト短調 RV 315「夏」より第三楽章","Normal","3.0","3.5","0.5","상향",""
"Recital Grd","1652","協奏曲第2番ト短調 RV 315「夏」より第三楽章","Hard","7.0","7.5","0.5","상향",""
"Recital Grd","1653","協奏曲第2番ト短調 RV 315「夏」より第三楽章","Expert","12.1","12.2","0.1","상향",""
"Recital Grd","1654","協奏曲第2番ト短調 RV 315「夏」より第三楽章","Real","12.9","13.1","0.2","상향",""
"Recital Grd","1655","協奏曲第3番ヘ長調 RV 293「秋」より第一楽章","Normal","3.0","3.3","0.3","상향",""
"Recital Grd","1656","協奏曲第3番ヘ長調 RV 293「秋」より第一楽章","Hard","5.9","6.5","0.6","상향",""
"Recital Grd","1657","協奏曲第3番ヘ長調 RV 293「秋」より第一楽章","Expert","10.9","10.7","-0.2","하향",""
"Recital Grd","1660","協奏曲第4番ヘ短調 RV 297「冬」より第一楽章","Hard","7.0","7.4","0.4","상향",""
"Recital Grd","1661","協奏曲第4番ヘ短調 RV 297「冬」より第一楽章","Expert","11.9","11.8","-0.1","하향",""
"Recital Grd","1662","協奏曲第4番ヘ短調 RV 297「冬」より第一楽章","Real","12.8","12.9","0.1","상향",""
"Recital Grd","1663","叛逆のディスパレート","Normal","4.0","4.1","0.1","상향",""
"Recital Grd","1664","叛逆のディスパレート","Hard","6.9","7.3","0.4","상향",""
"Recital Grd","1665","叛逆のディスパレート","Expert","11.9","11.6","-0.3","하향",""
"Recital Grd","1667","古風なメヌエット","Normal","4.0","3.7","-0.3","하향",""
"Recital Grd","1668","古風なメヌエット","Hard","7.0","6.6","-0.4","하향",""
"Recital Grd","1669","古風なメヌエット","Expert","11.0","10.7","-0.3","하향",""
"Recital Grd","1671","向日葵サンセット","Normal","4.0","3.6","-0.4","하향",""
"Recital Grd","1673","向日葵サンセット","Expert","10.0","10.1","0.1","상향",""
"Recital Grd","1674","君氏危うくも近うよれ","Normal","3.0","2.6","-0.4","하향",""
"Recital Grd","1675","君氏危うくも近うよれ","Hard","6.9","6.7","-0.2","하향",""
"Recital Grd","1676","君氏危うくも近うよれ","Expert","9.8","9.6","-0.2","하향",""
"Recital Grd","1677","君氏危うくも近うよれ","Real","11.1","11.4","0.3","상향",""
"Recital Grd","1678","嘆きの樹 (BEMANI SYMPHONY NOSTALGIA mix)","Normal","4.0","3.7","-0.3","하향",""
"Recital Grd","1679","嘆きの樹 (BEMANI SYMPHONY NOSTALGIA mix)","Hard","7.0","6.5","-0.5","하향",""
"Recital Grd","1680","嘆きの樹 (BEMANI SYMPHONY NOSTALGIA mix)","Expert","11.0","10.7","-0.3","하향",""
"Recital Grd","1681","嘆きの樹 (BEMANI SYMPHONY NOSTALGIA mix)","Real","12.0","12.2","0.2","상향",""
"Recital Grd","1682","変わりゆく時間とノスタルジアと","Normal","4.0","3.7","-0.3","하향",""
"Recital Grd","1683","変わりゆく時間とノスタルジアと","Hard","6.0","5.9","-0.1","하향",""
"Recital Grd","1684","変わりゆく時間とノスタルジアと","Expert","9.0","8.7","-0.3","하향",""
"Recital Grd","1685","変わりゆく時間とノスタルジアと","Real","9.9","10.1","0.2","상향",""
"Recital Grd","1686","変奏曲「天空遊覧」","Normal","3.0","3.5","0.5","상향",""
"Recital Grd","1687","変奏曲「天空遊覧」","Hard","6.0","6.3","0.3","상향",""
"Recital Grd","1688","変奏曲「天空遊覧」","Expert","10.0","10.2","0.2","상향",""
"Recital Grd","1689","変奏曲「天空遊覧」","Real","11.0","11.4","0.4","상향",""
"Recital Grd","1690","夏色DIARY 夕凪ノスタルジア","Normal","3.0","3.5","0.5","상향",""
"Recital Grd","1691","夏色DIARY 夕凪ノスタルジア","Hard","7.0","7.4","0.4","상향",""
"Recital Grd","1692","夏色DIARY 夕凪ノスタルジア","Expert","10.0","10.3","0.3","상향",""
"Recital Grd","1693","夏色DIARY 夕凪ノスタルジア","Real","11.1","11.4","0.3","상향",""
"Recital Grd","1695","夕映の真鍮","Hard","7.0","7.3","0.3","상향",""
"Recital Grd","1696","夕映の真鍮","Expert","11.0","11.4","0.4","상향",""
"Recital Grd","1697","夕映の真鍮","Real","11.9","11.8","-0.1","하향",""
"Recital Grd","1699","夕焼け猫とブリキのロボット","Hard","5.0","5.3","0.3","상향",""
"Recital Grd","1700","夕焼け猫とブリキのロボット","Expert","7.0","7.5","0.5","상향",""
"Recital Grd","1701","夕焼け猫とブリキのロボット","Real","9.9","9.8","-0.1","하향",""
"Recital Grd","1702","多極性ニューロンの崩壊による人間の末路","Normal","3.0","3.3","0.3","상향",""
"Recital Grd","1703","多極性ニューロンの崩壊による人間の末路","Hard","6.9","7.3","0.4","상향",""
"Recital Grd","1706","夜想曲（ノクターン）第２番","Normal","2.0","2.3","0.3","상향",""
"Recital Grd","1707","夜想曲（ノクターン）第２番","Hard","6.0","5.8","-0.2","하향",""
"Recital Grd","1708","夜想曲（ノクターン）第２番","Expert","7.0","7.4","0.4","상향",""
"Recital Grd","1709","夢ハ夢ノママデ","Normal","4.0","4.3","0.3","상향",""
"Recital Grd","1710","夢ハ夢ノママデ","Hard","8.0","7.9","-0.1","하향",""
"Recital Grd","1711","夢ハ夢ノママデ","Expert","11.0","10.8","-0.2","하향",""
"Recital Grd","1712","夢想","Normal","3.0","2.5","-0.5","하향",""
"Recital Grd","1713","夢想","Hard","6.0","5.6","-0.4","하향",""
"Recital Grd","1714","夢想","Expert","9.0","8.6","-0.4","하향",""
"Recital Grd","1715","夢想","Real","10.1","9.9","-0.2","하향",""
"Recital Grd","1716","天ノ弱","Normal","3.0","3.1","0.1","상향",""
"Recital Grd","1717","天ノ弱","Hard","6.9","7.0","0.1","상향",""
"Recital Grd","1718","天ノ弱","Expert","10.0","10.2","0.2","상향",""
"Recital Grd","1719","天使の追放","Normal","8.0","7.6","-0.4","하향",""
"Recital Grd","1720","天使の追放","Hard","10.9","10.6","-0.3","하향",""
"Recital Grd","1721","天使の追放","Expert","12.1","12.2","0.1","상향",""
"Recital Grd","1722","天使の追放","Real","13.7","14.4","0.7","상향",""
"Recital Grd","1723","天泣","Normal","4.0","4.3","0.3","상향",""
"Recital Grd","1724","天泣","Hard","7.0","7.2","0.2","상향",""
"Recital Grd","1726","天泣","Real","12.9","13.2","0.3","상향",""
"Recital Grd","1727","天空の夜明け (BEMANI SYMPHONY NOSTALGIA mix)","Normal","4.0","4.2","0.2","상향",""
"Recital Grd","1728","天空の夜明け (BEMANI SYMPHONY NOSTALGIA mix)","Hard","7.9","7.6","-0.3","하향",""
"Recital Grd","1729","天空の夜明け (BEMANI SYMPHONY NOSTALGIA mix)","Expert","11.9","11.8","-0.1","하향",""
"Recital Grd","1730","天空の夜明け (BEMANI SYMPHONY NOSTALGIA mix)","Real","13.0","13.1","0.1","상향",""
"Recital Grd","1731","女神の微睡","Normal","7.0","6.7","-0.3","하향",""
"Recital Grd","1732","女神の微睡","Hard","9.1","9.2","0.1","상향",""
"Recital Grd","1733","女神の微睡","Expert","12.1","12.2","0.1","상향",""
"Recital Grd","1734","女神の微睡","Real","13.5","14.2","0.7","상향",""
"Recital Grd","1735","妖隠し -あやかしかくし-","Normal","3.0","3.4","0.4","상향",""
"Recital Grd","1736","妖隠し -あやかしかくし-","Hard","7.0","7.1","0.1","상향",""
"Recital Grd","1737","妖隠し -あやかしかくし-","Expert","10.0","10.3","0.3","상향",""
"Recital Grd","1738","子供のためのアルバムより「メロディ」","Normal","1.0","1.2","0.2","상향",""
"Recital Grd","1739","子供のためのアルバムより「メロディ」","Hard","3.0","3.3","0.3","상향",""
"Recital Grd","1740","子供のためのアルバムより「メロディ」","Expert","6.0","5.8","-0.2","하향",""
"Recital Grd","1741","子供のためのアルバムより「メロディ」","Real","9.0","8.7","-0.3","하향",""
"Recital Grd","1742","官僚的なソナチネより第１楽章・第３楽章","Normal","4.0","4.1","0.1","상향",""
"Recital Grd","1744","官僚的なソナチネより第１楽章・第３楽章","Expert","10.0","10.3","0.3","상향",""
"Recital Grd","1745","官僚的なソナチネより第１楽章・第３楽章","Real","12.0","11.9","-0.1","하향",""
"Recital Grd","1746","小フーガ ト短調 BWV578","Normal","3.0","3.2","0.2","상향",""
"Recital Grd","1747","小フーガ ト短調 BWV578","Hard","7.0","6.7","-0.3","하향",""
"Recital Grd","1748","小フーガ ト短調 BWV578","Expert","10.9","10.6","-0.3","하향",""
"Recital Grd","1749","小人がひとり森の中で","Normal","1.0","1.2","0.2","상향",""
"Recital Grd","1751","小人がひとり森の中で","Expert","8.0","7.5","-0.5","하향",""
"Recital Grd","1752","小悪魔のエチュードOp.1 「タランテラ」","Normal","4.0","4.4","0.4","상향",""
"Recital Grd","1753","小悪魔のエチュードOp.1 「タランテラ」","Hard","6.0","6.5","0.5","상향",""
"Recital Grd","1754","小悪魔のエチュードOp.1 「タランテラ」","Expert","11.0","11.3","0.3","상향",""
"Recital Grd","1755","小悪魔のエチュードOp.1 「タランテラ」","Real","12.0","12.2","0.2","상향",""
"Recital Grd","1756","小犬のワルツ","Normal","6.0","5.6","-0.4","하향",""
"Recital Grd","1757","小犬のワルツ","Hard","9.0","8.7","-0.3","하향",""
"Recital Grd","1758","小犬のワルツ","Expert","12.0","11.7","-0.3","하향",""
"Recital Grd","1760","少女アリスと箱庭幻想コンチェルト","Hard","7.9","7.8","-0.1","하향",""
"Recital Grd","1761","少女アリスと箱庭幻想コンチェルト","Expert","11.2","11.4","0.2","상향",""
"Recital Grd","1763","少年と少女のためのラプソディア","Normal","4.0","4.2","0.2","상향",""
"Recital Grd","1764","少年と少女のためのラプソディア","Hard","7.0","7.2","0.2","상향",""
"Recital Grd","1765","少年と少女のためのラプソディア","Expert","11.0","10.9","-0.1","하향",""
"Recital Grd","1766","展覧会の絵","Normal","3.0","3.3","0.3","상향",""
"Recital Grd","1768","展覧会の絵","Expert","8.0","8.4","0.4","상향",""
"Recital Grd","1769","山の魔王の宮殿にて","Normal","4.0","3.7","-0.3","하향",""
"Recital Grd","1770","山の魔王の宮殿にて","Hard","7.0","6.6","-0.4","하향",""
"Recital Grd","1771","山の魔王の宮殿にて","Expert","11.9","11.5","-0.4","하향",""
"Recital Grd","1773","平均律クラヴィーア曲集第1巻第2番プレリュード","Normal","4.0","3.7","-0.3","하향",""
"Recital Grd","1774","平均律クラヴィーア曲集第1巻第2番プレリュード","Hard","7.0","6.6","-0.4","하향",""
"Recital Grd","1775","平均律クラヴィーア曲集第1巻第2番プレリュード","Expert","12.0","11.6","-0.4","하향",""
"Recital Grd","1776","平均律クラヴィーア曲集第1巻第2番プレリュード","Real","13.0","12.9","-0.1","하향",""
"Recital Grd","1777","幻想のサテライト","Normal","3.0","3.2","0.2","상향",""
"Recital Grd","1778","幻想のサテライト","Hard","7.0","7.1","0.1","상향",""
"Recital Grd","1779","幻想のサテライト","Expert","11.0","10.8","-0.2","하향",""
"Recital Grd","1780","幻想のサテライト","Real","12.5","12.6","0.1","상향",""
"Recital Grd","1781","幻想交響曲第4楽章「断頭台への行進」","Normal","4.0","4.4","0.4","상향",""
"Recital Grd","1782","幻想交響曲第4楽章「断頭台への行進」","Hard","6.9","7.5","0.6","상향",""
"Recital Grd","1783","幻想交響曲第4楽章「断頭台への行進」","Expert","11.9","12.1","0.2","상향",""
"Recital Grd","1784","幻想交響曲第4楽章「断頭台への行進」","Real","12.4","12.7","0.3","상향",""
"Recital Grd","1785","幻想即興曲","Normal","6.0","5.8","-0.2","하향",""
"Recital Grd","1786","幻想即興曲","Hard","9.0","8.8","-0.2","하향",""
"Recital Grd","1787","幻想即興曲","Expert","11.1","11.2","0.1","상향",""
"Recital Grd","1790","幻想小曲集Op.12より第2曲「飛翔」","Hard","7.0","6.5","-0.5","하향",""
"Recital Grd","1793","幻想系世界修復少女","Normal","3.0","2.9","-0.1","하향",""
"Recital Grd","1794","幻想系世界修復少女","Hard","6.0","6.1","0.1","상향",""
"Recital Grd","1795","幻想系世界修復少女","Expert","10.0","10.1","0.1","상향",""
"Recital Grd","1796","幽雅に咲かせ、墨染の桜 ～ Border of Life","Normal","5.0","5.1","0.1","상향",""
"Recital Grd","1797","幽雅に咲かせ、墨染の桜 ～ Border of Life","Hard","8.0","8.3","0.3","상향",""
"Recital Grd","1799","序曲「煌」","Normal","4.0","3.9","-0.1","하향",""
"Recital Grd","1800","序曲「煌」","Hard","8.0","8.3","0.3","상향",""
"Recital Grd","1801","序曲「煌」","Expert","12.0","11.9","-0.1","하향",""
"Recital Grd","1802","序曲「煌」","Real","12.5","12.7","0.2","상향",""
"Recital Grd","1803","形無き旋律","Normal","5.0","4.6","-0.4","하향",""
"Recital Grd","1804","形無き旋律","Hard","7.0","6.7","-0.3","하향",""
"Recital Grd","1805","形無き旋律","Expert","10.0","10.2","0.2","상향",""
"Recital Grd","1806","形無き旋律","Real","12.0","11.6","-0.4","하향",""
"Recital Grd","1807","待チ人ハ来ズ。","Normal","3.0","3.2","0.2","상향",""
"Recital Grd","1808","待チ人ハ来ズ。","Hard","6.0","6.2","0.2","상향",""
"Recital Grd","1809","待チ人ハ来ズ。","Expert","8.0","8.4","0.4","상향",""
"Recital Grd","1810","待チ人ハ来ズ。","Real","11.0","10.6","-0.4","하향",""
"Recital Grd","1811","御伽噺に幕切れを","Normal","4.0","3.6","-0.4","하향",""
"Recital Grd","1812","御伽噺に幕切れを","Hard","7.0","6.8","-0.2","하향",""
"Recital Grd","1813","御伽噺に幕切れを","Expert","11.0","10.9","-0.1","하향",""
"Recital Grd","1814","御伽噺に幕切れを","Real","12.0","12.1","0.1","상향",""
"Recital Grd","1815","恋とキングコング","Normal","2.0","2.1","0.1","상향",""
"Recital Grd","1816","恋とキングコング","Hard","6.9","6.6","-0.3","하향",""
"Recital Grd","1817","恋とキングコング","Expert","10.0","10.3","0.3","상향",""
"Recital Grd","1819","恋と赤方偏移","Normal","4.0","3.9","-0.1","하향",""
"Recital Grd","1820","恋と赤方偏移","Hard","6.9","6.6","-0.3","하향",""
"Recital Grd","1821","恋と赤方偏移","Expert","11.9","11.5","-0.4","하향",""
"Recital Grd","1823","恋愛観測 -2021真夏のエンディング ver.-","Normal","4.0","3.9","-0.1","하향",""
"Recital Grd","1824","恋愛観測 -2021真夏のエンディング ver.-","Hard","6.9","7.2","0.3","상향",""
"Recital Grd","1825","恋愛観測 -2021真夏のエンディング ver.-","Expert","10.0","10.4","0.4","상향",""
"Recital Grd","1826","恋愛観測 -2021真夏のエンディング ver.-","Real","12.0","12.2","0.2","상향",""
"Recital Grd","1827","情操ディストピア","Normal","4.0","3.8","-0.2","하향",""
"Recital Grd","1828","情操ディストピア","Hard","6.9","6.8","-0.1","하향",""
"Recital Grd","1829","情操ディストピア","Expert","10.9","10.7","-0.2","하향",""
"Recital Grd","1830","情操ディストピア","Real","12.5","12.7","0.2","상향",""
"Recital Grd","1831","愛、遠く","Normal","3.0","3.5","0.5","상향",""
"Recital Grd","1832","愛、遠く","Hard","6.0","6.4","0.4","상향",""
"Recital Grd","1833","愛、遠く","Expert","10.0","10.4","0.4","상향",""
"Recital Grd","1835","愛の夢","Normal","4.0","3.7","-0.3","하향",""
"Recital Grd","1836","愛の夢","Hard","7.0","6.5","-0.5","하향",""
"Recital Grd","1837","愛の夢","Expert","10.1","9.8","-0.3","하향",""
"Recital Grd","1838","愛の挨拶","Normal","2.0","2.3","0.3","상향",""
"Recital Grd","1839","愛の挨拶","Hard","5.0","5.4","0.4","상향",""
"Recital Grd","1840","愛の挨拶","Expert","7.0","7.5","0.5","상향",""
"Recital Grd","1841","打打打打打打打打打打","Normal","3.0","3.4","0.4","상향",""
"Recital Grd","1842","打打打打打打打打打打","Hard","7.0","7.3","0.3","상향",""
"Recital Grd","1843","打打打打打打打打打打","Expert","11.9","12.0","0.1","상향",""
"Recital Grd","1844","打打打打打打打打打打","Real","12.4","12.5","0.1","상향",""
"Recital Grd","1845","斑咲花","Normal","4.0","3.6","-0.4","하향",""
"Recital Grd","1846","斑咲花","Hard","6.9","7.1","0.2","상향",""
"Recital Grd","1847","斑咲花","Expert","11.0","11.3","0.3","상향",""
"Recital Grd","1848","斑咲花","Real","12.4","12.5","0.1","상향",""
"Recital Grd","1849","明鏡止水","Normal","4.0","4.1","0.1","상향",""
"Recital Grd","1850","明鏡止水","Hard","9.0","8.7","-0.3","하향",""
"Recital Grd","1852","星座が恋した瞬間を。","Normal","3.0","3.5","0.5","상향",""
"Recital Grd","1853","星座が恋した瞬間を。","Hard","7.0","7.4","0.4","상향",""
"Recital Grd","1854","星座が恋した瞬間を。","Expert","11.0","11.1","0.1","상향",""
"Recital Grd","1855","春の歌","Normal","3.0","3.4","0.4","상향",""
"Recital Grd","1856","春の歌","Hard","4.0","4.5","0.5","상향",""
"Recital Grd","1857","春の歌","Expert","8.0","8.5","0.5","상향",""
"Recital Grd","1858","晴天Bon Voyage","Normal","3.0","2.7","-0.3","하향",""
"Recital Grd","1859","晴天Bon Voyage","Hard","6.0","5.8","-0.2","하향",""
"Recital Grd","1860","晴天Bon Voyage","Expert","10.0","9.6","-0.4","하향",""
"Recital Grd","1861","晴天Bon Voyage","Real","11.9","11.6","-0.3","하향",""
"Recital Grd","1862","最小三倍完全数(NOSTALGIA Style)","Normal","5.0","4.6","-0.4","하향",""
"Recital Grd","1863","最小三倍完全数(NOSTALGIA Style)","Hard","8.0","7.9","-0.1","하향",""
"Recital Grd","1864","最小三倍完全数(NOSTALGIA Style)","Expert","11.0","11.4","0.4","상향",""
"Recital Grd","1865","月に叢雲華に風","Normal","3.0","2.6","-0.4","하향",""
"Recital Grd","1866","月に叢雲華に風","Hard","5.0","5.1","0.1","상향",""
"Recital Grd","1867","月に叢雲華に風","Expert","8.0","8.3","0.3","상향",""
"Recital Grd","1868","月の光","Normal","5.0","4.5","-0.5","하향",""
"Recital Grd","1869","月の光","Hard","6.0","6.1","0.1","상향",""
"Recital Grd","1870","月の光","Expert","7.0","7.3","0.3","상향",""
"Recital Grd","1871","朧","Normal","3.0","2.8","-0.2","하향",""
"Recital Grd","1872","朧","Hard","6.9","6.8","-0.1","하향",""
"Recital Grd","1873","朧","Expert","11.0","10.9","-0.1","하향",""
"Recital Grd","1874","朧","Real","11.9","11.7","-0.2","하향",""
"Recital Grd","1875","木枯らしのエチュード","Normal","4.0","4.5","0.5","상향",""
"Recital Grd","1876","木枯らしのエチュード","Hard","7.9","8.1","0.2","상향",""
"Recital Grd","1878","東洋風幻想曲イスラメイ","Normal","5.0","5.2","0.2","상향",""
"Recital Grd","1879","東洋風幻想曲イスラメイ","Hard","9.0","8.9","-0.1","하향",""
"Recital Grd","1880","東洋風幻想曲イスラメイ","Expert","12.0","12.2","0.2","상향",""
"Recital Grd","1881","東洋風幻想曲イスラメイ","Real","13.4","14.0","0.6","상향",""
"Recital Grd","1883","枕元で聞いた不思議な国のお話","Hard","7.1","7.5","0.4","상향",""
"Recital Grd","1884","枕元で聞いた不思議な国のお話","Expert","10.9","11.1","0.2","상향",""
"Recital Grd","1885","枕元で聞いた不思議な国のお話","Real","12.0","12.2","0.2","상향",""
"Recital Grd","1886","樅の木","Normal","2.0","1.6","-0.4","하향",""
"Recital Grd","1887","樅の木","Hard","6.0","5.5","-0.5","하향",""
"Recital Grd","1888","樅の木","Expert","9.0","8.5","-0.5","하향",""
"Recital Grd","1889","樅の木","Real","12.0","11.5","-0.5","하향",""
"Recital Grd","1890","残日の聲","Normal","5.0","4.9","-0.1","하향",""
"Recital Grd","1891","残日の聲","Hard","7.9","8.1","0.2","상향",""
"Recital Grd","1892","残日の聲","Expert","11.9","11.7","-0.2","하향",""
"Recital Grd","1893","残日の聲","Real","12.5","12.7","0.2","상향",""
"Recital Grd","1894","水の戯れ","Normal","4.0","4.2","0.2","상향",""
"Recital Grd","1895","水の戯れ","Hard","7.0","7.2","0.2","상향",""
"Recital Grd","1896","水の戯れ","Expert","11.1","11.0","-0.1","하향",""
"Recital Grd","1897","水の戯れ","Real","12.7","12.6","-0.1","하향",""
"Recital Grd","1898","水上の音楽よりホーンパイプ","Normal","3.0","3.4","0.4","상향",""
"Recital Grd","1900","水上の音楽よりホーンパイプ","Expert","11.0","10.8","-0.2","하향",""
"Recital Grd","1901","水上の音楽よりホーンパイプ","Real","11.8","11.6","-0.2","하향",""
"Recital Grd","1903","水恋アダージョ","Hard","6.0","5.9","-0.1","하향",""
"Recital Grd","1904","水恋アダージョ","Expert","10.1","10.0","-0.1","하향",""
"Recital Grd","1905","水晶塔のオルカ","Normal","5.0","5.1","0.1","상향",""
"Recital Grd","1906","水晶塔のオルカ","Hard","7.9","7.8","-0.1","하향",""
"Recital Grd","1907","水晶塔のオルカ","Expert","11.0","11.1","0.1","상향",""
"Recital Grd","1908","水晶塔のオルカ","Real","12.6","12.7","0.1","상향",""
"Recital Grd","1909","氷上の激情","Normal","4.0","3.9","-0.1","하향",""
"Recital Grd","1910","氷上の激情","Hard","6.1","6.3","0.2","상향",""
"Recital Grd","1911","氷上の激情","Expert","11.0","11.2","0.2","상향",""
"Recital Grd","1914","波と凪の挟間で","Hard","7.0","7.1","0.1","상향",""
"Recital Grd","1916","波と凪の挟間で","Real","12.1","12.2","0.1","상향",""
"Recital Grd","1917","流砂の嵐 (BEMANI SYMPHONY Arr.)","Normal","4.0","4.3","0.3","상향",""
"Recital Grd","1919","流砂の嵐 (BEMANI SYMPHONY Arr.)","Expert","10.9","11.0","0.1","상향",""
"Recital Grd","1921","海神 (BEMANI SYMPHONY Arr.)","Normal","4.0","4.2","0.2","상향",""
"Recital Grd","1922","海神 (BEMANI SYMPHONY Arr.)","Hard","8.0","7.7","-0.3","하향",""
"Recital Grd","1923","海神 (BEMANI SYMPHONY Arr.)","Expert","11.9","11.8","-0.1","하향",""
"Recital Grd","1925","深海の夢","Normal","4.0","3.8","-0.2","하향",""
"Recital Grd","1926","深海の夢","Hard","7.0","7.1","0.1","상향",""
"Recital Grd","1927","深海の夢","Expert","10.0","10.4","0.4","상향",""
"Recital Grd","1928","深海の夢","Real","11.0","11.3","0.3","상향",""
"Recital Grd","1929","滅びに至るエランプシス","Normal","4.0","3.8","-0.2","하향",""
"Recital Grd","1931","滅びに至るエランプシス","Expert","10.9","10.8","-0.1","하향",""
"Recital Grd","1933","熊蜂の飛行","Normal","3.0","2.5","-0.5","하향",""
"Recital Grd","1934","熊蜂の飛行","Hard","7.9","7.5","-0.4","하향",""
"Recital Grd","1935","熊蜂の飛行","Expert","12.1","11.8","-0.3","하향",""
"Recital Grd","1936","熊蜂の飛行","Real","13.5","13.4","-0.1","하향",""
"Recital Grd","1937","熱砂のバザルドュズ","Normal","5.0","4.8","-0.2","하향",""
"Recital Grd","1939","熱砂のバザルドュズ","Expert","11.0","11.2","0.2","상향",""
"Recital Grd","1941","狂水一華","Normal","4.0","4.2","0.2","상향",""
"Recital Grd","1942","狂水一華","Hard","8.0","7.8","-0.2","하향",""
"Recital Grd","1943","狂水一華","Expert","10.9","10.7","-0.2","하향",""
"Recital Grd","1945","猫のワルツ","Normal","4.0","3.8","-0.2","하향",""
"Recital Grd","1946","猫のワルツ","Hard","8.0","7.5","-0.5","하향",""
"Recital Grd","1947","猫のワルツ","Expert","11.0","10.8","-0.2","하향",""
"Recital Grd","1949","猫侍の逆襲","Normal","4.0","3.9","-0.1","하향",""
"Recital Grd","1950","猫侍の逆襲","Hard","6.0","5.9","-0.1","하향",""
"Recital Grd","1951","猫侍の逆襲","Expert","10.9","11.2","0.3","상향",""
"Recital Grd","1952","猫侍の逆襲","Real","12.4","12.5","0.1","상향",""
"Recital Grd","1953","琥珀のくちづけ ～まり花＆一舞 duet edition～","Normal","3.0","3.2","0.2","상향",""
"Recital Grd","1954","琥珀のくちづけ ～まり花＆一舞 duet edition～","Hard","6.9","6.7","-0.2","하향",""
"Recital Grd","1955","琥珀のくちづけ ～まり花＆一舞 duet edition～","Expert","10.9","11.0","0.1","상향",""
"Recital Grd","1956","琥珀のくちづけ ～まり花＆一舞 duet edition～","Real","12.0","12.2","0.2","상향",""
"Recital Grd","1957","琥珀の夢","Normal","2.0","1.6","-0.4","하향",""
"Recital Grd","1958","琥珀の夢","Hard","5.0","4.6","-0.4","하향",""
"Recital Grd","1959","琥珀の夢","Expert","9.0","8.5","-0.5","하향",""
"Recital Grd","1960","琥珀の夢","Real","10.9","10.5","-0.4","하향",""
"Recital Grd","1961","神々が恋した幻想郷","Normal","3.0","3.3","0.3","상향",""
"Recital Grd","1962","神々が恋した幻想郷","Hard","7.0","6.9","-0.1","하향",""
"Recital Grd","1963","神々が恋した幻想郷","Expert","10.1","10.0","-0.1","하향",""
"Recital Grd","1964","神話に芽吹く","Normal","4.0","3.5","-0.5","하향",""
"Recital Grd","1965","神話に芽吹く","Hard","7.0","6.9","-0.1","하향",""
"Recital Grd","1966","神話に芽吹く","Expert","11.9","11.6","-0.3","하향",""
"Recital Grd","1967","管弦楽組曲第2番より「バディヌリー」","Normal","3.0","3.2","0.2","상향",""
"Recital Grd","1968","管弦楽組曲第2番より「バディヌリー」","Hard","7.0","7.2","0.2","상향",""
"Recital Grd","1969","管弦楽組曲第2番より「バディヌリー」","Expert","12.0","11.9","-0.1","하향",""
"Recital Grd","1971","紡ぎ歌","Normal","4.0","4.1","0.1","상향",""
"Recital Grd","1973","紡ぎ歌","Expert","9.0","9.1","0.1","상향",""
"Recital Grd","1974","累乗のカルマ","Normal","5.0","4.5","-0.5","하향",""
"Recital Grd","1975","累乗のカルマ","Hard","8.0","7.5","-0.5","하향",""
"Recital Grd","1976","累乗のカルマ","Expert","11.9","11.5","-0.4","하향",""
"Recital Grd","1979","終曲「黒の狂」","Hard","9.0","8.7","-0.3","하향",""
"Recital Grd","1980","終曲「黒の狂」","Expert","12.0","12.2","0.2","상향",""
"Recital Grd","1981","終曲「黒の狂」","Real","13.1","13.2","0.1","상향",""
"Recital Grd","1982","終曲・改「三儀の凱奏」","Normal","5.0","5.3","0.3","상향",""
"Recital Grd","1983","終曲・改「三儀の凱奏」","Hard","9.9","9.6","-0.3","하향",""
"Recital Grd","1984","終曲・改「三儀の凱奏」","Expert","12.0","12.2","0.2","상향",""
"Recital Grd","1985","終曲・改「三儀の凱奏」","Real","13.4","14.0","0.6","상향",""
"Recital Grd","1986","結婚行進曲","Normal","2.0","2.2","0.2","상향",""
"Recital Grd","1988","結婚行進曲","Expert","10.1","10.5","0.4","상향",""
"Recital Grd","1989","結婚行進曲","Real","11.9","11.7","-0.2","하향",""
"Recital Grd","1990","絵画的練習曲「音の絵」第6曲「赤ずきんと狼」","Normal","5.0","4.7","-0.3","하향",""
"Recital Grd","1991","絵画的練習曲「音の絵」第6曲「赤ずきんと狼」","Hard","8.9","8.6","-0.3","하향",""
"Recital Grd","1992","絵画的練習曲「音の絵」第6曲「赤ずきんと狼」","Expert","11.8","11.9","0.1","상향",""
"Recital Grd","1993","絵画的練習曲「音の絵」第6曲「赤ずきんと狼」","Real","13.4","13.8","0.4","상향",""
"Recital Grd","1994","綠の風","Normal","2.0","2.2","0.2","상향",""
"Recital Grd","1995","綠の風","Hard","4.1","4.5","0.4","상향",""
"Recital Grd","1996","綠の風","Expert","6.0","6.3","0.3","상향",""
"Recital Grd","1997","羊皮紙の上の銀河","Normal","4.0","4.3","0.3","상향",""
"Recital Grd","1998","羊皮紙の上の銀河","Hard","5.0","5.4","0.4","상향",""
"Recital Grd","1999","羊皮紙の上の銀河","Expert","9.0","9.1","0.1","상향",""
"Recital Grd","2001","至上のラトゥーリア","Normal","4.0","4.1","0.1","상향",""
"Recital Grd","2003","至上のラトゥーリア","Expert","11.0","10.8","-0.2","하향",""
"Recital Grd","2004","至上のラトゥーリア","Real","12.0","11.8","-0.2","하향",""
"Recital Grd","2005","花のやくそく","Normal","2.0","1.9","-0.1","하향",""
"Recital Grd","2006","花のやくそく","Hard","5.0","5.3","0.3","상향",""
"Recital Grd","2007","花のやくそく","Expert","6.0","6.5","0.5","상향",""
"Recital Grd","2008","花のように微笑むように","Normal","3.0","3.1","0.1","상향",""
"Recital Grd","2009","花のように微笑むように","Hard","6.9","6.7","-0.2","하향",""
"Recital Grd","2010","花のように微笑むように","Expert","10.0","10.2","0.2","상향",""
"Recital Grd","2011","花の歌","Normal","3.0","2.8","-0.2","하향",""
"Recital Grd","2012","花の歌","Hard","5.0","4.9","-0.1","하향",""
"Recital Grd","2013","花の歌","Expert","11.1","10.6","-0.5","하향",""
"Recital Grd","2014","花は折りたし梢は高し","Normal","3.0","2.7","-0.3","하향",""
"Recital Grd","2015","花は折りたし梢は高し","Hard","6.0","5.7","-0.3","하향",""
"Recital Grd","2016","花は折りたし梢は高し","Expert","10.0","9.9","-0.1","하향",""
"Recital Grd","2018","英雄ポロネーズ","Normal","6.0","5.7","-0.3","하향",""
"Recital Grd","2019","英雄ポロネーズ","Hard","7.0","7.3","0.3","상향",""
"Recital Grd","2020","英雄ポロネーズ","Expert","11.0","11.4","0.4","상향",""
"Recital Grd","2022","華麗なるニョアの剣舞","Normal","4.0","3.6","-0.4","하향",""
"Recital Grd","2023","華麗なるニョアの剣舞","Hard","7.9","7.7","-0.2","하향",""
"Recital Grd","2024","華麗なるニョアの剣舞","Expert","12.0","11.6","-0.4","하향",""
"Recital Grd","2025","華麗なるニョアの剣舞","Real","12.9","12.8","-0.1","하향",""
"Recital Grd","2026","華麗なる大円舞曲","Normal","4.0","4.3","0.3","상향",""
"Recital Grd","2027","華麗なる大円舞曲","Hard","6.9","7.2","0.3","상향",""
"Recital Grd","2028","華麗なる大円舞曲","Expert","9.8","10.0","0.2","상향",""
"Recital Grd","2029","華麗なる大円舞曲","Real","11.9","12.0","0.1","상향",""
"Recital Grd","2030","蒼氷のフラグメント","Normal","3.0","3.2","0.2","상향",""
"Recital Grd","2031","蒼氷のフラグメント","Hard","6.0","6.1","0.1","상향",""
"Recital Grd","2032","蒼氷のフラグメント","Expert","11.0","10.6","-0.4","하향",""
"Recital Grd","2033","蒼氷のフラグメント","Real","12.5","12.3","-0.2","하향",""
"Recital Grd","2034","虚空を飛ぶ鳥は誰の夢を見るか","Normal","3.0","3.4","0.4","상향",""
"Recital Grd","2035","虚空を飛ぶ鳥は誰の夢を見るか","Hard","7.0","7.4","0.4","상향",""
"Recital Grd","2036","虚空を飛ぶ鳥は誰の夢を見るか","Expert","12.0","11.9","-0.1","하향",""
"Recital Grd","2037","虹色の花","Normal","4.0","3.7","-0.3","하향",""
"Recital Grd","2038","虹色の花","Hard","6.0","6.1","0.1","상향",""
"Recital Grd","2039","虹色の花","Expert","10.9","10.7","-0.2","하향",""
"Recital Grd","2041","見知らぬ国と人々について","Normal","1.0","1.1","0.1","상향",""
"Recital Grd","2042","見知らぬ国と人々について","Hard","3.0","2.8","-0.2","하향",""
"Recital Grd","2043","見知らぬ国と人々について","Expert","7.1","6.8","-0.3","하향",""
"Recital Grd","2044","見知らぬ国と人々について","Real","10.0","9.5","-0.5","하향",""
"Recital Grd","2045","調子の良い鍛冶屋","Normal","3.0","3.2","0.2","상향",""
"Recital Grd","2046","調子の良い鍛冶屋","Hard","6.0","6.1","0.1","상향",""
"Recital Grd","2047","調子の良い鍛冶屋","Expert","10.9","10.6","-0.3","하향",""
"Recital Grd","2049","貴婦人の乗馬","Normal","3.0","3.4","0.4","상향",""
"Recital Grd","2050","貴婦人の乗馬","Hard","6.0","6.2","0.2","상향",""
"Recital Grd","2051","貴婦人の乗馬","Expert","10.0","9.7","-0.3","하향",""
"Recital Grd","2052","走れメロンパン","Normal","2.0","1.7","-0.3","하향",""
"Recital Grd","2053","走れメロンパン","Hard","5.1","4.8","-0.3","하향",""
"Recital Grd","2054","走れメロンパン","Expert","9.0","8.7","-0.3","하향",""
"Recital Grd","2056","踊るあやつり人形","Normal","3.0","3.3","0.3","상향",""
"Recital Grd","2057","踊るあやつり人形","Hard","6.0","6.3","0.3","상향",""
"Recital Grd","2058","踊るあやつり人形","Expert","10.9","10.6","-0.3","하향",""
"Recital Grd","2059","踊るあやつり人形","Real","12.0","12.1","0.1","상향",""
"Recital Grd","2060","軍隊行進曲第1番","Normal","4.0","4.1","0.1","상향",""
"Recital Grd","2061","軍隊行進曲第1番","Hard","6.0","6.3","0.3","상향",""
"Recital Grd","2062","軍隊行進曲第1番","Expert","11.0","11.4","0.4","상향",""
"Recital Grd","2063","轟け！恋のビーンボール！！","Normal","4.0","3.7","-0.3","하향",""
"Recital Grd","2064","轟け！恋のビーンボール！！","Hard","8.0","7.6","-0.4","하향",""
"Recital Grd","2065","轟け！恋のビーンボール！！","Expert","11.9","11.7","-0.2","하향",""
"Recital Grd","2066","轟け！恋のビーンボール！！","Real","12.4","12.6","0.2","상향",""
"Recital Grd","2067","追憶のアラウカリア","Normal","4.0","3.8","-0.2","하향",""
"Recital Grd","2068","追憶のアラウカリア","Hard","7.0","6.9","-0.1","하향",""
"Recital Grd","2069","追憶のアラウカリア","Expert","11.0","11.3","0.3","상향",""
"Recital Grd","2071","追憶のアリア","Normal","3.0","2.9","-0.1","하향",""
"Recital Grd","2072","追憶のアリア","Hard","6.0","6.1","0.1","상향",""
"Recital Grd","2073","追憶のアリア","Expert","8.9","8.8","-0.1","하향",""
"Recital Grd","2074","追憶のアリア","Real","12.0","11.9","-0.1","하향",""
"Recital Grd","2076","追憶の変奏曲","Hard","7.0","6.9","-0.1","하향",""
"Recital Grd","2077","追憶の変奏曲","Expert","12.0","11.8","-0.2","하향",""
"Recital Grd","2078","追憶の変奏曲","Real","12.5","12.6","0.1","상향",""
"Recital Grd","2079","逆さま(ハート)シンデレラパレード","Normal","3.0","3.1","0.1","상향",""
"Recital Grd","2081","逆さま(ハート)シンデレラパレード","Expert","10.1","10.3","0.2","상향",""
"Recital Grd","2083","遠い世界の時と空","Normal","4.0","4.1","0.1","상향",""
"Recital Grd","2084","遠い世界の時と空","Hard","7.1","7.2","0.1","상향",""
"Recital Grd","2085","遠い世界の時と空","Expert","10.0","10.2","0.2","상향",""
"Recital Grd","2086","遠い世界の時と空","Real","11.9","11.8","-0.1","하향",""
"Recital Grd","2088","野ばら","Hard","7.0","6.8","-0.2","하향",""
"Recital Grd","2090","野ばら","Real","12.6","12.7","0.1","상향",""
"Recital Grd","2091","量子の海のリントヴルム","Normal","3.0","2.9","-0.1","하향",""
"Recital Grd","2092","量子の海のリントヴルム","Hard","7.0","6.8","-0.2","하향",""
"Recital Grd","2093","量子の海のリントヴルム","Expert","10.9","10.7","-0.2","하향",""
"Recital Grd","2096","量子の海のリントヴルム (BEMANI SYMPHONY NOSTALGIA mix)","Hard","6.9","6.8","-0.1","하향",""
"Recital Grd","2097","量子の海のリントヴルム (BEMANI SYMPHONY NOSTALGIA mix)","Expert","11.0","11.2","0.2","상향",""
"Recital Grd","2099","鋳鉄の檻","Normal","3.0","2.7","-0.3","하향",""
"Recital Grd","2100","鋳鉄の檻","Hard","7.0","6.7","-0.3","하향",""
"Recital Grd","2101","鋳鉄の檻","Expert","11.0","11.1","0.1","상향",""
"Recital Grd","2102","鋳鉄の檻","Real","12.5","12.7","0.2","상향",""
"Recital Grd","2103","防人恋歌","Normal","4.0","4.2","0.2","상향",""
"Recital Grd","2104","防人恋歌","Hard","6.0","6.4","0.4","상향",""
"Recital Grd","2106","防人恋歌","Real","11.0","10.9","-0.1","하향",""
"Recital Grd","2107","隅田川夏恋歌","Normal","4.0","4.4","0.4","상향",""
"Recital Grd","2108","隅田川夏恋歌","Hard","8.0","8.1","0.1","상향",""
"Recital Grd","2109","隅田川夏恋歌","Expert","12.0","11.7","-0.3","하향",""
"Recital Grd","2110","隅田川夏恋歌","Real","11.9","12.1","0.2","상향",""
"Recital Grd","2111","雫","Normal","4.0","4.4","0.4","상향",""
"Recital Grd","2112","雫","Hard","8.0","7.8","-0.2","하향",""
"Recital Grd","2113","雫","Expert","11.9","11.7","-0.2","하향",""
"Recital Grd","2114","零と弌の鍵の唄","Normal","4.0","4.1","0.1","상향",""
"Recital Grd","2116","零と弌の鍵の唄","Expert","11.9","11.5","-0.4","하향",""
"Recital Grd","2117","零と弌の鍵の唄","Real","12.5","12.6","0.1","상향",""
"Recital Grd","2118","霖が哭く","Normal","5.0","5.5","0.5","상향",""
"Recital Grd","2119","霖が哭く","Hard","8.9","8.7","-0.2","하향",""
"Recital Grd","2120","霖が哭く","Expert","11.9","11.7","-0.2","하향",""
"Recital Grd","2121","静謐なる揺籃","Normal","3.0","3.2","0.2","상향",""
"Recital Grd","2122","静謐なる揺籃","Hard","6.0","6.4","0.4","상향",""
"Recital Grd","2123","静謐なる揺籃","Expert","10.1","10.5","0.4","상향",""
"Recital Grd","2124","静謐なる揺籃","Real","12.1","12.2","0.1","상향",""
"Recital Grd","2125","面影橋","Normal","4.0","4.1","0.1","상향",""
"Recital Grd","2126","面影橋","Hard","6.0","6.1","0.1","상향",""
"Recital Grd","2127","面影橋","Expert","10.0","10.1","0.1","상향",""
"Recital Grd","2128","面影橋","Real","11.8","11.6","-0.2","하향",""
"Recital Grd","2129","革命","Normal","6.0","5.7","-0.3","하향",""
"Recital Grd","2130","革命","Hard","9.0","8.7","-0.3","하향",""
"Recital Grd","2131","革命","Expert","11.9","11.7","-0.2","하향",""
"Recital Grd","2132","革命","Real","13.5","13.6","0.1","상향",""
"Recital Grd","2133","風の丘の東","Normal","3.0","3.3","0.3","상향",""
"Recital Grd","2134","風の丘の東","Hard","7.0","6.9","-0.1","하향",""
"Recital Grd","2135","風の丘の東","Expert","10.0","10.1","0.1","상향",""
"Recital Grd","2136","風の丘の東","Real","11.1","11.5","0.4","상향",""
"Recital Grd","2137","風鈴花火","Normal","3.0","3.2","0.2","상향",""
"Recital Grd","2138","風鈴花火","Hard","6.0","6.3","0.3","상향",""
"Recital Grd","2139","風鈴花火","Expert","9.0","9.5","0.5","상향",""
"Recital Grd","2140","飽和世界","Normal","3.0","2.7","-0.3","하향",""
"Recital Grd","2141","飽和世界","Hard","6.0","6.3","0.3","상향",""
"Recital Grd","2142","飽和世界","Expert","7.0","7.4","0.4","상향",""
"Recital Grd","2143","飽和世界","Real","10.0","10.4","0.4","상향",""
"Recital Grd","2144","魔王","Normal","3.0","2.8","-0.2","하향",""
"Recital Grd","2145","魔王","Hard","6.9","7.2","0.3","상향",""
"Recital Grd","2146","魔王","Expert","11.9","12.0","0.1","상향",""
"Recital Grd","2148","魔笛より夜の女王のアリア","Normal","4.0","3.9","-0.1","하향",""
"Recital Grd","2149","魔笛より夜の女王のアリア","Hard","7.0","6.9","-0.1","하향",""
"Recital Grd","2150","魔笛より夜の女王のアリア","Expert","11.0","11.1","0.1","상향",""
"Recital Grd","2151","魔笛より夜の女王のアリア","Real","12.4","12.5","0.1","상향",""
"Recital Grd","2152","黒緋の白鳥座","Normal","4.0","3.9","-0.1","하향",""
"Recital Grd","2153","黒緋の白鳥座","Hard","7.0","7.3","0.3","상향",""
"Recital Grd","2155","黒緋の白鳥座","Real","11.9","11.8","-0.1","하향",""
"Recital Grd","2156","４つの音の終止点によるimpromptu","Normal","4.0","4.1","0.1","상향",""
"Recital Grd","2157","４つの音の終止点によるimpromptu","Hard","7.9","7.7","-0.2","하향",""
"Recital Grd","2158","４つの音の終止点によるimpromptu","Expert","11.9","11.5","-0.4","하향",""
"Recital Grd","2159","４つの音の終止点によるimpromptu","Real","12.5","12.7","0.2","상향",""
"Recital Grd","2167","ピアノ協奏曲第1番“蠍火”","Real","13.5","13.9","0.4","상향",""
"Recital Grd","2243","Pink Rose","Real","10.9","11.1","0.2","상향",""
"Recital Grd","2472","Towards the TOWER","Real","12.5","12.4","-0.1","하향",""
"Recital Grd","3878","音楽","Normal","","5.5","","신규",""
"Recital Grd","3879","音楽","Hard","9.9","9.6","-0.3","하향",""
"Recital Grd","3880","音楽","Expert","12.0","12.1","0.1","상향",""
"Recital Grd","3881","音楽","Real","13.4","13.7","0.3","상향",""
"Recital Grd","3885","Just Be Friends","Real","11.0","10.9","-0.1","하향",""
"Recital Grd","3934","Somebody Stole My Gal","Normal","","2.5","","신규",""
"Recital Grd","3935","Somebody Stole My Gal","Hard","6.0","5.5","-0.5","하향",""
"Recital Grd","3936","Somebody Stole My Gal","Expert","9.0","8.6","-0.4","하향",""
"Recital Grd","3937","Somebody Stole My Gal","Real","10.1","9.9","-0.2","하향",""
"Recital Grd","4337","月の光","Real","","10.5","","신규","공식 상수 미확인, 분석용 임시 기준 11.0 사용"
